id,name,email,age,city,signup_date
1,Diana Smith,diana.smith1@example.com,65,Berlin,2021-05-16
2,Heidi Brown,heidi.brown2@example.com,65,London,2023-10-17
3,Rita Johnson,rita.johnson3@example.com,55,Toronto,2020-03-06
4,Alice Johnson,alice.johnson4@example.com,31,Tokyo,2022-10-31
5,Tina Smith,tina.smith5@example.com,53,Tokyo,2024-01-06
6,Rita Garcia,rita.garcia6@example.com,32,Mumbai,2023-04-21
7,Ivan Lee,ivan.lee7@example.com,73,New York,2024-04-03
8,Frank Martin,frank.martin8@example.com,45,Sydney,2021-07-23
9,Eve Taylor,eve.taylor9@example.com,66,Sydney,2020-07-28
10,Charlie Garcia,charlie.garcia10@example.com,24,Sydney,2024-10-01
11,Lena Thomas,lena.thomas11@example.com,34,Pune,2020-03-29
12,Oscar Anderson,oscar.anderson12@example.com,25,Hyderabad,2022-02-14
13,Charlie Anderson,charlie.anderson13@example.com,36,Jaipur,2023-07-11
14,Tina Hall,tina.hall14@example.com,73,Sydney,2023-03-28
15,Grace Martin,grace.martin15@example.com,22,New York,2023-09-16
16,Heidi Lee,heidi.lee16@example.com,36,London,2024-10-17
17,Heidi Walker,heidi.walker17@example.com,24,Toronto,2021-07-23
18,Oscar Moore,oscar.moore18@example.com,71,Sydney,2020-11-29
19,Lena Davis,lena.davis19@example.com,31,Chennai,2021-06-30
20,Charlie Thomas,charlie.thomas20@example.com,58,Paris,2022-12-29
21,Heidi Brown,heidi.brown21@example.com,47,Toronto,2021-07-06
22,Rita Taylor,rita.taylor22@example.com,61,Sydney,2024-09-22
23,Bob Taylor,bob.taylor23@example.com,70,New York,2024-07-06
24,Karl Garcia,karl.garcia24@example.com,35,London,2021-03-08
25,Sam Hall,sam.hall25@example.com,63,Sydney,2021-03-11
26,Pam Garcia,pam.garcia26@example.com,74,Hyderabad,2023-08-09
27,Oscar Brown,oscar.brown27@example.com,34,Paris,2021-05-20
28,Rita Anderson,rita.anderson28@example.com,34,Kolkata,2023-04-12
29,Nina Hall,nina.hall29@example.com,55,Toronto,2022-01-11
30,Heidi Brown,heidi.brown30@example.com,50,Mumbai,2020-07-05
31,Bob Walker,bob.walker31@example.com,25,Paris,2023-07-09
32,Frank Lee,frank.lee32@example.com,61,Toronto,2023-05-06
33,Charlie Garcia,charlie.garcia33@example.com,42,Bangalore,2022-08-16
34,Quinn Miller,quinn.miller34@example.com,53,Jaipur,2025-04-14
35,Alice Moore,alice.moore35@example.com,64,London,2023-10-28
36,Rita Lee,rita.lee36@example.com,35,Pune,2023-08-05
37,Karl Johnson,karl.johnson37@example.com,36,Toronto,2020-11-19
38,Oscar Smith,oscar.smith38@example.com,64,Hyderabad,2024-01-13
39,Ivan Anderson,ivan.anderson39@example.com,66,Paris,2022-11-05
40,Diana Walker,diana.walker40@example.com,58,Berlin,2024-09-19
41,Quinn Thomas,quinn.thomas41@example.com,30,Paris,2022-02-04
42,Frank Anderson,frank.anderson42@example.com,67,Hyderabad,2022-12-22
43,Alice Thomas,alice.thomas43@example.com,38,Mumbai,2020-02-09
44,Diana Hall,diana.hall44@example.com,41,Hyderabad,2024-08-30
45,Judy Taylor,judy.taylor45@example.com,21,Tokyo,2024-12-03
46,Sam Johnson,sam.johnson46@example.com,23,Kolkata,2022-09-22
47,Charlie Lee,charlie.lee47@example.com,52,Pune,2020-09-14
48,Eve Moore,eve.moore48@example.com,48,Delhi,2020-12-04
49,Ivan Anderson,ivan.anderson49@example.com,73,Bangalore,2022-05-16
50,Grace Hall,grace.hall50@example.com,52,Pune,2024-02-03
51,Grace Martin,grace.martin51@example.com,37,Toronto,2023-10-07
52,Lena Wilson,lena.wilson52@example.com,75,Delhi,2022-07-13
53,Diana Taylor,diana.taylor53@example.com,32,London,2021-11-23
54,Alice Thomas,alice.thomas54@example.com,53,Tokyo,2023-04-20
55,Heidi Smith,heidi.smith55@example.com,22,Kolkata,2023-07-16
56,Bob Taylor,bob.taylor56@example.com,22,Hyderabad,2020-03-05
57,Karl Johnson,karl.johnson57@example.com,50,Tokyo,2021-07-24
58,Pam Taylor,pam.taylor58@example.com,52,Paris,2024-01-21
59,Sam Thomas,sam.thomas59@example.com,48,Tokyo,2024-05-25
60,Pam Lee,pam.lee60@example.com,44,Tokyo,2020-07-12
61,Diana Moore,diana.moore61@example.com,45,Sydney,2022-05-17
62,Nina Wilson,nina.wilson62@example.com,73,Kolkata,2020-04-20
63,Diana Smith,diana.smith63@example.com,43,Kolkata,2021-11-25
64,Diana Taylor,diana.taylor64@example.com,30,Tokyo,2023-01-03
65,Oscar Brown,oscar.brown65@example.com,45,Paris,2021-07-24
66,Oscar Taylor,oscar.taylor66@example.com,73,Hyderabad,2020-06-03
67,Oscar Lee,oscar.lee67@example.com,73,Jaipur,2023-02-01
68,Diana Smith,diana.smith68@example.com,59,Delhi,2024-09-08
69,Alice Johnson,alice.johnson69@example.com,66,Jaipur,2021-04-29
70,Frank Garcia,frank.garcia70@example.com,49,Mumbai,2021-03-13
71,Mike Hall,mike.hall71@example.com,21,Paris,2022-02-15
72,Alice Garcia,alice.garcia72@example.com,34,Hyderabad,2024-05-24
73,Oscar Miller,oscar.miller73@example.com,45,Kolkata,2025-05-14
74,Rita Moore,rita.moore74@example.com,63,Mumbai,2020-11-13
75,Grace Miller,grace.miller75@example.com,31,New York,2023-04-01
76,Rita Smith,rita.smith76@example.com,65,Sydney,2020-04-27
77,Bob Thomas,bob.thomas77@example.com,48,Delhi,2025-02-25
78,Quinn Brown,quinn.brown78@example.com,21,Delhi,2020-06-13
79,Frank Johnson,frank.johnson79@example.com,56,London,2023-10-14
80,Heidi Garcia,heidi.garcia80@example.com,25,Hyderabad,2023-03-12
81,Heidi Thomas,heidi.thomas81@example.com,56,New York,2023-06-22
82,Charlie Garcia,charlie.garcia82@example.com,60,Bangalore,2023-03-03
83,Quinn Davis,quinn.davis83@example.com,34,Tokyo,2023-10-03
84,Karl Taylor,karl.taylor84@example.com,34,Toronto,2020-09-25
85,Judy Wilson,judy.wilson85@example.com,38,Hyderabad,2024-03-19
86,Charlie Smith,charlie.smith86@example.com,47,Bangalore,2023-02-27
87,Diana Johnson,diana.johnson87@example.com,52,Tokyo,2022-11-02
88,Ivan Brown,ivan.brown88@example.com,40,Hyderabad,2020-05-20
89,Heidi Davis,heidi.davis89@example.com,36,Paris,2022-06-16
90,Rita Martin,rita.martin90@example.com,37,Bangalore,2024-07-10
91,Quinn Smith,quinn.smith91@example.com,60,Jaipur,2023-02-09
92,Judy Hall,judy.hall92@example.com,60,London,2025-04-06
93,Eve Miller,eve.miller93@example.com,25,Hyderabad,2020-08-07
94,Rita Brown,rita.brown94@example.com,35,Berlin,2023-05-23
95,Grace Martin,grace.martin95@example.com,39,Tokyo,2023-11-08
96,Ivan Anderson,ivan.anderson96@example.com,49,Berlin,2025-01-28
97,Bob Johnson,bob.johnson97@example.com,58,Toronto,2024-08-25
98,Ivan Smith,ivan.smith98@example.com,18,Sydney,2024-04-28
99,Eve Moore,eve.moore99@example.com,34,Paris,2024-02-27
100,Oscar Anderson,oscar.anderson100@example.com,63,Toronto,2023-02-22
101,Alice Johnson,alice.johnson101@example.com,22,Hyderabad,2023-11-16
102,Eve Anderson,eve.anderson102@example.com,20,Jaipur,2022-01-26
103,Sam Anderson,sam.anderson103@example.com,27,Toronto,2020-09-18
104,Bob Miller,bob.miller104@example.com,41,Hyderabad,2025-03-25
105,Bob Hall,bob.hall105@example.com,40,Tokyo,2023-10-28
106,Heidi Moore,heidi.moore106@example.com,24,Sydney,2024-05-16
107,Rita Hall,rita.hall107@example.com,73,Toronto,2025-06-17
108,Tina Martin,tina.martin108@example.com,27,Hyderabad,2025-03-19
109,Heidi Walker,heidi.walker109@example.com,28,Pune,2024-07-18
110,Frank Hall,frank.hall110@example.com,44,New York,2021-01-02
111,Karl Lee,karl.lee111@example.com,44,Pune,2023-10-03
112,Heidi Miller,heidi.miller112@example.com,28,Pune,2023-12-07
113,Diana Garcia,diana.garcia113@example.com,73,New York,2024-10-24
114,Pam Taylor,pam.taylor114@example.com,30,Jaipur,2025-02-23
115,Oscar Davis,oscar.davis115@example.com,37,Jaipur,2024-06-16
116,Heidi Taylor,heidi.taylor116@example.com,19,Chennai,2021-01-30
117,Mike Davis,mike.davis117@example.com,35,Jaipur,2020-05-22
118,Ivan Davis,ivan.davis118@example.com,59,Delhi,2022-03-29
119,Rita Davis,rita.davis119@example.com,19,London,2024-12-01
120,Ivan Brown,ivan.brown120@example.com,55,Berlin,2020-03-19
121,Diana Thomas,diana.thomas121@example.com,45,Sydney,2024-02-01
122,Karl Garcia,karl.garcia122@example.com,56,Delhi,2020-08-24
123,Mike Hall,mike.hall123@example.com,54,Tokyo,2021-06-05
124,Bob Martin,bob.martin124@example.com,45,New York,2022-11-30
125,Rita Moore,rita.moore125@example.com,64,Kolkata,2024-02-18
126,Grace Davis,grace.davis126@example.com,45,London,2025-04-27
127,Karl Thomas,karl.thomas127@example.com,38,Chennai,2024-10-02
128,Diana Martin,diana.martin128@example.com,75,Berlin,2022-11-04
129,Judy Moore,judy.moore129@example.com,44,Sydney,2022-04-04
130,Judy Anderson,judy.anderson130@example.com,26,Tokyo,2022-05-11
131,Mike Moore,mike.moore131@example.com,65,Hyderabad,2020-12-22
132,Tina Thomas,tina.thomas132@example.com,37,Toronto,2023-01-27
133,Alice Miller,alice.miller133@example.com,36,Tokyo,2022-05-30
134,Sam Thomas,sam.thomas134@example.com,59,Sydney,2022-08-10
135,Oscar Wilson,oscar.wilson135@example.com,61,Tokyo,2022-11-12
136,Pam Lee,pam.lee136@example.com,75,Pune,2024-02-16
137,Frank Moore,frank.moore137@example.com,23,Berlin,2022-11-21
138,Tina Davis,tina.davis138@example.com,23,Jaipur,2025-05-03
139,Heidi Moore,heidi.moore139@example.com,37,Tokyo,2024-07-09
140,Grace Brown,grace.brown140@example.com,19,New York,2021-05-16
141,Pam Thomas,pam.thomas141@example.com,72,Pune,2020-05-29
142,Oscar Garcia,oscar.garcia142@example.com,74,Chennai,2023-03-24
143,Grace Martin,grace.martin143@example.com,62,Toronto,2022-10-09
144,Mike Taylor,mike.taylor144@example.com,27,Chennai,2023-11-09
145,Alice Hall,alice.hall145@example.com,66,Jaipur,2024-04-26
146,Diana Lee,diana.lee146@example.com,45,Tokyo,2020-12-26
147,Quinn Wilson,quinn.wilson147@example.com,21,Delhi,2021-05-25
148,Diana Wilson,diana.wilson148@example.com,26,Pune,2022-08-09
149,Quinn Anderson,quinn.anderson149@example.com,56,Sydney,2025-04-29
150,Oscar Thomas,oscar.thomas150@example.com,70,Kolkata,2024-12-31
151,Quinn Garcia,quinn.garcia151@example.com,71,Hyderabad,2023-01-27
152,Oscar Hall,oscar.hall152@example.com,28,Kolkata,2024-10-30
153,Pam Wilson,pam.wilson153@example.com,34,Pune,2021-05-21
154,Ivan Lee,ivan.lee154@example.com,67,Delhi,2022-09-19
155,Heidi Miller,heidi.miller155@example.com,46,London,2024-01-01
156,Judy Taylor,judy.taylor156@example.com,35,Sydney,2021-10-16
157,Rita Johnson,rita.johnson157@example.com,26,Paris,2021-04-18
158,Mike Martin,mike.martin158@example.com,27,Kolkata,2021-03-14
159,Charlie Garcia,charlie.garcia159@example.com,44,Sydney,2023-01-16
160,Oscar Garcia,oscar.garcia160@example.com,21,Tokyo,2024-09-01
161,Nina Garcia,nina.garcia161@example.com,75,Pune,2023-04-11
162,Alice Walker,alice.walker162@example.com,74,Pune,2023-03-25
163,Mike Wilson,mike.wilson163@example.com,18,Sydney,2021-09-03
164,Mike Walker,mike.walker164@example.com,75,Jaipur,2022-05-08
165,Rita Martin,rita.martin165@example.com,65,Delhi,2024-06-26
166,Tina Hall,tina.hall166@example.com,32,Mumbai,2021-03-25
167,Ivan Garcia,ivan.garcia167@example.com,49,New York,2022-03-07
168,Karl Moore,karl.moore168@example.com,61,Pune,2022-04-08
169,Frank Walker,frank.walker169@example.com,47,Hyderabad,2020-09-18
170,Tina Anderson,tina.anderson170@example.com,19,Hyderabad,2022-03-17
171,Sam Thomas,sam.thomas171@example.com,60,New York,2020-06-20
172,Nina Brown,nina.brown172@example.com,73,Mumbai,2021-01-07
173,Bob Miller,bob.miller173@example.com,42,Sydney,2021-03-09
174,Oscar Davis,oscar.davis174@example.com,39,Pune,2024-12-06
175,Mike Miller,mike.miller175@example.com,66,Jaipur,2022-05-13
176,Ivan Walker,ivan.walker176@example.com,23,Mumbai,2020-02-09
177,Rita Smith,rita.smith177@example.com,40,Tokyo,2023-08-24
178,Charlie Lee,charlie.lee178@example.com,59,New York,2024-03-24
179,Alice Taylor,alice.taylor179@example.com,30,Jaipur,2020-02-11
180,Tina Brown,tina.brown180@example.com,33,Paris,2022-08-27
181,Diana Thomas,diana.thomas181@example.com,31,Mumbai,2023-12-03
182,Ivan Lee,ivan.lee182@example.com,41,Paris,2023-05-25
183,Tina Martin,tina.martin183@example.com,63,London,2024-05-11
184,Frank Miller,frank.miller184@example.com,24,Bangalore,2020-02-22
185,Judy Thomas,judy.thomas185@example.com,61,Hyderabad,2025-05-16
186,Mike Garcia,mike.garcia186@example.com,63,Tokyo,2020-06-04
187,Sam Martin,sam.martin187@example.com,71,Chennai,2021-05-12
188,Diana Martin,diana.martin188@example.com,67,Berlin,2024-10-07
189,Tina Lee,tina.lee189@example.com,25,Pune,2023-03-05
190,Bob Davis,bob.davis190@example.com,52,Toronto,2023-09-16
191,Lena Johnson,lena.johnson191@example.com,50,Chennai,2021-11-29
192,Alice Walker,alice.walker192@example.com,44,Jaipur,2022-09-30
193,Diana Garcia,diana.garcia193@example.com,41,Chennai,2024-12-30
194,Oscar Martin,oscar.martin194@example.com,27,Toronto,2020-12-26
195,Quinn Moore,quinn.moore195@example.com,35,Bangalore,2024-07-13
196,Rita Lee,rita.lee196@example.com,48,Mumbai,2022-06-11
197,Sam Miller,sam.miller197@example.com,38,Jaipur,2021-05-17
198,Charlie Miller,charlie.miller198@example.com,74,Mumbai,2021-05-14
199,Oscar Thomas,oscar.thomas199@example.com,57,Chennai,2022-02-15
200,Karl Smith,karl.smith200@example.com,49,Jaipur,2021-10-27
201,Frank Wilson,frank.wilson201@example.com,31,Sydney,2024-06-21
202,Ivan Davis,ivan.davis202@example.com,35,Hyderabad,2023-05-05
203,Ivan Anderson,ivan.anderson203@example.com,18,Delhi,2025-04-25
204,Grace Johnson,grace.johnson204@example.com,33,Kolkata,2022-04-12
205,Pam Anderson,pam.anderson205@example.com,66,Tokyo,2023-11-15
206,Pam Moore,pam.moore206@example.com,63,Mumbai,2022-07-06
207,Alice Johnson,alice.johnson207@example.com,36,Tokyo,2022-04-08
208,Heidi Miller,heidi.miller208@example.com,60,Bangalore,2022-01-25
209,Pam Anderson,pam.anderson209@example.com,51,Sydney,2022-05-21
210,Rita Davis,rita.davis210@example.com,40,Kolkata,2022-07-18
211,Ivan Miller,ivan.miller211@example.com,34,Tokyo,2020-09-04
212,Grace Davis,grace.davis212@example.com,25,Kolkata,2023-01-02
213,Frank Taylor,frank.taylor213@example.com,31,Kolkata,2022-09-18
214,Ivan Martin,ivan.martin214@example.com,55,Pune,2022-12-10
215,Tina Miller,tina.miller215@example.com,24,Jaipur,2021-02-01
216,Judy Taylor,judy.taylor216@example.com,41,Paris,2021-09-11
217,Alice Martin,alice.martin217@example.com,52,Paris,2021-07-15
218,Bob Smith,bob.smith218@example.com,53,Berlin,2023-11-29
219,Eve Moore,eve.moore219@example.com,73,Pune,2022-10-02
220,Diana Walker,diana.walker220@example.com,18,Bangalore,2021-08-05
221,Pam Wilson,pam.wilson221@example.com,46,Sydney,2021-01-12
222,Bob Miller,bob.miller222@example.com,73,Mumbai,2020-08-21
223,Charlie Garcia,charlie.garcia223@example.com,49,London,2023-03-27
224,Bob Brown,bob.brown224@example.com,27,Pune,2023-02-26
225,Judy Johnson,judy.johnson225@example.com,33,London,2023-02-16
226,Nina Thomas,nina.thomas226@example.com,56,Pune,2023-06-20
227,Heidi Lee,heidi.lee227@example.com,51,Toronto,2022-07-11
228,Oscar Miller,oscar.miller228@example.com,73,Bangalore,2022-05-28
229,Judy Thomas,judy.thomas229@example.com,57,New York,2023-06-02
230,Diana Lee,diana.lee230@example.com,31,Chennai,2021-03-08
231,Ivan Moore,ivan.moore231@example.com,23,Paris,2021-05-06
232,Frank Anderson,frank.anderson232@example.com,22,Paris,2020-01-06
233,Nina Wilson,nina.wilson233@example.com,62,Bangalore,2022-08-20
234,Judy Smith,judy.smith234@example.com,32,Berlin,2023-12-18
235,Judy Martin,judy.martin235@example.com,73,Mumbai,2020-05-25
236,Heidi Hall,heidi.hall236@example.com,34,Pune,2024-06-08
237,Sam Moore,sam.moore237@example.com,69,Hyderabad,2021-02-09
238,Nina Johnson,nina.johnson238@example.com,52,Tokyo,2023-08-19
239,Eve Hall,eve.hall239@example.com,35,Jaipur,2020-10-18
240,Charlie Smith,charlie.smith240@example.com,28,Pune,2021-09-21
241,Tina Martin,tina.martin241@example.com,70,Bangalore,2025-03-01
242,Judy Wilson,judy.wilson242@example.com,25,Mumbai,2023-11-11
243,Judy Martin,judy.martin243@example.com,43,Berlin,2022-10-21
244,Rita Wilson,rita.wilson244@example.com,46,London,2023-05-09
245,Bob Hall,bob.hall245@example.com,45,Kolkata,2021-10-22
246,Tina Miller,tina.miller246@example.com,19,London,2021-04-13
247,Sam Thomas,sam.thomas247@example.com,19,Pune,2023-10-08
248,Ivan Thomas,ivan.thomas248@example.com,20,Pune,2024-03-28
249,Frank Wilson,frank.wilson249@example.com,51,Chennai,2022-06-24
250,Ivan Brown,ivan.brown250@example.com,55,Toronto,2023-07-24
251,Pam Johnson,pam.johnson251@example.com,48,Sydney,2022-04-16
252,Karl Davis,karl.davis252@example.com,60,London,2024-10-22
253,Frank Davis,frank.davis253@example.com,44,Kolkata,2022-10-11
254,Judy Moore,judy.moore254@example.com,43,Jaipur,2024-04-06
255,Rita Smith,rita.smith255@example.com,47,London,2021-10-06
256,Ivan Davis,ivan.davis256@example.com,25,Pune,2022-04-07
257,Quinn Walker,quinn.walker257@example.com,18,Chennai,2024-11-15
258,Rita Wilson,rita.wilson258@example.com,44,New York,2021-01-19
259,Quinn Davis,quinn.davis259@example.com,57,Pune,2022-10-17
260,Oscar Lee,oscar.lee260@example.com,21,Tokyo,2021-06-30
261,Rita Brown,rita.brown261@example.com,36,Mumbai,2024-12-08
262,Pam Johnson,pam.johnson262@example.com,19,Chennai,2023-05-31
263,Heidi Martin,heidi.martin263@example.com,28,Berlin,2023-02-02
264,Alice Anderson,alice.anderson264@example.com,44,London,2021-04-05
265,Diana Wilson,diana.wilson265@example.com,25,Chennai,2024-08-31
266,Eve Wilson,eve.wilson266@example.com,63,Berlin,2022-11-08
267,Ivan Garcia,ivan.garcia267@example.com,71,Mumbai,2022-08-25
268,Heidi Wilson,heidi.wilson268@example.com,53,Paris,2022-02-24
269,Grace Hall,grace.hall269@example.com,56,Delhi,2024-03-08
270,Eve Walker,eve.walker270@example.com,22,Berlin,2024-05-01
271,Nina Davis,nina.davis271@example.com,68,Delhi,2021-07-01
272,Alice Miller,alice.miller272@example.com,64,Berlin,2024-09-11
273,Sam Thomas,sam.thomas273@example.com,60,Mumbai,2024-11-07
274,Eve Wilson,eve.wilson274@example.com,52,Mumbai,2021-12-07
275,Karl Anderson,karl.anderson275@example.com,66,Delhi,2022-02-11
276,Oscar Hall,oscar.hall276@example.com,38,Jaipur,2021-01-21
277,Heidi Thomas,heidi.thomas277@example.com,42,Tokyo,2024-10-19
278,Nina Smith,nina.smith278@example.com,38,Kolkata,2022-08-26
279,Mike Garcia,mike.garcia279@example.com,60,Pune,2024-08-07
280,Eve Wilson,eve.wilson280@example.com,20,Paris,2022-10-25
281,Sam Davis,sam.davis281@example.com,73,London,2024-11-25
282,Oscar Johnson,oscar.johnson282@example.com,51,Hyderabad,2022-07-24
283,Alice Martin,alice.martin283@example.com,27,Toronto,2024-11-18
284,Eve Johnson,eve.johnson284@example.com,48,Pune,2025-06-07
285,Ivan Davis,ivan.davis285@example.com,57,Kolkata,2022-03-25
286,Charlie Walker,charlie.walker286@example.com,39,Jaipur,2023-10-13
287,Rita Garcia,rita.garcia287@example.com,38,Chennai,2024-01-11
288,Pam Walker,pam.walker288@example.com,52,New York,2023-06-18
289,Charlie Taylor,charlie.taylor289@example.com,58,Chennai,2025-03-01
290,Judy Taylor,judy.taylor290@example.com,65,London,2022-06-07
291,Diana Lee,diana.lee291@example.com,58,Kolkata,2024-11-22
292,Diana Wilson,diana.wilson292@example.com,28,Kolkata,2021-09-05
293,Alice Smith,alice.smith293@example.com,38,Pune,2020-04-24
294,Judy Davis,judy.davis294@example.com,41,Toronto,2020-10-25
295,Heidi Anderson,heidi.anderson295@example.com,44,Bangalore,2023-10-28
296,Frank Brown,frank.brown296@example.com,29,London,2023-06-02
297,Mike Thomas,mike.thomas297@example.com,61,Tokyo,2022-10-16
298,Sam Brown,sam.brown298@example.com,32,Mumbai,2023-07-30
299,Ivan Wilson,ivan.wilson299@example.com,34,Chennai,2020-01-20
300,Oscar Hall,oscar.hall300@example.com,36,Chennai,2023-01-24
301,Frank Johnson,frank.johnson301@example.com,46,Sydney,2023-04-18
302,Judy Moore,judy.moore302@example.com,45,Kolkata,2021-05-27
303,Oscar Walker,oscar.walker303@example.com,37,Tokyo,2022-02-26
304,Pam Johnson,pam.johnson304@example.com,33,Toronto,2023-03-17
305,Lena Thomas,lena.thomas305@example.com,36,Kolkata,2021-08-27
306,Alice Walker,alice.walker306@example.com,60,Toronto,2021-07-16
307,Alice Thomas,alice.thomas307@example.com,73,Chennai,2024-05-12
308,Bob Hall,bob.hall308@example.com,56,Kolkata,2022-10-14
309,Judy Lee,judy.lee309@example.com,69,Tokyo,2023-05-28
310,Lena Taylor,lena.taylor310@example.com,58,Tokyo,2023-06-25
311,Ivan Moore,ivan.moore311@example.com,66,Kolkata,2024-04-20
312,Eve Moore,eve.moore312@example.com,24,Hyderabad,2023-07-09
313,Bob Miller,bob.miller313@example.com,68,Mumbai,2020-03-09
314,Sam Davis,sam.davis314@example.com,64,Paris,2020-07-03
315,Judy Davis,judy.davis315@example.com,65,Toronto,2020-12-25
316,Grace Brown,grace.brown316@example.com,68,Delhi,2024-11-29
317,Lena Anderson,lena.anderson317@example.com,50,Hyderabad,2021-07-12
318,Frank Miller,frank.miller318@example.com,70,Mumbai,2025-06-04
319,Judy Martin,judy.martin319@example.com,73,Sydney,2024-07-05
320,Diana Wilson,diana.wilson320@example.com,22,Paris,2024-03-24
321,Heidi Walker,heidi.walker321@example.com,61,Kolkata,2023-10-13
322,Mike Walker,mike.walker322@example.com,69,Delhi,2022-01-19
323,Charlie Lee,charlie.lee323@example.com,43,New York,2021-06-25
324,Rita Johnson,rita.johnson324@example.com,47,Sydney,2023-10-09
325,Ivan Thomas,ivan.thomas325@example.com,42,Jaipur,2023-07-31
326,Lena Johnson,lena.johnson326@example.com,61,Tokyo,2022-08-23
327,Alice Thomas,alice.thomas327@example.com,74,Delhi,2021-11-02
328,Tina Taylor,tina.taylor328@example.com,59,London,2023-07-25
329,Oscar Hall,oscar.hall329@example.com,62,Berlin,2023-08-22
330,Nina Johnson,nina.johnson330@example.com,26,New York,2025-04-21
331,Bob Miller,bob.miller331@example.com,49,London,2020-07-18
332,Heidi Hall,heidi.hall332@example.com,52,Paris,2022-03-06
333,Oscar Davis,oscar.davis333@example.com,60,Kolkata,2023-11-27
334,Rita Garcia,rita.garcia334@example.com,55,Kolkata,2024-01-28
335,Eve Hall,eve.hall335@example.com,44,Chennai,2020-07-21
336,Pam Thomas,pam.thomas336@example.com,44,Berlin,2020-03-08
337,Lena Taylor,lena.taylor337@example.com,46,Mumbai,2025-04-30
338,Heidi Walker,heidi.walker338@example.com,41,London,2023-11-05
339,Lena Anderson,lena.anderson339@example.com,75,Chennai,2022-01-04
340,Bob Garcia,bob.garcia340@example.com,35,Tokyo,2025-06-05
341,Diana Walker,diana.walker341@example.com,70,Mumbai,2020-07-06
342,Grace Moore,grace.moore342@example.com,58,Bangalore,2025-06-11
343,Alice Smith,alice.smith343@example.com,68,Sydney,2021-05-13
344,Eve Lee,eve.lee344@example.com,54,Tokyo,2020-05-20
345,Rita Taylor,rita.taylor345@example.com,55,Tokyo,2024-07-23
346,Heidi Davis,heidi.davis346@example.com,67,Paris,2024-06-03
347,Tina Smith,tina.smith347@example.com,35,Jaipur,2020-10-23
348,Eve Anderson,eve.anderson348@example.com,34,Pune,2020-12-23
349,Diana Moore,diana.moore349@example.com,73,New York,2020-09-26
350,Alice Davis,alice.davis350@example.com,68,Pune,2021-05-02
351,Sam Davis,sam.davis351@example.com,19,Paris,2021-06-27
352,Bob Brown,bob.brown352@example.com,65,Toronto,2022-12-13
353,Diana Martin,diana.martin353@example.com,22,Mumbai,2022-07-07
354,Lena Anderson,lena.anderson354@example.com,55,London,2022-07-14
355,Quinn Taylor,quinn.taylor355@example.com,57,New York,2024-01-29
356,Quinn Miller,quinn.miller356@example.com,47,Chennai,2025-05-28
357,Alice Smith,alice.smith357@example.com,48,Jaipur,2022-04-02
358,Nina Moore,nina.moore358@example.com,24,Mumbai,2023-12-29
359,Oscar Johnson,oscar.johnson359@example.com,75,London,2021-10-21
360,Tina Brown,tina.brown360@example.com,22,Paris,2021-07-17
361,Tina Moore,tina.moore361@example.com,55,Delhi,2023-12-29
362,Karl Garcia,karl.garcia362@example.com,56,Delhi,2021-08-26
363,Oscar Anderson,oscar.anderson363@example.com,56,Toronto,2020-07-22
364,Diana Walker,diana.walker364@example.com,59,Chennai,2024-12-02
365,Rita Martin,rita.martin365@example.com,73,Tokyo,2022-05-30
366,Oscar Hall,oscar.hall366@example.com,32,Toronto,2021-11-25
367,Oscar Garcia,oscar.garcia367@example.com,44,Kolkata,2020-07-13
368,Karl Garcia,karl.garcia368@example.com,38,Chennai,2021-06-06
369,Lena Brown,lena.brown369@example.com,61,Hyderabad,2022-08-29
370,Charlie Johnson,charlie.johnson370@example.com,71,London,2020-07-09
371,Nina Johnson,nina.johnson371@example.com,65,Kolkata,2022-02-02
372,Eve Anderson,eve.anderson372@example.com,21,Bangalore,2025-05-13
373,Rita Anderson,rita.anderson373@example.com,39,Chennai,2020-09-07
374,Nina Davis,nina.davis374@example.com,73,Chennai,2025-04-11
375,Nina Walker,nina.walker375@example.com,64,New York,2025-06-06
376,Judy Thomas,judy.thomas376@example.com,37,Sydney,2020-07-31
377,Sam Anderson,sam.anderson377@example.com,31,Paris,2023-09-06
378,Pam Taylor,pam.taylor378@example.com,72,London,2021-12-18
379,Rita Davis,rita.davis379@example.com,25,Pune,2021-07-24
380,Sam Taylor,sam.taylor380@example.com,69,Toronto,2024-09-26
381,Rita Lee,rita.lee381@example.com,70,Bangalore,2023-06-10
382,Rita Smith,rita.smith382@example.com,56,Hyderabad,2023-09-09
383,Ivan Smith,ivan.smith383@example.com,29,Berlin,2023-12-10
384,Judy Hall,judy.hall384@example.com,39,Sydney,2020-01-13
385,Frank Walker,frank.walker385@example.com,27,Bangalore,2023-09-08
386,Mike Johnson,mike.johnson386@example.com,27,Kolkata,2023-07-20
387,Alice Johnson,alice.johnson387@example.com,65,Delhi,2021-03-16
388,Mike Garcia,mike.garcia388@example.com,47,Sydney,2020-11-18
389,Lena Miller,lena.miller389@example.com,64,Sydney,2024-05-09
390,Sam Thomas,sam.thomas390@example.com,23,Hyderabad,2020-04-17
391,Eve Brown,eve.brown391@example.com,66,Bangalore,2020-04-11
392,Charlie Miller,charlie.miller392@example.com,46,Chennai,2022-05-18
393,Pam Thomas,pam.thomas393@example.com,46,Toronto,2021-07-13
394,Grace Lee,grace.lee394@example.com,50,London,2021-12-07
395,Nina Johnson,nina.johnson395@example.com,36,Chennai,2023-10-21
396,Sam Wilson,sam.wilson396@example.com,51,Chennai,2021-09-23
397,Bob Taylor,bob.taylor397@example.com,43,Bangalore,2020-04-22
398,Alice Taylor,alice.taylor398@example.com,37,Tokyo,2024-04-20
399,Eve Lee,eve.lee399@example.com,34,Berlin,2021-11-02
400,Diana Smith,diana.smith400@example.com,49,Kolkata,2022-05-31
401,Frank Brown,frank.brown401@example.com,42,Delhi,2023-12-12
402,Heidi Anderson,heidi.anderson402@example.com,53,Jaipur,2023-09-30
403,Lena Johnson,lena.johnson403@example.com,43,Jaipur,2024-02-28
404,Bob Garcia,bob.garcia404@example.com,19,Mumbai,2025-03-01
405,Charlie Walker,charlie.walker405@example.com,38,Bangalore,2022-05-29
406,Sam Garcia,sam.garcia406@example.com,63,Chennai,2022-05-05
407,Judy Johnson,judy.johnson407@example.com,43,New York,2025-06-01
408,Karl Brown,karl.brown408@example.com,69,Bangalore,2022-07-31
409,Lena Johnson,lena.johnson409@example.com,45,Jaipur,2020-08-04
410,Heidi Garcia,heidi.garcia410@example.com,55,Toronto,2022-12-09
411,Charlie Garcia,charlie.garcia411@example.com,73,Berlin,2024-03-07
412,Karl Taylor,karl.taylor412@example.com,39,Pune,2020-12-10
413,Charlie Anderson,charlie.anderson413@example.com,58,London,2022-12-22
414,Quinn Taylor,quinn.taylor414@example.com,75,Pune,2021-12-16
415,Lena Martin,lena.martin415@example.com,70,Chennai,2024-07-27
416,Eve Taylor,eve.taylor416@example.com,24,Paris,2021-06-08
417,Grace Brown,grace.brown417@example.com,56,Paris,2024-04-05
418,Charlie Brown,charlie.brown418@example.com,67,Chennai,2022-10-08
419,Oscar Lee,oscar.lee419@example.com,54,Pune,2023-04-01
420,Oscar Moore,oscar.moore420@example.com,74,Bangalore,2023-08-09
421,Tina Davis,tina.davis421@example.com,73,Chennai,2021-10-09
422,Eve Wilson,eve.wilson422@example.com,22,Mumbai,2022-06-24
423,Judy Lee,judy.lee423@example.com,35,Bangalore,2020-04-25
424,Lena Anderson,lena.anderson424@example.com,22,Berlin,2022-08-03
425,Oscar Smith,oscar.smith425@example.com,21,Sydney,2024-08-30
426,Judy Johnson,judy.johnson426@example.com,59,Jaipur,2024-10-17
427,Charlie Thomas,charlie.thomas427@example.com,56,Delhi,2022-02-26
428,Oscar Thomas,oscar.thomas428@example.com,53,Pune,2024-02-22
429,Bob Wilson,bob.wilson429@example.com,69,Bangalore,2023-08-27
430,Grace Davis,grace.davis430@example.com,56,Mumbai,2022-10-23
431,Eve Smith,eve.smith431@example.com,46,London,2024-07-18
432,Karl Martin,karl.martin432@example.com,23,Delhi,2023-08-16
433,Frank Smith,frank.smith433@example.com,33,Kolkata,2022-06-15
434,Oscar Anderson,oscar.anderson434@example.com,51,Bangalore,2020-11-21
435,Lena Davis,lena.davis435@example.com,36,Toronto,2022-04-17
436,Karl Moore,karl.moore436@example.com,56,New York,2024-06-04
437,Karl Johnson,karl.johnson437@example.com,39,London,2023-02-16
438,Mike Miller,mike.miller438@example.com,34,Kolkata,2024-10-10
439,Tina Walker,tina.walker439@example.com,27,Sydney,2020-06-15
440,Sam Moore,sam.moore440@example.com,27,Hyderabad,2021-12-17
441,Judy Moore,judy.moore441@example.com,62,Chennai,2022-03-13
442,Eve Thomas,eve.thomas442@example.com,63,London,2021-09-26
443,Rita Garcia,rita.garcia443@example.com,59,Pune,2021-11-03
444,Eve Moore,eve.moore444@example.com,62,Jaipur,2025-04-23
445,Quinn Johnson,quinn.johnson445@example.com,59,Chennai,2022-05-17
446,Quinn Davis,quinn.davis446@example.com,19,Sydney,2021-09-24
447,Frank Taylor,frank.taylor447@example.com,39,Pune,2022-09-22
448,Grace Taylor,grace.taylor448@example.com,26,Paris,2020-06-07
449,Judy Walker,judy.walker449@example.com,68,London,2022-11-05
450,Rita Walker,rita.walker450@example.com,65,Hyderabad,2022-12-14
451,Bob Moore,bob.moore451@example.com,39,Hyderabad,2024-04-18
452,Tina Brown,tina.brown452@example.com,56,Toronto,2020-11-11
453,Frank Brown,frank.brown453@example.com,71,Kolkata,2024-04-28
454,Tina Lee,tina.lee454@example.com,75,Paris,2024-01-16
455,Oscar Smith,oscar.smith455@example.com,44,Sydney,2023-10-17
456,Heidi Wilson,heidi.wilson456@example.com,57,Berlin,2024-03-20
457,Oscar Taylor,oscar.taylor457@example.com,52,Tokyo,2021-09-25
458,Pam Hall,pam.hall458@example.com,71,Tokyo,2022-01-23
459,Sam Wilson,sam.wilson459@example.com,47,Pune,2021-07-31
460,Mike Anderson,mike.anderson460@example.com,51,Toronto,2025-06-01
461,Frank Walker,frank.walker461@example.com,30,Pune,2023-05-23
462,Eve Walker,eve.walker462@example.com,34,New York,2023-08-06
463,Pam Walker,pam.walker463@example.com,41,Delhi,2025-03-28
464,Diana Martin,diana.martin464@example.com,72,Delhi,2024-10-09
465,Diana Miller,diana.miller465@example.com,23,Pune,2020-11-24
466,Ivan Wilson,ivan.wilson466@example.com,75,Delhi,2020-10-28
467,Nina Johnson,nina.johnson467@example.com,32,Jaipur,2022-07-12
468,Lena Hall,lena.hall468@example.com,19,Toronto,2020-04-19
469,Mike Anderson,mike.anderson469@example.com,41,Tokyo,2022-03-01
470,Charlie Davis,charlie.davis470@example.com,32,New York,2021-10-14
471,Diana Walker,diana.walker471@example.com,63,Chennai,2021-11-17
472,Eve Brown,eve.brown472@example.com,20,Berlin,2025-02-21
473,Pam Martin,pam.martin473@example.com,71,Paris,2024-04-03
474,Pam Wilson,pam.wilson474@example.com,57,New York,2025-01-29
475,Charlie Smith,charlie.smith475@example.com,34,Tokyo,2024-09-06
476,Eve Anderson,eve.anderson476@example.com,64,Bangalore,2022-12-16
477,Nina Johnson,nina.johnson477@example.com,67,Berlin,2021-05-01
478,Judy Johnson,judy.johnson478@example.com,21,Tokyo,2022-05-09
479,Tina Wilson,tina.wilson479@example.com,22,London,2024-09-09
480,Pam Thomas,pam.thomas480@example.com,52,New York,2023-07-18
481,Quinn Thomas,quinn.thomas481@example.com,33,Kolkata,2020-10-21
482,Judy Garcia,judy.garcia482@example.com,18,Bangalore,2021-12-23
483,Heidi Thomas,heidi.thomas483@example.com,44,Paris,2023-09-22
484,Charlie Anderson,charlie.anderson484@example.com,41,London,2025-05-06
485,Quinn Anderson,quinn.anderson485@example.com,50,Pune,2022-11-05
486,Rita Smith,rita.smith486@example.com,42,Jaipur,2022-08-20
487,Bob Moore,bob.moore487@example.com,42,Sydney,2021-06-03
488,Alice Davis,alice.davis488@example.com,68,London,2021-12-07
489,Heidi Martin,heidi.martin489@example.com,60,Chennai,2020-07-31
490,Sam Martin,sam.martin490@example.com,66,Sydney,2020-09-30
491,Bob Davis,bob.davis491@example.com,52,Sydney,2024-07-24
492,Frank Walker,frank.walker492@example.com,67,Chennai,2022-08-09
493,Pam Moore,pam.moore493@example.com,29,Pune,2020-10-03
494,Charlie Martin,charlie.martin494@example.com,67,Mumbai,2020-03-16
495,Judy Taylor,judy.taylor495@example.com,20,Pune,2021-02-12
496,Bob Davis,bob.davis496@example.com,37,Delhi,2022-03-26
497,Rita Wilson,rita.wilson497@example.com,34,New York,2024-03-22
498,Grace Miller,grace.miller498@example.com,40,Jaipur,2024-05-18
499,Bob Walker,bob.walker499@example.com,59,Sydney,2021-07-13
500,Diana Lee,diana.lee500@example.com,41,Toronto,2024-12-26
501,Mike Martin,mike.martin501@example.com,46,Hyderabad,2025-05-12
502,Mike Davis,mike.davis502@example.com,29,Mumbai,2023-11-18
503,Pam Davis,pam.davis503@example.com,69,Delhi,2021-06-30
504,Charlie Martin,charlie.martin504@example.com,45,London,2022-05-31
505,Tina Walker,tina.walker505@example.com,29,Delhi,2021-08-24
506,Karl Johnson,karl.johnson506@example.com,23,Sydney,2023-09-15
507,Judy Miller,judy.miller507@example.com,46,Bangalore,2024-01-09
508,Nina Brown,nina.brown508@example.com,62,Mumbai,2021-12-20
509,Oscar Smith,oscar.smith509@example.com,64,Jaipur,2025-02-09
510,Lena Thomas,lena.thomas510@example.com,45,Berlin,2023-08-02
511,Bob Johnson,bob.johnson511@example.com,60,Chennai,2022-04-11
512,Lena Anderson,lena.anderson512@example.com,69,Kolkata,2023-10-23
513,Frank Smith,frank.smith513@example.com,27,Jaipur,2023-05-29
514,Oscar Smith,oscar.smith514@example.com,26,London,2021-04-28
515,Lena Davis,lena.davis515@example.com,42,Bangalore,2020-03-07
516,Tina Brown,tina.brown516@example.com,61,Mumbai,2025-04-27
517,Lena Davis,lena.davis517@example.com,46,Pune,2020-06-06
518,Sam Brown,sam.brown518@example.com,51,Sydney,2022-03-26
519,Karl Moore,karl.moore519@example.com,35,Tokyo,2025-05-21
520,Diana Smith,diana.smith520@example.com,65,Paris,2022-10-19
521,Quinn Garcia,quinn.garcia521@example.com,53,London,2021-06-20
522,Ivan Martin,ivan.martin522@example.com,46,Tokyo,2023-06-07
523,Judy Martin,judy.martin523@example.com,49,Tokyo,2020-09-08
524,Eve Walker,eve.walker524@example.com,22,Mumbai,2020-12-19
525,Oscar Johnson,oscar.johnson525@example.com,69,Chennai,2025-06-04
526,Karl Moore,karl.moore526@example.com,40,Kolkata,2020-05-12
527,Rita Anderson,rita.anderson527@example.com,36,Hyderabad,2021-09-06
528,Frank Martin,frank.martin528@example.com,63,Hyderabad,2023-12-05
529,Frank Lee,frank.lee529@example.com,41,Delhi,2021-04-04
530,Diana Taylor,diana.taylor530@example.com,68,Paris,2021-04-29
531,Pam Smith,pam.smith531@example.com,41,Delhi,2023-03-18
532,Lena Wilson,lena.wilson532@example.com,69,Delhi,2020-09-22
533,Tina Hall,tina.hall533@example.com,23,London,2021-09-25
534,Mike Martin,mike.martin534@example.com,64,Mumbai,2022-12-12
535,Nina Lee,nina.lee535@example.com,44,Jaipur,2023-03-23
536,Charlie Brown,charlie.brown536@example.com,38,Chennai,2020-05-31
537,Oscar Wilson,oscar.wilson537@example.com,61,Delhi,2021-12-06
538,Eve Hall,eve.hall538@example.com,71,Pune,2023-02-03
539,Sam Brown,sam.brown539@example.com,67,Paris,2022-06-05
540,Quinn Hall,quinn.hall540@example.com,73,New York,2024-08-29
541,Diana Anderson,diana.anderson541@example.com,27,Berlin,2020-12-03
542,Frank Davis,frank.davis542@example.com,63,Tokyo,2021-12-09
543,Quinn Hall,quinn.hall543@example.com,36,Jaipur,2020-06-10
544,Ivan Taylor,ivan.taylor544@example.com,58,Delhi,2021-07-16
545,Eve Moore,eve.moore545@example.com,37,Bangalore,2022-12-28
546,Charlie Anderson,charlie.anderson546@example.com,59,Paris,2023-04-27
547,Sam Brown,sam.brown547@example.com,28,Chennai,2023-07-02
548,Tina Davis,tina.davis548@example.com,71,Hyderabad,2023-02-28
549,Bob Walker,bob.walker549@example.com,73,New York,2020-06-15
550,Bob Moore,bob.moore550@example.com,67,Bangalore,2021-06-26
551,Grace Lee,grace.lee551@example.com,54,Toronto,2023-06-19
552,Alice Wilson,alice.wilson552@example.com,74,Chennai,2023-01-22
553,Judy Moore,judy.moore553@example.com,37,Mumbai,2021-05-16
554,Mike Miller,mike.miller554@example.com,47,London,2023-11-11
555,Bob Brown,bob.brown555@example.com,46,Toronto,2022-09-18
556,Oscar Taylor,oscar.taylor556@example.com,39,Bangalore,2020-10-21
557,Karl Walker,karl.walker557@example.com,63,Sydney,2024-02-12
558,Lena Garcia,lena.garcia558@example.com,26,Pune,2022-01-28
559,Quinn Anderson,quinn.anderson559@example.com,24,Sydney,2021-05-10
560,Oscar Johnson,oscar.johnson560@example.com,35,Mumbai,2021-05-22
561,Eve Johnson,eve.johnson561@example.com,21,Berlin,2025-04-20
562,Mike Walker,mike.walker562@example.com,57,Toronto,2021-05-23
563,Frank Walker,frank.walker563@example.com,38,Hyderabad,2023-03-29
564,Karl Taylor,karl.taylor564@example.com,66,Paris,2022-10-17
565,Quinn Wilson,quinn.wilson565@example.com,49,Hyderabad,2021-09-23
566,Pam Smith,pam.smith566@example.com,23,Toronto,2022-11-01
567,Oscar Taylor,oscar.taylor567@example.com,31,Bangalore,2021-12-23
568,Bob Smith,bob.smith568@example.com,36,Mumbai,2023-05-08
569,Pam Miller,pam.miller569@example.com,52,New York,2024-10-01
570,Diana Garcia,diana.garcia570@example.com,26,Hyderabad,2021-06-25
571,Lena Lee,lena.lee571@example.com,43,Sydney,2020-04-02
572,Mike Smith,mike.smith572@example.com,54,Delhi,2021-02-02
573,Lena Anderson,lena.anderson573@example.com,36,London,2022-03-02
574,Quinn Wilson,quinn.wilson574@example.com,66,Delhi,2021-07-26
575,Tina Moore,tina.moore575@example.com,57,London,2020-09-20
576,Diana Garcia,diana.garcia576@example.com,41,Pune,2021-11-25
577,Rita Davis,rita.davis577@example.com,66,Paris,2021-02-11
578,Tina Anderson,tina.anderson578@example.com,43,Delhi,2020-03-23
579,Bob Smith,bob.smith579@example.com,26,Kolkata,2021-11-13
580,Pam Anderson,pam.anderson580@example.com,47,Paris,2023-05-26
581,Quinn Brown,quinn.brown581@example.com,38,Hyderabad,2023-06-09
582,Karl Brown,karl.brown582@example.com,43,Bangalore,2024-02-23
583,Judy Thomas,judy.thomas583@example.com,39,Delhi,2024-08-23
584,Quinn Anderson,quinn.anderson584@example.com,49,Kolkata,2023-02-26
585,Judy Wilson,judy.wilson585@example.com,70,New York,2022-01-24
586,Karl Moore,karl.moore586@example.com,25,Toronto,2023-04-10
587,Judy Lee,judy.lee587@example.com,75,Kolkata,2024-11-21
588,Alice Thomas,alice.thomas588@example.com,48,Berlin,2025-06-03
589,Sam Thomas,sam.thomas589@example.com,32,Kolkata,2020-04-15
590,Sam Wilson,sam.wilson590@example.com,28,Delhi,2023-07-12
591,Tina Lee,tina.lee591@example.com,71,Toronto,2020-10-29
592,Heidi Smith,heidi.smith592@example.com,54,Kolkata,2020-08-13
593,Grace Smith,grace.smith593@example.com,46,Sydney,2022-05-07
594,Eve Garcia,eve.garcia594@example.com,62,Tokyo,2022-04-20
595,Quinn Lee,quinn.lee595@example.com,57,Hyderabad,2022-08-23
596,Bob Martin,bob.martin596@example.com,26,Delhi,2021-02-28
597,Rita Davis,rita.davis597@example.com,60,Mumbai,2022-12-12
598,Mike Davis,mike.davis598@example.com,29,Mumbai,2025-02-11
599,Rita Davis,rita.davis599@example.com,52,Sydney,2023-10-16
600,Ivan Thomas,ivan.thomas600@example.com,48,Tokyo,2025-05-14
601,Heidi Miller,heidi.miller601@example.com,53,Berlin,2021-04-05
602,Judy Lee,judy.lee602@example.com,36,Kolkata,2021-02-28
603,Pam Davis,pam.davis603@example.com,48,Sydney,2023-02-21
604,Ivan Miller,ivan.miller604@example.com,25,Bangalore,2023-10-17
605,Rita Garcia,rita.garcia605@example.com,75,Toronto,2024-08-03
606,Lena Lee,lena.lee606@example.com,69,Paris,2021-08-17
607,Bob Miller,bob.miller607@example.com,63,London,2021-12-10
608,Oscar Moore,oscar.moore608@example.com,34,Kolkata,2022-09-08
609,Grace Taylor,grace.taylor609@example.com,70,Delhi,2021-07-09
610,Rita Martin,rita.martin610@example.com,35,Paris,2020-08-11
611,Tina Martin,tina.martin611@example.com,55,Tokyo,2021-05-11
612,Bob Moore,bob.moore612@example.com,75,Delhi,2021-04-07
613,Heidi Smith,heidi.smith613@example.com,24,Toronto,2021-11-07
614,Pam Johnson,pam.johnson614@example.com,61,Pune,2020-10-08
615,Alice Anderson,alice.anderson615@example.com,28,Toronto,2023-08-30
616,Pam Wilson,pam.wilson616@example.com,59,Tokyo,2024-03-28
617,Judy Davis,judy.davis617@example.com,36,Chennai,2020-05-01
618,Charlie Moore,charlie.moore618@example.com,54,Tokyo,2022-12-31
619,Bob Hall,bob.hall619@example.com,29,Toronto,2024-12-11
620,Frank Hall,frank.hall620@example.com,20,Jaipur,2022-03-24
621,Pam Brown,pam.brown621@example.com,65,Jaipur,2025-03-11
622,Judy Hall,judy.hall622@example.com,20,New York,2021-09-03
623,Sam Thomas,sam.thomas623@example.com,24,Hyderabad,2021-11-17
624,Judy Wilson,judy.wilson624@example.com,59,Delhi,2022-12-09
625,Pam Hall,pam.hall625@example.com,26,Jaipur,2022-10-29
626,Oscar Miller,oscar.miller626@example.com,30,Pune,2020-08-18
627,Karl Brown,karl.brown627@example.com,64,Mumbai,2023-08-20
628,Ivan Martin,ivan.martin628@example.com,29,New York,2024-02-17
629,Karl Lee,karl.lee629@example.com,36,Bangalore,2023-10-13
630,Grace Brown,grace.brown630@example.com,57,Jaipur,2023-08-01
631,Mike Walker,mike.walker631@example.com,45,Delhi,2021-11-02
632,Charlie Garcia,charlie.garcia632@example.com,60,London,2021-01-13
633,Eve Wilson,eve.wilson633@example.com,38,Hyderabad,2021-05-23
634,Alice Miller,alice.miller634@example.com,42,Tokyo,2022-07-03
635,Ivan Davis,ivan.davis635@example.com,37,Bangalore,2024-01-20
636,Sam Smith,sam.smith636@example.com,34,Chennai,2022-01-06
637,Heidi Smith,heidi.smith637@example.com,60,London,2022-08-11
638,Judy Brown,judy.brown638@example.com,43,Chennai,2022-10-26
639,Judy Martin,judy.martin639@example.com,25,Chennai,2025-02-19
640,Judy Davis,judy.davis640@example.com,57,Tokyo,2021-03-24
641,Eve Wilson,eve.wilson641@example.com,27,Mumbai,2024-03-11
642,Tina Davis,tina.davis642@example.com,44,Kolkata,2023-01-29
643,Pam Lee,pam.lee643@example.com,52,Pune,2023-09-22
644,Grace Lee,grace.lee644@example.com,33,Chennai,2024-03-25
645,Tina Walker,tina.walker645@example.com,68,London,2022-12-12
646,Oscar Anderson,oscar.anderson646@example.com,63,Sydney,2020-06-08
647,Sam Johnson,sam.johnson647@example.com,21,Jaipur,2023-01-26
648,Quinn Taylor,quinn.taylor648@example.com,54,Delhi,2020-11-02
649,Frank Davis,frank.davis649@example.com,72,Delhi,2022-06-23
650,Diana Moore,diana.moore650@example.com,31,Kolkata,2023-04-09
651,Pam Johnson,pam.johnson651@example.com,75,Delhi,2022-07-01
652,Bob Wilson,bob.wilson652@example.com,26,Delhi,2022-04-30
653,Oscar Thomas,oscar.thomas653@example.com,21,Delhi,2022-08-04
654,Judy Martin,judy.martin654@example.com,19,Toronto,2021-06-05
655,Alice Martin,alice.martin655@example.com,31,Bangalore,2020-05-29
656,Bob Garcia,bob.garcia656@example.com,40,Kolkata,2020-05-10
657,Rita Smith,rita.smith657@example.com,75,London,2025-03-27
658,Pam Smith,pam.smith658@example.com,36,Toronto,2021-01-03
659,Eve Lee,eve.lee659@example.com,59,Kolkata,2023-08-15
660,Nina Davis,nina.davis660@example.com,75,Toronto,2022-07-07
661,Mike Garcia,mike.garcia661@example.com,23,Chennai,2025-05-28
662,Rita Brown,rita.brown662@example.com,59,Jaipur,2021-12-13
663,Diana Brown,diana.brown663@example.com,52,Toronto,2022-12-19
664,Eve Martin,eve.martin664@example.com,32,Jaipur,2020-01-08
665,Alice Miller,alice.miller665@example.com,47,Chennai,2024-01-12
666,Rita Garcia,rita.garcia666@example.com,52,Toronto,2024-08-13
667,Heidi Taylor,heidi.taylor667@example.com,47,Sydney,2020-11-13
668,Ivan Taylor,ivan.taylor668@example.com,74,Kolkata,2024-04-16
669,Diana Smith,diana.smith669@example.com,69,Chennai,2022-05-08
670,Tina Lee,tina.lee670@example.com,74,Hyderabad,2020-02-02
671,Heidi Taylor,heidi.taylor671@example.com,22,London,2023-05-01
672,Bob Wilson,bob.wilson672@example.com,56,Chennai,2023-12-11
673,Bob Taylor,bob.taylor673@example.com,65,New York,2022-04-03
674,Oscar Taylor,oscar.taylor674@example.com,52,Tokyo,2024-03-24
675,Bob Brown,bob.brown675@example.com,50,Berlin,2021-04-24
676,Sam Davis,sam.davis676@example.com,54,Bangalore,2024-05-01
677,Karl Taylor,karl.taylor677@example.com,37,Hyderabad,2020-10-20
678,Quinn Taylor,quinn.taylor678@example.com,44,Berlin,2021-07-17
679,Bob Anderson,bob.anderson679@example.com,55,Hyderabad,2024-02-14
680,Frank Moore,frank.moore680@example.com,61,Toronto,2023-02-12
681,Pam Smith,pam.smith681@example.com,40,Chennai,2023-10-06
682,Mike Lee,mike.lee682@example.com,51,Sydney,2023-11-27
683,Nina Garcia,nina.garcia683@example.com,27,Berlin,2022-02-09
684,Frank Lee,frank.lee684@example.com,52,Mumbai,2021-05-08
685,Heidi Miller,heidi.miller685@example.com,72,Kolkata,2020-10-22
686,Oscar Hall,oscar.hall686@example.com,21,Delhi,2022-04-25
687,Nina Anderson,nina.anderson687@example.com,51,Paris,2022-03-06
688,Heidi Miller,heidi.miller688@example.com,31,Sydney,2023-08-17
689,Charlie Hall,charlie.hall689@example.com,46,Jaipur,2022-01-29
690,Charlie Anderson,charlie.anderson690@example.com,64,Jaipur,2021-01-25
691,Bob Miller,bob.miller691@example.com,42,Chennai,2023-05-23
692,Tina Smith,tina.smith692@example.com,73,London,2021-01-20
693,Sam Martin,sam.martin693@example.com,60,Delhi,2021-03-20
694,Pam Taylor,pam.taylor694@example.com,73,Hyderabad,2021-11-12
695,Judy Hall,judy.hall695@example.com,18,Tokyo,2025-04-03
696,Grace Martin,grace.martin696@example.com,25,Kolkata,2024-03-24
697,Pam Hall,pam.hall697@example.com,33,Kolkata,2023-05-22
698,Grace Garcia,grace.garcia698@example.com,33,Delhi,2021-10-20
699,Judy Garcia,judy.garcia699@example.com,47,Delhi,2023-08-21
700,Lena Miller,lena.miller700@example.com,34,Sydney,2022-11-16
701,Pam Wilson,pam.wilson701@example.com,24,Pune,2024-01-19
702,Pam Lee,pam.lee702@example.com,71,Sydney,2025-02-15
703,Grace Davis,grace.davis703@example.com,38,Toronto,2020-04-03
704,Sam Walker,sam.walker704@example.com,32,Kolkata,2020-10-25
705,Alice Miller,alice.miller705@example.com,53,Hyderabad,2023-04-11
706,Sam Martin,sam.martin706@example.com,44,Berlin,2020-11-08
707,Grace Davis,grace.davis707@example.com,32,Toronto,2023-03-12
708,Heidi Wilson,heidi.wilson708@example.com,53,Chennai,2025-04-16
709,Karl Miller,karl.miller709@example.com,66,Jaipur,2022-09-27
710,Pam Wilson,pam.wilson710@example.com,28,Kolkata,2024-06-16
711,Lena Brown,lena.brown711@example.com,26,Kolkata,2023-01-24
712,Pam Brown,pam.brown712@example.com,74,Delhi,2023-08-07
713,Bob Anderson,bob.anderson713@example.com,20,Jaipur,2024-09-30
714,Charlie Walker,charlie.walker714@example.com,60,New York,2024-04-14
715,Alice Garcia,alice.garcia715@example.com,26,Jaipur,2023-07-15
716,Heidi Johnson,heidi.johnson716@example.com,63,Paris,2020-01-19
717,Grace Anderson,grace.anderson717@example.com,47,Sydney,2020-05-03
718,Tina Moore,tina.moore718@example.com,60,Hyderabad,2023-06-16
719,Pam Moore,pam.moore719@example.com,49,New York,2020-01-14
720,Rita Anderson,rita.anderson720@example.com,44,New York,2020-02-04
721,Quinn Martin,quinn.martin721@example.com,35,Delhi,2021-08-10
722,Alice Anderson,alice.anderson722@example.com,70,Kolkata,2023-10-12
723,Nina Lee,nina.lee723@example.com,29,London,2025-02-23
724,Diana Anderson,diana.anderson724@example.com,27,Tokyo,2021-01-28
725,Tina Anderson,tina.anderson725@example.com,34,Jaipur,2021-12-26
726,Ivan Lee,ivan.lee726@example.com,43,London,2022-02-03
727,Mike Wilson,mike.wilson727@example.com,54,Tokyo,2023-11-28
728,Heidi Miller,heidi.miller728@example.com,61,Jaipur,2024-10-02
729,Charlie Moore,charlie.moore729@example.com,72,Chennai,2024-04-04
730,Bob Johnson,bob.johnson730@example.com,43,Toronto,2022-02-11
731,Rita Wilson,rita.wilson731@example.com,21,Chennai,2020-01-20
732,Frank Johnson,frank.johnson732@example.com,49,Jaipur,2022-06-07
733,Karl Thomas,karl.thomas733@example.com,72,London,2025-01-06
734,Quinn Hall,quinn.hall734@example.com,20,Tokyo,2021-03-08
735,Sam Wilson,sam.wilson735@example.com,35,New York,2025-03-07
736,Charlie Moore,charlie.moore736@example.com,35,Hyderabad,2023-01-17
737,Sam Moore,sam.moore737@example.com,20,Paris,2025-03-17
738,Karl Smith,karl.smith738@example.com,31,Bangalore,2020-10-22
739,Mike Hall,mike.hall739@example.com,22,Berlin,2020-11-28
740,Sam Taylor,sam.taylor740@example.com,54,Jaipur,2024-10-05
741,Mike Moore,mike.moore741@example.com,75,Delhi,2021-11-10
742,Mike Lee,mike.lee742@example.com,65,Paris,2024-06-06
743,Charlie Anderson,charlie.anderson743@example.com,65,Sydney,2020-04-19
744,Diana Garcia,diana.garcia744@example.com,32,Jaipur,2020-06-04
745,Karl Thomas,karl.thomas745@example.com,67,Bangalore,2025-05-09
746,Tina Garcia,tina.garcia746@example.com,67,Sydney,2020-03-01
747,Ivan Lee,ivan.lee747@example.com,46,Mumbai,2021-04-12
748,Lena Anderson,lena.anderson748@example.com,42,Toronto,2021-01-15
749,Sam Moore,sam.moore749@example.com,42,London,2024-04-30
750,Tina Miller,tina.miller750@example.com,69,Tokyo,2023-12-31
751,Charlie Johnson,charlie.johnson751@example.com,35,Paris,2022-02-17
752,Eve Martin,eve.martin752@example.com,42,Sydney,2022-01-08
753,Diana Johnson,diana.johnson753@example.com,18,Berlin,2022-06-29
754,Lena Lee,lena.lee754@example.com,35,London,2020-09-28
755,Charlie Brown,charlie.brown755@example.com,45,Mumbai,2023-02-14
756,Rita Anderson,rita.anderson756@example.com,44,London,2020-02-23
757,Charlie Davis,charlie.davis757@example.com,53,London,2023-05-07
758,Tina Lee,tina.lee758@example.com,38,Jaipur,2022-02-27
759,Alice Miller,alice.miller759@example.com,44,Toronto,2024-05-14
760,Charlie Martin,charlie.martin760@example.com,75,Delhi,2025-01-27
761,Heidi Thomas,heidi.thomas761@example.com,51,Paris,2023-11-04
762,Mike Brown,mike.brown762@example.com,26,Berlin,2021-09-08
763,Ivan Wilson,ivan.wilson763@example.com,27,London,2020-12-08
764,Nina Miller,nina.miller764@example.com,44,Berlin,2022-09-18
765,Charlie Davis,charlie.davis765@example.com,34,Tokyo,2024-01-16
766,Pam Thomas,pam.thomas766@example.com,57,Tokyo,2022-07-26
767,Diana Brown,diana.brown767@example.com,37,New York,2025-04-27
768,Mike Davis,mike.davis768@example.com,71,Bangalore,2022-02-17
769,Karl Wilson,karl.wilson769@example.com,39,Toronto,2024-07-28
770,Tina Brown,tina.brown770@example.com,37,Sydney,2023-05-20
771,Grace Wilson,grace.wilson771@example.com,38,Paris,2025-05-29
772,Mike Davis,mike.davis772@example.com,36,Kolkata,2023-11-24
773,Pam Thomas,pam.thomas773@example.com,68,Tokyo,2021-10-29
774,Mike Miller,mike.miller774@example.com,70,Pune,2022-03-15
775,Lena Johnson,lena.johnson775@example.com,54,Tokyo,2023-04-27
776,Rita Brown,rita.brown776@example.com,61,Pune,2023-01-31
777,Alice Martin,alice.martin777@example.com,47,Kolkata,2021-03-05
778,Oscar Lee,oscar.lee778@example.com,36,Jaipur,2023-11-19
779,Charlie Walker,charlie.walker779@example.com,72,Pune,2024-06-16
780,Nina Moore,nina.moore780@example.com,49,Paris,2023-07-21
781,Judy Taylor,judy.taylor781@example.com,34,Chennai,2020-11-11
782,Nina Lee,nina.lee782@example.com,42,London,2022-07-08
783,Tina Wilson,tina.wilson783@example.com,55,Toronto,2022-12-30
784,Quinn Hall,quinn.hall784@example.com,73,Kolkata,2022-05-06
785,Rita Smith,rita.smith785@example.com,68,Sydney,2023-12-07
786,Rita Thomas,rita.thomas786@example.com,58,Hyderabad,2020-06-23
787,Diana Lee,diana.lee787@example.com,33,Chennai,2023-09-23
788,Lena Brown,lena.brown788@example.com,59,Bangalore,2020-03-31
789,Sam Moore,sam.moore789@example.com,61,Chennai,2022-03-29
790,Karl Lee,karl.lee790@example.com,45,London,2020-01-22
791,Diana Miller,diana.miller791@example.com,32,Delhi,2024-03-09
792,Quinn Anderson,quinn.anderson792@example.com,55,Kolkata,2023-03-24
793,Heidi Wilson,heidi.wilson793@example.com,41,Toronto,2022-08-06
794,Sam Martin,sam.martin794@example.com,50,Paris,2021-12-07
795,Alice Wilson,alice.wilson795@example.com,24,Berlin,2022-05-01
796,Charlie Johnson,charlie.johnson796@example.com,71,Kolkata,2020-10-17
797,Lena Miller,lena.miller797@example.com,39,Mumbai,2024-05-25
798,Grace Anderson,grace.anderson798@example.com,48,Sydney,2022-09-02
799,Diana Wilson,diana.wilson799@example.com,64,Kolkata,2022-07-15
800,Karl Johnson,karl.johnson800@example.com,37,New York,2024-07-17
801,Diana Smith,diana.smith801@example.com,72,Sydney,2023-08-20
802,Diana Moore,diana.moore802@example.com,69,Paris,2025-03-19
803,Heidi Anderson,heidi.anderson803@example.com,29,Delhi,2020-11-23
804,Karl Anderson,karl.anderson804@example.com,45,Mumbai,2021-04-19
805,Mike Moore,mike.moore805@example.com,29,Paris,2023-08-04
806,Nina Garcia,nina.garcia806@example.com,19,Kolkata,2023-06-11
807,Grace Wilson,grace.wilson807@example.com,55,Toronto,2022-03-07
808,Alice Martin,alice.martin808@example.com,31,Tokyo,2021-07-24
809,Charlie Thomas,charlie.thomas809@example.com,24,Pune,2024-11-20
810,Rita Brown,rita.brown810@example.com,41,Sydney,2021-02-07
811,Oscar Johnson,oscar.johnson811@example.com,34,Chennai,2024-11-01
812,Pam Anderson,pam.anderson812@example.com,58,Sydney,2023-05-07
813,Mike Thomas,mike.thomas813@example.com,43,Bangalore,2020-08-21
814,Lena Davis,lena.davis814@example.com,72,Mumbai,2023-06-18
815,Frank Walker,frank.walker815@example.com,61,Kolkata,2024-06-27
816,Judy Hall,judy.hall816@example.com,57,Bangalore,2020-06-22
817,Eve Davis,eve.davis817@example.com,25,Tokyo,2021-09-17
818,Diana Brown,diana.brown818@example.com,41,Kolkata,2020-10-16
819,Quinn Garcia,quinn.garcia819@example.com,44,Bangalore,2020-10-09
820,Sam Garcia,sam.garcia820@example.com,45,Paris,2022-09-23
821,Rita Martin,rita.martin821@example.com,59,Hyderabad,2020-12-20
822,Rita Brown,rita.brown822@example.com,49,Berlin,2020-10-14
823,Frank Davis,frank.davis823@example.com,71,Mumbai,2023-06-22
824,Bob Walker,bob.walker824@example.com,40,New York,2022-09-19
825,Eve Taylor,eve.taylor825@example.com,70,Toronto,2025-05-27
826,Rita Anderson,rita.anderson826@example.com,59,Mumbai,2022-04-17
827,Pam Garcia,pam.garcia827@example.com,63,Jaipur,2022-06-28
828,Pam Brown,pam.brown828@example.com,23,Bangalore,2020-03-04
829,Heidi Miller,heidi.miller829@example.com,20,Berlin,2021-04-05
830,Rita Miller,rita.miller830@example.com,28,Pune,2022-07-25
831,Sam Martin,sam.martin831@example.com,67,Pune,2022-10-11
832,Rita Anderson,rita.anderson832@example.com,25,Bangalore,2020-08-21
833,Ivan Lee,ivan.lee833@example.com,52,Jaipur,2022-01-21
834,Rita Walker,rita.walker834@example.com,66,New York,2024-04-05
835,Oscar Anderson,oscar.anderson835@example.com,31,Toronto,2020-07-28
836,Heidi Miller,heidi.miller836@example.com,73,New York,2022-07-10
837,Ivan Davis,ivan.davis837@example.com,73,Jaipur,2020-06-27
838,Oscar Walker,oscar.walker838@example.com,25,Pune,2024-07-20
839,Heidi Taylor,heidi.taylor839@example.com,69,Kolkata,2023-04-19
840,Lena Walker,lena.walker840@example.com,63,Bangalore,2023-07-19
841,Nina Brown,nina.brown841@example.com,57,Paris,2024-05-26
842,Grace Walker,grace.walker842@example.com,31,Pune,2020-05-01
843,Sam Davis,sam.davis843@example.com,52,Berlin,2023-05-07
844,Rita Brown,rita.brown844@example.com,38,Kolkata,2021-08-22
845,Judy Thomas,judy.thomas845@example.com,35,Jaipur,2022-11-19
846,Diana Brown,diana.brown846@example.com,66,Pune,2022-04-22
847,Bob Miller,bob.miller847@example.com,73,Chennai,2020-09-16
848,Eve Taylor,eve.taylor848@example.com,27,Kolkata,2021-10-21
849,Heidi Lee,heidi.lee849@example.com,71,Chennai,2022-03-15
850,Pam Brown,pam.brown850@example.com,54,Chennai,2021-07-04
851,Nina Garcia,nina.garcia851@example.com,46,London,2023-07-21
852,Charlie Garcia,charlie.garcia852@example.com,50,Kolkata,2021-07-23
853,Lena Wilson,lena.wilson853@example.com,49,Sydney,2023-04-06
854,Alice Walker,alice.walker854@example.com,67,Jaipur,2024-02-09
855,Charlie Martin,charlie.martin855@example.com,47,Chennai,2023-09-22
856,Lena Walker,lena.walker856@example.com,22,Pune,2022-12-30
857,Mike Taylor,mike.taylor857@example.com,45,Jaipur,2021-03-09
858,Pam Miller,pam.miller858@example.com,38,Jaipur,2021-08-03
859,Karl Anderson,karl.anderson859@example.com,54,Paris,2023-03-05
860,Pam Lee,pam.lee860@example.com,39,Hyderabad,2023-10-29
861,Bob Smith,bob.smith861@example.com,24,Chennai,2024-05-24
862,Oscar Smith,oscar.smith862@example.com,25,Hyderabad,2024-10-22
863,Frank Wilson,frank.wilson863@example.com,47,New York,2025-05-16
864,Nina Taylor,nina.taylor864@example.com,62,Hyderabad,2020-09-27
865,Judy Brown,judy.brown865@example.com,73,Hyderabad,2024-11-30
866,Ivan Johnson,ivan.johnson866@example.com,59,Sydney,2021-05-27
867,Charlie Davis,charlie.davis867@example.com,60,Hyderabad,2023-08-21
868,Frank Smith,frank.smith868@example.com,43,Chennai,2021-09-17
869,Heidi Garcia,heidi.garcia869@example.com,59,London,2023-12-12
870,Diana Smith,diana.smith870@example.com,31,Mumbai,2020-06-08
871,Eve Thomas,eve.thomas871@example.com,32,Delhi,2023-10-24
872,Oscar Smith,oscar.smith872@example.com,18,Kolkata,2021-12-04
873,Diana Walker,diana.walker873@example.com,45,Kolkata,2020-09-27
874,Pam Johnson,pam.johnson874@example.com,32,Toronto,2020-07-01
875,Diana Johnson,diana.johnson875@example.com,38,Sydney,2024-12-09
876,Judy Brown,judy.brown876@example.com,42,Pune,2024-07-23
877,Eve Moore,eve.moore877@example.com,61,Paris,2020-05-20
878,Quinn Thomas,quinn.thomas878@example.com,18,Bangalore,2023-08-24
879,Frank Wilson,frank.wilson879@example.com,40,Kolkata,2021-03-12
880,Eve Hall,eve.hall880@example.com,44,Bangalore,2023-11-07
881,Oscar Walker,oscar.walker881@example.com,31,London,2025-01-10
882,Diana Brown,diana.brown882@example.com,66,London,2023-04-22
883,Mike Davis,mike.davis883@example.com,45,Sydney,2024-06-08
884,Eve Taylor,eve.taylor884@example.com,35,Chennai,2020-06-21
885,Heidi Anderson,heidi.anderson885@example.com,56,Bangalore,2024-01-16
886,Tina Miller,tina.miller886@example.com,67,Kolkata,2020-02-24
887,Judy Taylor,judy.taylor887@example.com,51,Bangalore,2022-11-09
888,Grace Martin,grace.martin888@example.com,43,Berlin,2023-08-16
889,Bob Lee,bob.lee889@example.com,75,Pune,2025-05-09
890,Heidi Wilson,heidi.wilson890@example.com,42,London,2021-05-08
891,Pam Moore,pam.moore891@example.com,56,London,2022-12-17
892,Alice Davis,alice.davis892@example.com,38,Paris,2022-03-03
893,Sam Garcia,sam.garcia893@example.com,41,Delhi,2023-10-30
894,Frank Lee,frank.lee894@example.com,48,Pune,2020-05-29
895,Alice Thomas,alice.thomas895@example.com,22,New York,2021-06-20
896,Grace Smith,grace.smith896@example.com,21,Pune,2022-03-26
897,Quinn Miller,quinn.miller897@example.com,58,Kolkata,2022-10-23
898,Nina Garcia,nina.garcia898@example.com,62,Toronto,2020-06-17
899,Rita Anderson,rita.anderson899@example.com,57,Paris,2021-07-22
900,Charlie Miller,charlie.miller900@example.com,23,Delhi,2025-03-01
901,Grace Lee,grace.lee901@example.com,27,Delhi,2021-10-31
902,Mike Thomas,mike.thomas902@example.com,58,Pune,2024-09-05
903,Charlie Miller,charlie.miller903@example.com,62,Toronto,2024-02-03
904,Heidi Smith,heidi.smith904@example.com,33,London,2025-03-08
905,Nina Johnson,nina.johnson905@example.com,47,Bangalore,2023-05-31
906,Bob Miller,bob.miller906@example.com,60,Kolkata,2023-09-09
907,Frank Johnson,frank.johnson907@example.com,18,Kolkata,2020-10-08
908,Alice Brown,alice.brown908@example.com,49,Sydney,2022-12-07
909,Quinn Lee,quinn.lee909@example.com,70,Kolkata,2021-06-14
910,Frank Davis,frank.davis910@example.com,26,Kolkata,2024-05-18
911,Ivan Martin,ivan.martin911@example.com,74,London,2024-04-28
912,Alice Davis,alice.davis912@example.com,69,Toronto,2021-07-11
913,Quinn Johnson,quinn.johnson913@example.com,34,Kolkata,2025-06-19
914,Sam Moore,sam.moore914@example.com,22,Mumbai,2022-07-21
915,Quinn Davis,quinn.davis915@example.com,21,Mumbai,2024-10-25
916,Sam Brown,sam.brown916@example.com,41,Paris,2021-06-06
917,Diana Hall,diana.hall917@example.com,54,Chennai,2024-01-20
918,Diana Taylor,diana.taylor918@example.com,65,Delhi,2020-01-06
919,Bob Walker,bob.walker919@example.com,73,New York,2021-05-15
920,Bob Wilson,bob.wilson920@example.com,41,Toronto,2025-02-27
921,Eve Brown,eve.brown921@example.com,72,New York,2023-02-06
922,Nina Taylor,nina.taylor922@example.com,38,Tokyo,2022-05-02
923,Karl Miller,karl.miller923@example.com,70,London,2023-03-16
924,Lena Johnson,lena.johnson924@example.com,50,Chennai,2025-01-21
925,Bob Brown,bob.brown925@example.com,32,Pune,2022-11-22
926,Bob Garcia,bob.garcia926@example.com,22,Hyderabad,2022-08-10
927,Judy Lee,judy.lee927@example.com,72,Berlin,2021-11-01
928,Charlie Anderson,charlie.anderson928@example.com,47,New York,2022-01-25
929,Grace Miller,grace.miller929@example.com,54,Pune,2021-09-14
930,Tina Taylor,tina.taylor930@example.com,47,Sydney,2023-04-26
931,Pam Lee,pam.lee931@example.com,67,Tokyo,2024-02-09
932,Rita Lee,rita.lee932@example.com,68,Tokyo,2020-11-04
933,Alice Hall,alice.hall933@example.com,44,New York,2021-04-22
934,Rita Davis,rita.davis934@example.com,58,Jaipur,2023-11-21
935,Alice Davis,alice.davis935@example.com,18,Pune,2023-09-08
936,Mike Walker,mike.walker936@example.com,65,Kolkata,2021-09-21
937,Diana Taylor,diana.taylor937@example.com,51,Tokyo,2022-05-09
938,Pam Smith,pam.smith938@example.com,27,Kolkata,2021-07-27
939,Charlie Smith,charlie.smith939@example.com,32,Hyderabad,2024-09-27
940,Quinn Garcia,quinn.garcia940@example.com,62,Hyderabad,2022-02-01
941,Oscar Martin,oscar.martin941@example.com,23,Bangalore,2020-07-14
942,Quinn Brown,quinn.brown942@example.com,58,Jaipur,2022-03-18
943,Charlie Thomas,charlie.thomas943@example.com,54,New York,2022-06-09
944,Eve Taylor,eve.taylor944@example.com,36,Berlin,2024-10-08
945,Karl Hall,karl.hall945@example.com,69,Toronto,2023-12-06
946,Karl Davis,karl.davis946@example.com,46,Berlin,2021-04-23
947,Charlie Taylor,charlie.taylor947@example.com,26,Pune,2024-04-26
948,Sam Johnson,sam.johnson948@example.com,27,London,2020-12-02
949,Oscar Wilson,oscar.wilson949@example.com,38,Toronto,2020-09-04
950,Rita Davis,rita.davis950@example.com,67,Tokyo,2022-07-14
951,Judy Wilson,judy.wilson951@example.com,34,Jaipur,2020-09-02
952,Charlie Brown,charlie.brown952@example.com,69,Chennai,2021-09-15
953,Tina Smith,tina.smith953@example.com,31,Jaipur,2024-10-20
954,Karl Brown,karl.brown954@example.com,23,Kolkata,2021-05-23
955,Lena Garcia,lena.garcia955@example.com,50,New York,2023-10-18
956,Judy Miller,judy.miller956@example.com,70,Paris,2020-03-04
957,Mike Walker,mike.walker957@example.com,46,Delhi,2024-03-12
958,Rita Taylor,rita.taylor958@example.com,24,Mumbai,2020-07-27
959,Eve Johnson,eve.johnson959@example.com,18,New York,2024-08-27
960,Heidi Brown,heidi.brown960@example.com,30,Jaipur,2022-03-31
961,Lena Moore,lena.moore961@example.com,58,Chennai,2020-06-21
962,Sam Thomas,sam.thomas962@example.com,34,Hyderabad,2024-07-22
963,Charlie Smith,charlie.smith963@example.com,22,Tokyo,2025-01-22
964,Oscar Lee,oscar.lee964@example.com,26,London,2025-01-27
965,Karl Johnson,karl.johnson965@example.com,20,Mumbai,2020-04-13
966,Frank Hall,frank.hall966@example.com,54,Toronto,2024-08-09
967,Mike Wilson,mike.wilson967@example.com,19,Toronto,2023-10-31
968,Nina Brown,nina.brown968@example.com,40,Tokyo,2025-02-03
969,Frank Miller,frank.miller969@example.com,35,Mumbai,2024-12-14
970,Eve Smith,eve.smith970@example.com,57,Bangalore,2023-06-17
971,Heidi Moore,heidi.moore971@example.com,36,Mumbai,2022-04-23
972,Rita Wilson,rita.wilson972@example.com,21,London,2021-07-26
973,Mike Brown,mike.brown973@example.com,44,Tokyo,2023-08-09
974,Quinn Taylor,quinn.taylor974@example.com,58,Pune,2023-01-18
975,Alice Garcia,alice.garcia975@example.com,68,Kolkata,2022-01-05
976,Pam Anderson,pam.anderson976@example.com,68,Mumbai,2021-12-05
977,Sam Anderson,sam.anderson977@example.com,38,Toronto,2021-07-07
978,Frank Smith,frank.smith978@example.com,38,Bangalore,2021-03-24
979,Alice Hall,alice.hall979@example.com,69,Pune,2021-07-29
980,Bob Lee,bob.lee980@example.com,48,Delhi,2022-01-02
981,Sam Taylor,sam.taylor981@example.com,28,London,2021-05-22
982,Heidi Miller,heidi.miller982@example.com,52,Jaipur,2024-06-08
983,Bob Lee,bob.lee983@example.com,32,Bangalore,2024-09-29
984,Mike Davis,mike.davis984@example.com,71,Jaipur,2020-12-21
985,Frank Taylor,frank.taylor985@example.com,55,Sydney,2024-07-09
986,Lena Hall,lena.hall986@example.com,55,New York,2023-12-11
987,Lena Thomas,lena.thomas987@example.com,54,Paris,2023-02-27
988,Grace Walker,grace.walker988@example.com,69,Hyderabad,2025-06-10
989,Pam Anderson,pam.anderson989@example.com,37,Paris,2022-10-01
990,Bob Johnson,bob.johnson990@example.com,21,Tokyo,2023-05-17
991,Heidi Smith,heidi.smith991@example.com,51,Mumbai,2020-01-02
992,Karl Hall,karl.hall992@example.com,57,Tokyo,2024-07-09
993,Eve Davis,eve.davis993@example.com,63,Paris,2025-02-24
994,Karl Smith,karl.smith994@example.com,19,Paris,2023-04-16
995,Eve Lee,eve.lee995@example.com,25,Jaipur,2022-12-13
996,Lena Johnson,lena.johnson996@example.com,41,Kolkata,2025-04-13
997,Mike Thomas,mike.thomas997@example.com,24,Sydney,2021-09-10
998,Karl Brown,karl.brown998@example.com,28,Kolkata,2025-04-26
999,Nina Lee,nina.lee999@example.com,58,Mumbai,2023-08-22
1000,Karl Brown,karl.brown1000@example.com,63,Delhi,2023-11-21
1001,Tina Lee,tina.lee1001@example.com,40,Tokyo,2023-09-25
1002,Sam Walker,sam.walker1002@example.com,29,Toronto,2021-09-20
1003,Judy Brown,judy.brown1003@example.com,29,Kolkata,2020-01-04
1004,Sam Garcia,sam.garcia1004@example.com,72,Pune,2025-05-30
1005,Sam Smith,sam.smith1005@example.com,29,Bangalore,2021-10-13
1006,Tina Taylor,tina.taylor1006@example.com,58,Bangalore,2020-08-01
1007,Pam Brown,pam.brown1007@example.com,39,Kolkata,2020-06-08
1008,Heidi Davis,heidi.davis1008@example.com,38,Paris,2023-07-26
1009,Charlie Walker,charlie.walker1009@example.com,63,Chennai,2023-08-01
1010,Karl Wilson,karl.wilson1010@example.com,18,Berlin,2021-03-05
1011,Heidi Martin,heidi.martin1011@example.com,22,Sydney,2021-06-09
1012,Diana Martin,diana.martin1012@example.com,18,New York,2022-03-01
1013,Oscar Martin,oscar.martin1013@example.com,44,Paris,2024-12-16
1014,Nina Wilson,nina.wilson1014@example.com,74,Toronto,2021-12-20
1015,Rita Garcia,rita.garcia1015@example.com,24,Jaipur,2022-09-08
1016,Sam Moore,sam.moore1016@example.com,66,Chennai,2021-04-06
1017,Frank Wilson,frank.wilson1017@example.com,22,Pune,2024-09-28
1018,Bob Miller,bob.miller1018@example.com,19,Sydney,2021-06-18
1019,Diana Johnson,diana.johnson1019@example.com,39,Paris,2024-12-23
1020,Mike Brown,mike.brown1020@example.com,64,London,2023-01-25
1021,Charlie Davis,charlie.davis1021@example.com,56,Bangalore,2025-01-03
1022,Pam Martin,pam.martin1022@example.com,19,Toronto,2025-04-14
1023,Frank Thomas,frank.thomas1023@example.com,74,Toronto,2020-11-17
1024,Bob Johnson,bob.johnson1024@example.com,39,Tokyo,2025-06-18
1025,Grace Garcia,grace.garcia1025@example.com,62,Delhi,2024-01-18
1026,Rita Miller,rita.miller1026@example.com,60,Berlin,2021-09-01
1027,Heidi Johnson,heidi.johnson1027@example.com,21,Toronto,2023-03-16
1028,Rita Walker,rita.walker1028@example.com,49,Paris,2020-04-21
1029,Lena Smith,lena.smith1029@example.com,45,London,2021-08-26
1030,Tina Wilson,tina.wilson1030@example.com,30,London,2020-02-22
1031,Grace Brown,grace.brown1031@example.com,58,Berlin,2020-06-16
1032,Pam Walker,pam.walker1032@example.com,25,Berlin,2024-05-26
1033,Mike Wilson,mike.wilson1033@example.com,49,Hyderabad,2023-09-15
1034,Ivan Johnson,ivan.johnson1034@example.com,59,Delhi,2022-03-04
1035,Frank Davis,frank.davis1035@example.com,74,Toronto,2022-01-26
1036,Frank Wilson,frank.wilson1036@example.com,20,Berlin,2022-06-19
1037,Oscar Miller,oscar.miller1037@example.com,32,Jaipur,2021-07-04
1038,Sam Smith,sam.smith1038@example.com,27,Pune,2023-11-27
1039,Diana Johnson,diana.johnson1039@example.com,60,Sydney,2024-07-13
1040,Rita Garcia,rita.garcia1040@example.com,66,Bangalore,2021-04-10
1041,Rita Smith,rita.smith1041@example.com,71,Toronto,2024-08-03
1042,Quinn Garcia,quinn.garcia1042@example.com,52,Chennai,2024-11-10
1043,Pam Thomas,pam.thomas1043@example.com,74,Tokyo,2022-09-02
1044,Judy Johnson,judy.johnson1044@example.com,43,Hyderabad,2024-10-14
1045,Bob Anderson,bob.anderson1045@example.com,54,Hyderabad,2022-11-24
1046,Sam Moore,sam.moore1046@example.com,57,Paris,2020-09-03
1047,Oscar Brown,oscar.brown1047@example.com,28,Tokyo,2024-07-13
1048,Grace Brown,grace.brown1048@example.com,20,Toronto,2020-06-09
1049,Nina Taylor,nina.taylor1049@example.com,70,Chennai,2020-10-29
1050,Tina Miller,tina.miller1050@example.com,38,Hyderabad,2024-01-29
1051,Charlie Johnson,charlie.johnson1051@example.com,42,Delhi,2022-03-24
1052,Rita Davis,rita.davis1052@example.com,72,Berlin,2022-11-30
1053,Oscar Hall,oscar.hall1053@example.com,73,New York,2024-05-29
1054,Tina Thomas,tina.thomas1054@example.com,51,Pune,2022-05-09
1055,Diana Garcia,diana.garcia1055@example.com,27,Paris,2023-03-06
1056,Sam Thomas,sam.thomas1056@example.com,66,London,2025-03-09
1057,Diana Thomas,diana.thomas1057@example.com,67,London,2024-05-28
1058,Judy Walker,judy.walker1058@example.com,52,Hyderabad,2021-12-05
1059,Nina Miller,nina.miller1059@example.com,42,Chennai,2022-09-21
1060,Sam Thomas,sam.thomas1060@example.com,48,New York,2020-12-18
1061,Ivan Garcia,ivan.garcia1061@example.com,27,Bangalore,2023-05-31
1062,Mike Smith,mike.smith1062@example.com,43,Hyderabad,2024-12-05
1063,Karl Martin,karl.martin1063@example.com,33,New York,2024-03-07
1064,Pam Hall,pam.hall1064@example.com,35,Hyderabad,2022-02-01
1065,Alice Davis,alice.davis1065@example.com,70,Pune,2021-09-12
1066,Judy Miller,judy.miller1066@example.com,71,Mumbai,2024-10-23
1067,Diana Walker,diana.walker1067@example.com,32,Paris,2021-09-07
1068,Oscar Lee,oscar.lee1068@example.com,70,Sydney,2021-07-05
1069,Nina Thomas,nina.thomas1069@example.com,59,London,2021-01-19
1070,Oscar Taylor,oscar.taylor1070@example.com,70,Toronto,2024-02-26
1071,Pam Lee,pam.lee1071@example.com,51,Jaipur,2022-02-04
1072,Bob Anderson,bob.anderson1072@example.com,68,Paris,2020-05-14
1073,Judy Martin,judy.martin1073@example.com,50,Toronto,2020-10-04
1074,Quinn Hall,quinn.hall1074@example.com,54,New York,2020-12-21
1075,Grace Hall,grace.hall1075@example.com,71,Tokyo,2024-09-10
1076,Bob Taylor,bob.taylor1076@example.com,20,Mumbai,2020-04-13
1077,Lena Martin,lena.martin1077@example.com,30,Berlin,2022-01-24
1078,Oscar Anderson,oscar.anderson1078@example.com,43,Chennai,2025-03-05
1079,Diana Moore,diana.moore1079@example.com,19,Tokyo,2022-02-01
1080,Pam Thomas,pam.thomas1080@example.com,46,Paris,2025-05-21
1081,Pam Thomas,pam.thomas1081@example.com,53,Sydney,2021-12-06
1082,Frank Walker,frank.walker1082@example.com,75,Berlin,2024-03-13
1083,Charlie Miller,charlie.miller1083@example.com,19,Toronto,2020-04-11
1084,Frank Walker,frank.walker1084@example.com,54,Pune,2025-05-30
1085,Grace Walker,grace.walker1085@example.com,32,Chennai,2021-04-06
1086,Grace Miller,grace.miller1086@example.com,59,Toronto,2022-11-17
1087,Alice Walker,alice.walker1087@example.com,67,Pune,2023-10-29
1088,Alice Wilson,alice.wilson1088@example.com,26,Chennai,2020-12-20
1089,Tina Lee,tina.lee1089@example.com,18,Tokyo,2021-05-31
1090,Tina Lee,tina.lee1090@example.com,37,Kolkata,2025-06-03
1091,Ivan Garcia,ivan.garcia1091@example.com,75,Toronto,2024-10-10
1092,Lena Wilson,lena.wilson1092@example.com,34,Tokyo,2022-08-13
1093,Judy Moore,judy.moore1093@example.com,51,Jaipur,2023-07-01
1094,Mike Thomas,mike.thomas1094@example.com,24,New York,2022-11-13
1095,Lena Anderson,lena.anderson1095@example.com,59,Bangalore,2023-06-01
1096,Judy Miller,judy.miller1096@example.com,61,London,2022-09-13
1097,Charlie Davis,charlie.davis1097@example.com,35,Chennai,2021-10-27
1098,Ivan Miller,ivan.miller1098@example.com,59,Kolkata,2025-05-04
1099,Judy Taylor,judy.taylor1099@example.com,27,Delhi,2024-04-16
1100,Heidi Hall,heidi.hall1100@example.com,21,Pune,2024-10-21
1101,Tina Garcia,tina.garcia1101@example.com,60,Sydney,2023-10-26
1102,Eve Martin,eve.martin1102@example.com,19,Chennai,2022-10-15
1103,Judy Miller,judy.miller1103@example.com,44,Toronto,2022-03-06
1104,Bob Thomas,bob.thomas1104@example.com,63,Bangalore,2024-07-29
1105,Grace Davis,grace.davis1105@example.com,64,Kolkata,2021-03-31
1106,Rita Moore,rita.moore1106@example.com,68,Mumbai,2025-01-30
1107,Lena Anderson,lena.anderson1107@example.com,37,Jaipur,2020-12-14
1108,Rita Brown,rita.brown1108@example.com,36,London,2022-08-22
1109,Eve Martin,eve.martin1109@example.com,34,Kolkata,2024-07-13
1110,Rita Lee,rita.lee1110@example.com,29,Chennai,2025-01-16
1111,Karl Moore,karl.moore1111@example.com,23,Tokyo,2021-12-28
1112,Heidi Martin,heidi.martin1112@example.com,73,Berlin,2022-05-11
1113,Karl Davis,karl.davis1113@example.com,34,Bangalore,2021-08-25
1114,Oscar Walker,oscar.walker1114@example.com,25,Mumbai,2020-04-19
1115,Sam Thomas,sam.thomas1115@example.com,57,London,2022-08-25
1116,Grace Anderson,grace.anderson1116@example.com,25,Jaipur,2023-10-26
1117,Mike Anderson,mike.anderson1117@example.com,37,Toronto,2020-04-20
1118,Eve Brown,eve.brown1118@example.com,30,Sydney,2022-04-18
1119,Sam Hall,sam.hall1119@example.com,47,Paris,2021-10-09
1120,Frank Lee,frank.lee1120@example.com,23,Mumbai,2021-11-12
1121,Frank Davis,frank.davis1121@example.com,58,New York,2020-01-10
1122,Oscar Miller,oscar.miller1122@example.com,31,Pune,2024-05-03
1123,Frank Thomas,frank.thomas1123@example.com,66,Paris,2022-09-29
1124,Charlie Brown,charlie.brown1124@example.com,57,Toronto,2023-07-21
1125,Nina Garcia,nina.garcia1125@example.com,45,Mumbai,2022-02-24
1126,Alice Smith,alice.smith1126@example.com,52,Tokyo,2024-02-05
1127,Lena Smith,lena.smith1127@example.com,75,Sydney,2024-03-30
1128,Quinn Taylor,quinn.taylor1128@example.com,19,Chennai,2020-01-09
1129,Heidi Taylor,heidi.taylor1129@example.com,62,Hyderabad,2021-12-06
1130,Judy Brown,judy.brown1130@example.com,24,Toronto,2022-10-27
1131,Sam Miller,sam.miller1131@example.com,28,London,2024-08-14
1132,Bob Miller,bob.miller1132@example.com,36,Mumbai,2024-01-30
1133,Quinn Thomas,quinn.thomas1133@example.com,51,Sydney,2022-06-07
1134,Eve Davis,eve.davis1134@example.com,75,Mumbai,2022-01-05
1135,Grace Brown,grace.brown1135@example.com,69,Toronto,2020-02-09
1136,Heidi Taylor,heidi.taylor1136@example.com,64,Paris,2021-03-08
1137,Alice Thomas,alice.thomas1137@example.com,50,Paris,2020-09-09
1138,Lena Martin,lena.martin1138@example.com,59,Pune,2020-03-17
1139,Mike Hall,mike.hall1139@example.com,58,Berlin,2024-04-28
1140,Rita Thomas,rita.thomas1140@example.com,21,Bangalore,2020-04-08
1141,Diana Moore,diana.moore1141@example.com,71,New York,2020-04-08
1142,Diana Garcia,diana.garcia1142@example.com,46,Toronto,2020-09-10
1143,Rita Miller,rita.miller1143@example.com,48,Kolkata,2020-11-09
1144,Grace Martin,grace.martin1144@example.com,61,Chennai,2020-01-20
1145,Judy Garcia,judy.garcia1145@example.com,60,London,2023-09-18
1146,Quinn Miller,quinn.miller1146@example.com,57,Bangalore,2023-12-06
1147,Eve Garcia,eve.garcia1147@example.com,71,Hyderabad,2020-08-02
1148,Quinn Martin,quinn.martin1148@example.com,57,London,2021-08-01
1149,Diana Lee,diana.lee1149@example.com,24,Mumbai,2021-02-10
1150,Tina Taylor,tina.taylor1150@example.com,67,Berlin,2024-08-29
1151,Quinn Taylor,quinn.taylor1151@example.com,40,Kolkata,2022-04-19
1152,Judy Brown,judy.brown1152@example.com,20,Delhi,2022-10-13
1153,Grace Martin,grace.martin1153@example.com,48,Sydney,2021-04-25
1154,Alice Smith,alice.smith1154@example.com,60,London,2025-01-31
1155,Diana Walker,diana.walker1155@example.com,54,Chennai,2022-10-08
1156,Eve Johnson,eve.johnson1156@example.com,67,Delhi,2020-06-02
1157,Diana Hall,diana.hall1157@example.com,34,Chennai,2021-04-18
1158,Oscar Miller,oscar.miller1158@example.com,34,Mumbai,2020-04-12
1159,Diana Walker,diana.walker1159@example.com,29,Jaipur,2020-03-21
1160,Judy Davis,judy.davis1160@example.com,69,Chennai,2021-10-02
1161,Nina Martin,nina.martin1161@example.com,25,London,2024-10-09
1162,Bob Smith,bob.smith1162@example.com,72,Paris,2023-09-20
1163,Frank Davis,frank.davis1163@example.com,40,Hyderabad,2022-06-15
1164,Tina Miller,tina.miller1164@example.com,74,Kolkata,2020-07-09
1165,Lena Walker,lena.walker1165@example.com,39,Paris,2020-08-21
1166,Mike Garcia,mike.garcia1166@example.com,47,Berlin,2024-09-07
1167,Mike Martin,mike.martin1167@example.com,72,Mumbai,2024-06-26
1168,Nina Moore,nina.moore1168@example.com,74,Pune,2020-12-07
1169,Diana Brown,diana.brown1169@example.com,62,Kolkata,2020-04-30
1170,Frank Johnson,frank.johnson1170@example.com,44,Hyderabad,2023-04-24
1171,Pam Lee,pam.lee1171@example.com,54,Chennai,2022-06-16
1172,Frank Thomas,frank.thomas1172@example.com,42,Pune,2022-01-04
1173,Tina Smith,tina.smith1173@example.com,73,Chennai,2024-12-07
1174,Eve Wilson,eve.wilson1174@example.com,49,London,2024-12-22
1175,Nina Wilson,nina.wilson1175@example.com,20,London,2021-06-19
1176,Karl Smith,karl.smith1176@example.com,63,Jaipur,2023-10-20
1177,Quinn Lee,quinn.lee1177@example.com,65,Bangalore,2024-01-22
1178,Sam Taylor,sam.taylor1178@example.com,60,Jaipur,2021-11-23
1179,Quinn Anderson,quinn.anderson1179@example.com,62,Kolkata,2023-06-20
1180,Diana Garcia,diana.garcia1180@example.com,60,Kolkata,2021-05-24
1181,Pam Davis,pam.davis1181@example.com,60,Chennai,2023-08-06
1182,Mike Brown,mike.brown1182@example.com,71,Jaipur,2023-02-17
1183,Tina Smith,tina.smith1183@example.com,18,Chennai,2025-03-28
1184,Frank Anderson,frank.anderson1184@example.com,72,Mumbai,2024-10-10
1185,Pam Walker,pam.walker1185@example.com,28,London,2024-03-18
1186,Pam Davis,pam.davis1186@example.com,33,Sydney,2025-06-09
1187,Ivan Smith,ivan.smith1187@example.com,50,Tokyo,2023-02-01
1188,Mike Garcia,mike.garcia1188@example.com,70,Tokyo,2020-06-10
1189,Oscar Wilson,oscar.wilson1189@example.com,69,Bangalore,2022-07-06
1190,Charlie Walker,charlie.walker1190@example.com,49,Mumbai,2021-10-09
1191,Diana Wilson,diana.wilson1191@example.com,65,Chennai,2020-02-06
1192,Diana Garcia,diana.garcia1192@example.com,44,New York,2023-02-15
1193,Rita Smith,rita.smith1193@example.com,70,London,2024-06-09
1194,Tina Thomas,tina.thomas1194@example.com,58,Berlin,2024-12-27
1195,Quinn Anderson,quinn.anderson1195@example.com,31,Chennai,2023-10-07
1196,Oscar Davis,oscar.davis1196@example.com,41,Jaipur,2020-04-21
1197,Heidi Walker,heidi.walker1197@example.com,47,Sydney,2023-02-21
1198,Tina Thomas,tina.thomas1198@example.com,48,Kolkata,2023-09-07
1199,Lena Martin,lena.martin1199@example.com,46,London,2020-07-18
1200,Heidi Smith,heidi.smith1200@example.com,39,Sydney,2024-08-26
1201,Judy Anderson,judy.anderson1201@example.com,51,Sydney,2023-12-08
1202,Diana Smith,diana.smith1202@example.com,75,Paris,2022-10-05
1203,Eve Walker,eve.walker1203@example.com,63,Kolkata,2024-01-17
1204,Nina Johnson,nina.johnson1204@example.com,34,Bangalore,2021-02-05
1205,Grace Johnson,grace.johnson1205@example.com,72,Toronto,2021-03-17
1206,Oscar Walker,oscar.walker1206@example.com,68,Tokyo,2024-01-07
1207,Karl Johnson,karl.johnson1207@example.com,66,Toronto,2020-04-05
1208,Sam Johnson,sam.johnson1208@example.com,67,Hyderabad,2022-07-11
1209,Oscar Moore,oscar.moore1209@example.com,55,Delhi,2020-10-02
1210,Pam Smith,pam.smith1210@example.com,51,Kolkata,2020-04-09
1211,Rita Hall,rita.hall1211@example.com,45,Jaipur,2023-04-13
1212,Pam Hall,pam.hall1212@example.com,50,Pune,2025-03-01
1213,Frank Martin,frank.martin1213@example.com,55,Paris,2024-02-05
1214,Eve Johnson,eve.johnson1214@example.com,42,Chennai,2023-05-14
1215,Tina Hall,tina.hall1215@example.com,38,Delhi,2024-12-10
1216,Mike Garcia,mike.garcia1216@example.com,56,Hyderabad,2023-11-19
1217,Heidi Miller,heidi.miller1217@example.com,43,Sydney,2025-06-10
1218,Judy Wilson,judy.wilson1218@example.com,69,Paris,2020-10-09
1219,Nina Thomas,nina.thomas1219@example.com,62,Hyderabad,2024-03-12
1220,Quinn Miller,quinn.miller1220@example.com,71,Kolkata,2023-01-26
1221,Karl Martin,karl.martin1221@example.com,65,Hyderabad,2023-02-07
1222,Grace Taylor,grace.taylor1222@example.com,31,Bangalore,2024-01-03
1223,Judy Moore,judy.moore1223@example.com,40,Hyderabad,2023-10-09
1224,Eve Martin,eve.martin1224@example.com,59,Paris,2022-10-28
1225,Rita Martin,rita.martin1225@example.com,58,Sydney,2023-12-25
1226,Diana Lee,diana.lee1226@example.com,40,Delhi,2022-09-10
1227,Sam Thomas,sam.thomas1227@example.com,60,Kolkata,2022-05-04
1228,Rita Miller,rita.miller1228@example.com,74,Jaipur,2022-05-15
1229,Alice Anderson,alice.anderson1229@example.com,24,New York,2022-02-19
1230,Eve Smith,eve.smith1230@example.com,60,New York,2021-02-13
1231,Ivan Lee,ivan.lee1231@example.com,68,Paris,2021-08-09
1232,Ivan Brown,ivan.brown1232@example.com,71,New York,2023-11-15
1233,Judy Taylor,judy.taylor1233@example.com,66,Delhi,2020-03-07
1234,Lena Walker,lena.walker1234@example.com,46,London,2023-06-15
1235,Rita Walker,rita.walker1235@example.com,32,Kolkata,2023-08-18
1236,Rita Garcia,rita.garcia1236@example.com,33,Delhi,2024-05-25
1237,Judy Martin,judy.martin1237@example.com,60,New York,2025-03-12
1238,Mike Garcia,mike.garcia1238@example.com,44,Pune,2025-06-21
1239,Karl Anderson,karl.anderson1239@example.com,21,New York,2024-03-03
1240,Ivan Taylor,ivan.taylor1240@example.com,57,Jaipur,2024-05-18
1241,Oscar Walker,oscar.walker1241@example.com,32,Hyderabad,2023-07-21
1242,Lena Lee,lena.lee1242@example.com,55,Delhi,2024-02-21
1243,Tina Taylor,tina.taylor1243@example.com,67,Kolkata,2025-05-28
1244,Grace Miller,grace.miller1244@example.com,46,Paris,2023-10-30
1245,Charlie Brown,charlie.brown1245@example.com,29,Kolkata,2022-11-18
1246,Diana Garcia,diana.garcia1246@example.com,20,Toronto,2021-07-25
1247,Rita Miller,rita.miller1247@example.com,26,Paris,2023-04-11
1248,Ivan Smith,ivan.smith1248@example.com,39,Mumbai,2023-12-24
1249,Eve Smith,eve.smith1249@example.com,27,Hyderabad,2021-10-22
1250,Tina Smith,tina.smith1250@example.com,67,Hyderabad,2023-07-04
1251,Tina Walker,tina.walker1251@example.com,60,Berlin,2022-10-01
1252,Sam Anderson,sam.anderson1252@example.com,40,London,2024-05-24
1253,Karl Anderson,karl.anderson1253@example.com,32,Paris,2022-12-02
1254,Charlie Lee,charlie.lee1254@example.com,50,Paris,2022-05-01
1255,Rita Anderson,rita.anderson1255@example.com,43,London,2021-12-16
1256,Heidi Hall,heidi.hall1256@example.com,31,Chennai,2021-11-10
1257,Karl Davis,karl.davis1257@example.com,36,Tokyo,2025-04-30
1258,Tina Anderson,tina.anderson1258@example.com,48,Delhi,2024-08-13
1259,Alice Johnson,alice.johnson1259@example.com,60,Sydney,2022-07-01
1260,Heidi Hall,heidi.hall1260@example.com,59,Bangalore,2025-02-24
1261,Tina Taylor,tina.taylor1261@example.com,20,Chennai,2024-12-18
1262,Karl Garcia,karl.garcia1262@example.com,68,London,2022-03-01
1263,Ivan Anderson,ivan.anderson1263@example.com,64,Berlin,2020-02-20
1264,Quinn Walker,quinn.walker1264@example.com,67,Sydney,2022-11-19
1265,Quinn Wilson,quinn.wilson1265@example.com,49,New York,2021-08-30
1266,Grace Davis,grace.davis1266@example.com,50,London,2025-04-25
1267,Diana Brown,diana.brown1267@example.com,67,Delhi,2022-12-28
1268,Alice Moore,alice.moore1268@example.com,22,Tokyo,2023-10-04
1269,Grace Walker,grace.walker1269@example.com,61,Toronto,2024-09-07
1270,Diana Taylor,diana.taylor1270@example.com,52,Jaipur,2023-12-10
1271,Nina Moore,nina.moore1271@example.com,70,London,2024-03-09
1272,Eve Smith,eve.smith1272@example.com,47,Kolkata,2021-11-10
1273,Bob Johnson,bob.johnson1273@example.com,22,New York,2020-12-30
1274,Ivan Anderson,ivan.anderson1274@example.com,22,Bangalore,2024-08-09
1275,Heidi Hall,heidi.hall1275@example.com,34,Toronto,2022-03-05
1276,Oscar Moore,oscar.moore1276@example.com,43,Toronto,2021-10-09
1277,Alice Garcia,alice.garcia1277@example.com,61,London,2022-12-31
1278,Alice Moore,alice.moore1278@example.com,64,Bangalore,2020-05-09
1279,Sam Smith,sam.smith1279@example.com,62,Jaipur,2020-05-28
1280,Lena Hall,lena.hall1280@example.com,50,London,2021-08-16
1281,Judy Thomas,judy.thomas1281@example.com,23,Berlin,2024-04-16
1282,Oscar Garcia,oscar.garcia1282@example.com,43,Jaipur,2023-09-15
1283,Alice Wilson,alice.wilson1283@example.com,28,Delhi,2021-03-26
1284,Eve Martin,eve.martin1284@example.com,43,Pune,2024-06-21
1285,Rita Miller,rita.miller1285@example.com,58,Paris,2021-09-02
1286,Lena Smith,lena.smith1286@example.com,53,Jaipur,2023-02-10
1287,Eve Johnson,eve.johnson1287@example.com,20,New York,2023-03-18
1288,Tina Garcia,tina.garcia1288@example.com,52,Delhi,2025-04-23
1289,Charlie Miller,charlie.miller1289@example.com,31,Kolkata,2024-02-27
1290,Lena Taylor,lena.taylor1290@example.com,44,Hyderabad,2023-08-15
1291,Quinn Brown,quinn.brown1291@example.com,28,Paris,2021-03-28
1292,Tina Walker,tina.walker1292@example.com,34,Tokyo,2020-08-22
1293,Frank Moore,frank.moore1293@example.com,69,Bangalore,2024-10-11
1294,Bob Walker,bob.walker1294@example.com,66,Hyderabad,2023-01-29
1295,Oscar Moore,oscar.moore1295@example.com,53,London,2021-08-18
1296,Charlie Miller,charlie.miller1296@example.com,24,Tokyo,2024-01-26
1297,Sam Wilson,sam.wilson1297@example.com,39,Sydney,2020-09-19
1298,Heidi Johnson,heidi.johnson1298@example.com,36,Bangalore,2020-05-22
1299,Grace Davis,grace.davis1299@example.com,49,Mumbai,2021-11-03
1300,Tina Moore,tina.moore1300@example.com,37,Kolkata,2023-04-11
1301,Eve Thomas,eve.thomas1301@example.com,54,Sydney,2024-07-12
1302,Karl Garcia,karl.garcia1302@example.com,28,New York,2021-10-03
1303,Heidi Lee,heidi.lee1303@example.com,32,Kolkata,2024-02-24
1304,Nina Miller,nina.miller1304@example.com,71,Sydney,2020-10-02
1305,Karl Hall,karl.hall1305@example.com,48,Mumbai,2022-07-01
1306,Lena Lee,lena.lee1306@example.com,37,Mumbai,2023-02-03
1307,Diana Brown,diana.brown1307@example.com,59,Bangalore,2020-06-16
1308,Ivan Walker,ivan.walker1308@example.com,70,Paris,2024-12-30
1309,Rita Taylor,rita.taylor1309@example.com,34,Kolkata,2024-12-20
1310,Charlie Martin,charlie.martin1310@example.com,22,Hyderabad,2020-02-08
1311,Quinn Moore,quinn.moore1311@example.com,19,Jaipur,2023-04-06
1312,Sam Garcia,sam.garcia1312@example.com,67,Bangalore,2021-03-11
1313,Bob Anderson,bob.anderson1313@example.com,34,Delhi,2025-01-04
1314,Rita Wilson,rita.wilson1314@example.com,59,Pune,2020-10-31
1315,Lena Garcia,lena.garcia1315@example.com,32,Hyderabad,2024-04-30
1316,Sam Martin,sam.martin1316@example.com,72,Berlin,2020-10-01
1317,Oscar Anderson,oscar.anderson1317@example.com,50,London,2022-03-23
1318,Lena Anderson,lena.anderson1318@example.com,18,Chennai,2021-05-04
1319,Tina Moore,tina.moore1319@example.com,28,Pune,2022-11-18
1320,Eve Wilson,eve.wilson1320@example.com,28,Paris,2023-03-05
1321,Sam Moore,sam.moore1321@example.com,73,Paris,2024-02-16
1322,Pam Davis,pam.davis1322@example.com,20,Tokyo,2024-04-08
1323,Pam Taylor,pam.taylor1323@example.com,22,Berlin,2022-01-26
1324,Heidi Smith,heidi.smith1324@example.com,60,Tokyo,2022-11-26
1325,Lena Garcia,lena.garcia1325@example.com,48,Hyderabad,2022-07-20
1326,Bob Smith,bob.smith1326@example.com,59,Sydney,2020-07-30
1327,Quinn Moore,quinn.moore1327@example.com,71,Berlin,2024-09-05
1328,Ivan Thomas,ivan.thomas1328@example.com,52,Bangalore,2020-12-22
1329,Mike Moore,mike.moore1329@example.com,42,Sydney,2023-04-18
1330,Charlie Anderson,charlie.anderson1330@example.com,34,Toronto,2025-06-15
1331,Heidi Anderson,heidi.anderson1331@example.com,43,Sydney,2024-07-31
1332,Lena Wilson,lena.wilson1332@example.com,68,Mumbai,2024-12-21
1333,Tina Smith,tina.smith1333@example.com,50,Hyderabad,2020-10-11
1334,Oscar Brown,oscar.brown1334@example.com,32,London,2022-11-19
1335,Ivan Taylor,ivan.taylor1335@example.com,27,Paris,2020-11-18
1336,Lena Thomas,lena.thomas1336@example.com,63,Jaipur,2020-08-30
1337,Heidi Garcia,heidi.garcia1337@example.com,69,Sydney,2024-01-15
1338,Diana Wilson,diana.wilson1338@example.com,61,Mumbai,2022-09-08
1339,Grace Thomas,grace.thomas1339@example.com,28,Chennai,2024-09-02
1340,Nina Smith,nina.smith1340@example.com,33,New York,2020-09-18
1341,Sam Thomas,sam.thomas1341@example.com,28,Paris,2023-07-13
1342,Quinn Smith,quinn.smith1342@example.com,75,Bangalore,2020-10-27
1343,Bob Brown,bob.brown1343@example.com,34,Hyderabad,2021-01-03
1344,Quinn Garcia,quinn.garcia1344@example.com,56,Bangalore,2023-07-29
1345,Alice Hall,alice.hall1345@example.com,64,Kolkata,2023-09-17
1346,Judy Johnson,judy.johnson1346@example.com,31,Mumbai,2023-05-27
1347,Pam Walker,pam.walker1347@example.com,48,Paris,2021-03-25
1348,Nina Thomas,nina.thomas1348@example.com,27,Pune,2023-04-08
1349,Frank Thomas,frank.thomas1349@example.com,60,Delhi,2021-06-25
1350,Frank Martin,frank.martin1350@example.com,61,Sydney,2025-03-03
1351,Oscar Thomas,oscar.thomas1351@example.com,55,London,2021-04-15
1352,Mike Garcia,mike.garcia1352@example.com,26,London,2020-02-03
1353,Grace Anderson,grace.anderson1353@example.com,73,Hyderabad,2022-10-29
1354,Nina Walker,nina.walker1354@example.com,27,Bangalore,2020-07-16
1355,Frank Wilson,frank.wilson1355@example.com,75,Bangalore,2023-05-13
1356,Bob Hall,bob.hall1356@example.com,68,Delhi,2022-10-27
1357,Diana Johnson,diana.johnson1357@example.com,48,Chennai,2020-09-23
1358,Tina Anderson,tina.anderson1358@example.com,70,New York,2025-01-10
1359,Nina Anderson,nina.anderson1359@example.com,44,Sydney,2024-11-26
1360,Bob Martin,bob.martin1360@example.com,51,Toronto,2021-04-14
1361,Pam Lee,pam.lee1361@example.com,67,Toronto,2021-12-18
1362,Sam Lee,sam.lee1362@example.com,65,Hyderabad,2024-04-08
1363,Sam Johnson,sam.johnson1363@example.com,45,Paris,2021-06-05
1364,Pam Lee,pam.lee1364@example.com,32,Hyderabad,2024-10-25
1365,Charlie Miller,charlie.miller1365@example.com,56,Hyderabad,2023-01-18
1366,Nina Miller,nina.miller1366@example.com,30,New York,2023-12-23
1367,Alice Thomas,alice.thomas1367@example.com,51,London,2022-11-30
1368,Alice Garcia,alice.garcia1368@example.com,59,Tokyo,2023-11-09
1369,Karl Garcia,karl.garcia1369@example.com,41,London,2020-11-12
1370,Nina Moore,nina.moore1370@example.com,55,Berlin,2021-06-19
1371,Rita Garcia,rita.garcia1371@example.com,54,Sydney,2023-06-07
1372,Ivan Moore,ivan.moore1372@example.com,43,Pune,2021-02-21
1373,Nina Anderson,nina.anderson1373@example.com,68,Delhi,2022-09-15
1374,Frank Davis,frank.davis1374@example.com,53,Delhi,2022-09-17
1375,Ivan Miller,ivan.miller1375@example.com,54,Sydney,2024-05-04
1376,Mike Martin,mike.martin1376@example.com,26,Jaipur,2024-11-04
1377,Diana Martin,diana.martin1377@example.com,32,Mumbai,2024-05-22
1378,Frank Johnson,frank.johnson1378@example.com,31,Delhi,2022-03-31
1379,Karl Lee,karl.lee1379@example.com,53,Bangalore,2023-11-28
1380,Bob Brown,bob.brown1380@example.com,42,Chennai,2020-01-11
1381,Charlie Walker,charlie.walker1381@example.com,27,Mumbai,2025-03-11
1382,Tina Garcia,tina.garcia1382@example.com,23,London,2021-06-22
1383,Heidi Davis,heidi.davis1383@example.com,23,Bangalore,2020-03-18
1384,Mike Hall,mike.hall1384@example.com,43,Bangalore,2023-09-05
1385,Quinn Miller,quinn.miller1385@example.com,63,Bangalore,2020-04-27
1386,Frank Moore,frank.moore1386@example.com,49,Mumbai,2020-01-22
1387,Grace Walker,grace.walker1387@example.com,60,Hyderabad,2024-07-04
1388,Quinn Miller,quinn.miller1388@example.com,30,New York,2024-05-24
1389,Tina Anderson,tina.anderson1389@example.com,51,Kolkata,2021-04-19
1390,Tina Brown,tina.brown1390@example.com,61,New York,2022-01-06
1391,Heidi Moore,heidi.moore1391@example.com,18,Paris,2020-06-26
1392,Ivan Lee,ivan.lee1392@example.com,43,Sydney,2023-10-03
1393,Mike Garcia,mike.garcia1393@example.com,55,Tokyo,2022-11-26
1394,Alice Martin,alice.martin1394@example.com,63,London,2025-02-25
1395,Charlie Anderson,charlie.anderson1395@example.com,36,Kolkata,2024-08-26
1396,Rita Hall,rita.hall1396@example.com,55,Sydney,2021-12-12
1397,Ivan Taylor,ivan.taylor1397@example.com,56,Tokyo,2022-07-20
1398,Mike Thomas,mike.thomas1398@example.com,18,Berlin,2020-12-24
1399,Nina Anderson,nina.anderson1399@example.com,24,Delhi,2020-05-28
1400,Quinn Miller,quinn.miller1400@example.com,39,London,2024-07-02
1401,Quinn Miller,quinn.miller1401@example.com,74,Delhi,2024-07-23
1402,Sam Miller,sam.miller1402@example.com,62,Mumbai,2025-06-01
1403,Mike Thomas,mike.thomas1403@example.com,48,Pune,2021-05-13
1404,Karl Lee,karl.lee1404@example.com,47,Chennai,2022-08-01
1405,Sam Walker,sam.walker1405@example.com,19,Mumbai,2020-08-26
1406,Ivan Johnson,ivan.johnson1406@example.com,42,Chennai,2024-06-03
1407,Heidi Moore,heidi.moore1407@example.com,62,Tokyo,2024-06-26
1408,Karl Garcia,karl.garcia1408@example.com,40,Delhi,2023-01-02
1409,Alice Martin,alice.martin1409@example.com,71,Berlin,2021-05-23
1410,Judy Johnson,judy.johnson1410@example.com,43,Chennai,2024-03-13
1411,Karl Johnson,karl.johnson1411@example.com,53,Hyderabad,2020-12-31
1412,Pam Davis,pam.davis1412@example.com,40,Tokyo,2025-01-05
1413,Sam Miller,sam.miller1413@example.com,29,Kolkata,2023-10-31
1414,Grace Wilson,grace.wilson1414@example.com,65,Tokyo,2021-04-25
1415,Heidi Walker,heidi.walker1415@example.com,34,Tokyo,2021-04-14
1416,Grace Walker,grace.walker1416@example.com,33,Jaipur,2023-06-20
1417,Lena Brown,lena.brown1417@example.com,67,London,2020-09-02
1418,Charlie Moore,charlie.moore1418@example.com,60,Mumbai,2023-06-11
1419,Alice Lee,alice.lee1419@example.com,72,Delhi,2025-05-15
1420,Bob Walker,bob.walker1420@example.com,48,Sydney,2023-06-25
1421,Karl Wilson,karl.wilson1421@example.com,75,Hyderabad,2025-01-11
1422,Sam Walker,sam.walker1422@example.com,35,Mumbai,2021-01-09
1423,Quinn Miller,quinn.miller1423@example.com,43,Tokyo,2024-03-16
1424,Sam Brown,sam.brown1424@example.com,21,Delhi,2024-06-24
1425,Nina Wilson,nina.wilson1425@example.com,52,New York,2022-10-26
1426,Lena Garcia,lena.garcia1426@example.com,73,Chennai,2024-05-08
1427,Frank Wilson,frank.wilson1427@example.com,25,Kolkata,2022-11-27
1428,Oscar Davis,oscar.davis1428@example.com,62,New York,2020-01-25
1429,Grace Garcia,grace.garcia1429@example.com,55,London,2021-10-28
1430,Lena Thomas,lena.thomas1430@example.com,73,Berlin,2021-01-18
1431,Rita Miller,rita.miller1431@example.com,33,Berlin,2022-08-23
1432,Tina Davis,tina.davis1432@example.com,41,Paris,2022-10-18
1433,Nina Taylor,nina.taylor1433@example.com,44,Kolkata,2024-03-20
1434,Lena Davis,lena.davis1434@example.com,72,Toronto,2021-07-26
1435,Oscar Brown,oscar.brown1435@example.com,54,Paris,2023-03-25
1436,Heidi Walker,heidi.walker1436@example.com,24,Kolkata,2021-07-06
1437,Heidi Anderson,heidi.anderson1437@example.com,45,Jaipur,2022-02-19
1438,Grace Brown,grace.brown1438@example.com,69,Kolkata,2020-11-02
1439,Pam Lee,pam.lee1439@example.com,18,Paris,2022-05-13
1440,Pam Brown,pam.brown1440@example.com,75,Jaipur,2023-07-15
1441,Quinn Anderson,quinn.anderson1441@example.com,64,Sydney,2024-05-27
1442,Pam Miller,pam.miller1442@example.com,34,Delhi,2024-10-24
1443,Sam Smith,sam.smith1443@example.com,43,London,2023-11-15
1444,Frank Smith,frank.smith1444@example.com,31,Jaipur,2021-06-04
1445,Pam Walker,pam.walker1445@example.com,58,London,2022-07-10
1446,Karl Miller,karl.miller1446@example.com,41,Sydney,2023-02-21
1447,Rita Hall,rita.hall1447@example.com,69,Berlin,2021-12-05
1448,Alice Garcia,alice.garcia1448@example.com,25,Sydney,2024-11-11
1449,Tina Taylor,tina.taylor1449@example.com,54,Bangalore,2023-08-23
1450,Rita Brown,rita.brown1450@example.com,67,Berlin,2021-12-28
1451,Karl Moore,karl.moore1451@example.com,50,Mumbai,2024-05-05
1452,Oscar Hall,oscar.hall1452@example.com,23,Toronto,2023-06-10
1453,Judy Wilson,judy.wilson1453@example.com,58,Paris,2024-11-13
1454,Frank Moore,frank.moore1454@example.com,69,Hyderabad,2021-11-21
1455,Nina Moore,nina.moore1455@example.com,57,Bangalore,2022-04-08
1456,Charlie Johnson,charlie.johnson1456@example.com,28,Sydney,2021-04-12
1457,Karl Davis,karl.davis1457@example.com,59,Berlin,2023-12-25
1458,Ivan Thomas,ivan.thomas1458@example.com,59,Toronto,2021-07-09
1459,Oscar Lee,oscar.lee1459@example.com,73,Sydney,2024-03-11
1460,Sam Anderson,sam.anderson1460@example.com,46,Toronto,2020-12-08
1461,Frank Walker,frank.walker1461@example.com,19,Paris,2024-01-30
1462,Heidi Moore,heidi.moore1462@example.com,34,Kolkata,2023-12-06
1463,Charlie Taylor,charlie.taylor1463@example.com,28,Toronto,2020-07-29
1464,Diana Johnson,diana.johnson1464@example.com,74,Mumbai,2023-01-28
1465,Bob Smith,bob.smith1465@example.com,67,Toronto,2022-12-09
1466,Charlie Johnson,charlie.johnson1466@example.com,34,Bangalore,2020-11-14
1467,Charlie Moore,charlie.moore1467@example.com,74,Toronto,2021-09-25
1468,Heidi Taylor,heidi.taylor1468@example.com,65,Berlin,2022-06-26
1469,Eve Brown,eve.brown1469@example.com,51,Jaipur,2020-12-15
1470,Alice Smith,alice.smith1470@example.com,60,Sydney,2024-10-28
1471,Karl Walker,karl.walker1471@example.com,48,Mumbai,2025-06-19
1472,Rita Hall,rita.hall1472@example.com,35,Delhi,2022-06-30
1473,Eve Martin,eve.martin1473@example.com,52,Paris,2023-04-25
1474,Tina Wilson,tina.wilson1474@example.com,58,Kolkata,2023-07-26
1475,Sam Garcia,sam.garcia1475@example.com,51,Chennai,2023-08-02
1476,Rita Miller,rita.miller1476@example.com,40,Mumbai,2023-01-10
1477,Heidi Lee,heidi.lee1477@example.com,23,Mumbai,2021-09-22
1478,Lena Garcia,lena.garcia1478@example.com,34,Paris,2021-09-13
1479,Alice Smith,alice.smith1479@example.com,51,Jaipur,2024-04-01
1480,Eve Davis,eve.davis1480@example.com,36,Mumbai,2022-12-31
1481,Alice Martin,alice.martin1481@example.com,49,Pune,2022-09-04
1482,Judy Smith,judy.smith1482@example.com,67,Toronto,2024-06-22
1483,Judy Thomas,judy.thomas1483@example.com,32,Pune,2020-01-15
1484,Rita Davis,rita.davis1484@example.com,30,Toronto,2024-12-11
1485,Rita Garcia,rita.garcia1485@example.com,43,Tokyo,2020-11-30
1486,Mike Walker,mike.walker1486@example.com,42,Tokyo,2021-06-22
1487,Charlie Garcia,charlie.garcia1487@example.com,58,Tokyo,2022-11-24
1488,Tina Lee,tina.lee1488@example.com,62,Chennai,2021-07-10
1489,Judy Moore,judy.moore1489@example.com,65,Delhi,2024-07-14
1490,Ivan Garcia,ivan.garcia1490@example.com,30,Jaipur,2020-05-20
1491,Frank Brown,frank.brown1491@example.com,36,London,2023-07-28
1492,Oscar Thomas,oscar.thomas1492@example.com,46,Berlin,2023-12-05
1493,Tina Wilson,tina.wilson1493@example.com,30,Sydney,2020-02-09
1494,Eve Smith,eve.smith1494@example.com,52,New York,2021-01-15
1495,Diana Miller,diana.miller1495@example.com,35,Paris,2024-01-04
1496,Oscar Martin,oscar.martin1496@example.com,18,Tokyo,2020-07-03
1497,Eve Smith,eve.smith1497@example.com,49,Tokyo,2021-12-01
1498,Nina Miller,nina.miller1498@example.com,68,Pune,2022-10-17
1499,Lena Wilson,lena.wilson1499@example.com,62,Pune,2020-03-05
1500,Karl Johnson,karl.johnson1500@example.com,71,Pune,2025-05-02
1501,Eve Smith,eve.smith1501@example.com,35,Pune,2022-03-14
1502,Charlie Anderson,charlie.anderson1502@example.com,48,Paris,2021-01-28
1503,Ivan Walker,ivan.walker1503@example.com,42,Jaipur,2020-01-26
1504,Diana Lee,diana.lee1504@example.com,63,Tokyo,2022-02-27
1505,Oscar Taylor,oscar.taylor1505@example.com,65,New York,2021-02-11
1506,Oscar Martin,oscar.martin1506@example.com,67,London,2022-12-03
1507,Grace Wilson,grace.wilson1507@example.com,42,Chennai,2025-05-22
1508,Judy Hall,judy.hall1508@example.com,38,Paris,2023-07-12
1509,Bob Martin,bob.martin1509@example.com,53,Delhi,2020-09-07
1510,Ivan Wilson,ivan.wilson1510@example.com,58,Berlin,2021-02-10
1511,Lena Hall,lena.hall1511@example.com,21,Jaipur,2023-09-27
1512,Grace Johnson,grace.johnson1512@example.com,33,Chennai,2022-06-08
1513,Karl Smith,karl.smith1513@example.com,28,Pune,2021-07-19
1514,Sam Johnson,sam.johnson1514@example.com,43,Pune,2021-05-12
1515,Alice Smith,alice.smith1515@example.com,55,Pune,2023-11-15
1516,Pam Martin,pam.martin1516@example.com,56,Paris,2022-01-30
1517,Charlie Taylor,charlie.taylor1517@example.com,28,Mumbai,2020-07-06
1518,Tina Davis,tina.davis1518@example.com,66,Chennai,2020-05-02
1519,Bob Davis,bob.davis1519@example.com,59,Paris,2023-12-07
1520,Rita Lee,rita.lee1520@example.com,24,Paris,2022-09-26
1521,Heidi Davis,heidi.davis1521@example.com,53,Pune,2023-08-13
1522,Lena Lee,lena.lee1522@example.com,75,Mumbai,2024-02-10
1523,Grace Smith,grace.smith1523@example.com,62,Toronto,2022-01-03
1524,Eve Miller,eve.miller1524@example.com,75,New York,2022-09-20
1525,Oscar Anderson,oscar.anderson1525@example.com,36,Delhi,2023-11-28
1526,Pam Taylor,pam.taylor1526@example.com,54,Paris,2023-01-18
1527,Lena Davis,lena.davis1527@example.com,64,Mumbai,2021-07-17
1528,Tina Hall,tina.hall1528@example.com,73,Delhi,2020-11-24
1529,Charlie Anderson,charlie.anderson1529@example.com,27,Mumbai,2021-08-28
1530,Ivan Anderson,ivan.anderson1530@example.com,41,Mumbai,2020-01-02
1531,Quinn Garcia,quinn.garcia1531@example.com,64,Paris,2024-12-13
1532,Alice Thomas,alice.thomas1532@example.com,72,Sydney,2024-05-08
1533,Tina Taylor,tina.taylor1533@example.com,38,Kolkata,2020-05-09
1534,Rita Walker,rita.walker1534@example.com,42,Tokyo,2022-12-09
1535,Pam Lee,pam.lee1535@example.com,53,Paris,2023-06-09
1536,Judy Davis,judy.davis1536@example.com,44,Chennai,2021-10-21
1537,Diana Johnson,diana.johnson1537@example.com,51,Chennai,2020-05-16
1538,Bob Walker,bob.walker1538@example.com,26,Paris,2024-11-23
1539,Bob Taylor,bob.taylor1539@example.com,24,Mumbai,2021-01-27
1540,Diana Smith,diana.smith1540@example.com,54,Chennai,2024-09-08
1541,Mike Moore,mike.moore1541@example.com,49,Delhi,2023-07-01
1542,Sam Miller,sam.miller1542@example.com,21,Sydney,2021-03-28
1543,Tina Martin,tina.martin1543@example.com,22,New York,2025-03-20
1544,Grace Moore,grace.moore1544@example.com,49,Hyderabad,2024-12-27
1545,Charlie Wilson,charlie.wilson1545@example.com,69,Chennai,2020-05-04
1546,Lena Anderson,lena.anderson1546@example.com,65,Hyderabad,2022-05-01
1547,Lena Lee,lena.lee1547@example.com,63,New York,2024-08-13
1548,Tina Miller,tina.miller1548@example.com,51,New York,2024-02-12
1549,Charlie Walker,charlie.walker1549@example.com,37,London,2025-04-18
1550,Grace Anderson,grace.anderson1550@example.com,24,London,2024-01-25
1551,Heidi Anderson,heidi.anderson1551@example.com,42,Tokyo,2021-01-30
1552,Quinn Moore,quinn.moore1552@example.com,33,Bangalore,2023-07-04
1553,Frank Anderson,frank.anderson1553@example.com,65,Delhi,2022-04-30
1554,Diana Lee,diana.lee1554@example.com,58,Bangalore,2022-01-03
1555,Oscar Martin,oscar.martin1555@example.com,60,Toronto,2024-12-13
1556,Diana Brown,diana.brown1556@example.com,68,Paris,2023-01-31
1557,Mike Anderson,mike.anderson1557@example.com,39,Chennai,2020-11-19
1558,Rita Thomas,rita.thomas1558@example.com,46,Hyderabad,2021-12-22
1559,Karl Anderson,karl.anderson1559@example.com,38,Jaipur,2022-01-31
1560,Nina Lee,nina.lee1560@example.com,58,Toronto,2024-08-18
1561,Karl Thomas,karl.thomas1561@example.com,33,Bangalore,2023-01-22
1562,Grace Garcia,grace.garcia1562@example.com,67,Delhi,2025-03-11
1563,Ivan Davis,ivan.davis1563@example.com,46,Mumbai,2025-05-19
1564,Mike Smith,mike.smith1564@example.com,64,New York,2021-08-05
1565,Tina Smith,tina.smith1565@example.com,51,Paris,2024-12-28
1566,Judy Smith,judy.smith1566@example.com,37,Tokyo,2021-03-15
1567,Karl Smith,karl.smith1567@example.com,67,Jaipur,2025-04-15
1568,Ivan Hall,ivan.hall1568@example.com,53,Delhi,2023-02-13
1569,Sam Hall,sam.hall1569@example.com,54,Paris,2020-07-12
1570,Bob Wilson,bob.wilson1570@example.com,40,Paris,2020-10-10
1571,Ivan Davis,ivan.davis1571@example.com,74,Bangalore,2021-05-26
1572,Heidi Miller,heidi.miller1572@example.com,69,Berlin,2020-07-07
1573,Sam Garcia,sam.garcia1573@example.com,54,Hyderabad,2021-03-21
1574,Charlie Martin,charlie.martin1574@example.com,38,Pune,2022-09-15
1575,Frank Wilson,frank.wilson1575@example.com,70,Hyderabad,2023-11-13
1576,Sam Walker,sam.walker1576@example.com,24,Bangalore,2023-08-08
1577,Judy Smith,judy.smith1577@example.com,64,Pune,2023-03-26
1578,Mike Johnson,mike.johnson1578@example.com,67,New York,2025-03-02
1579,Karl Davis,karl.davis1579@example.com,74,Jaipur,2022-06-08
1580,Nina Hall,nina.hall1580@example.com,73,London,2024-11-16
1581,Heidi Martin,heidi.martin1581@example.com,59,Jaipur,2023-05-18
1582,Alice Moore,alice.moore1582@example.com,67,Chennai,2022-02-22
1583,Bob Miller,bob.miller1583@example.com,51,New York,2021-10-15
1584,Rita Thomas,rita.thomas1584@example.com,27,Sydney,2022-10-25
1585,Heidi Brown,heidi.brown1585@example.com,21,Chennai,2024-02-07
1586,Mike Wilson,mike.wilson1586@example.com,66,Bangalore,2023-03-24
1587,Quinn Johnson,quinn.johnson1587@example.com,32,Toronto,2021-08-16
1588,Mike Brown,mike.brown1588@example.com,26,Sydney,2020-06-18
1589,Pam Thomas,pam.thomas1589@example.com,65,New York,2023-01-27
1590,Mike Miller,mike.miller1590@example.com,23,Toronto,2022-10-24
1591,Nina Lee,nina.lee1591@example.com,62,Paris,2024-04-09
1592,Eve Wilson,eve.wilson1592@example.com,53,Tokyo,2022-09-26
1593,Mike Moore,mike.moore1593@example.com,54,Tokyo,2023-02-23
1594,Tina Martin,tina.martin1594@example.com,51,Tokyo,2021-05-11
1595,Charlie Miller,charlie.miller1595@example.com,67,Toronto,2021-10-24
1596,Sam Johnson,sam.johnson1596@example.com,25,Chennai,2022-04-27
1597,Nina Davis,nina.davis1597@example.com,40,Tokyo,2021-10-18
1598,Lena Thomas,lena.thomas1598@example.com,59,New York,2024-04-25
1599,Judy Brown,judy.brown1599@example.com,40,Bangalore,2024-08-09
1600,Oscar Thomas,oscar.thomas1600@example.com,27,Mumbai,2020-04-01
1601,Heidi Taylor,heidi.taylor1601@example.com,61,Sydney,2020-11-15
1602,Charlie Johnson,charlie.johnson1602@example.com,65,New York,2021-05-12
1603,Tina Hall,tina.hall1603@example.com,27,Jaipur,2024-08-31
1604,Judy Smith,judy.smith1604@example.com,39,Kolkata,2024-07-05
1605,Diana Miller,diana.miller1605@example.com,46,Mumbai,2020-02-16
1606,Karl Taylor,karl.taylor1606@example.com,65,Delhi,2021-03-09
1607,Grace Anderson,grace.anderson1607@example.com,51,Pune,2021-06-13
1608,Rita Wilson,rita.wilson1608@example.com,57,Kolkata,2020-10-16
1609,Alice Garcia,alice.garcia1609@example.com,55,Hyderabad,2023-09-20
1610,Quinn Smith,quinn.smith1610@example.com,34,Paris,2020-05-03
1611,Judy Taylor,judy.taylor1611@example.com,68,Kolkata,2023-06-19
1612,Ivan Smith,ivan.smith1612@example.com,47,Chennai,2025-04-19
1613,Alice Johnson,alice.johnson1613@example.com,42,Chennai,2021-07-09
1614,Lena Walker,lena.walker1614@example.com,24,New York,2021-08-22
1615,Mike Taylor,mike.taylor1615@example.com,42,Delhi,2025-06-23
1616,Diana Hall,diana.hall1616@example.com,38,Mumbai,2024-11-10
1617,Tina Anderson,tina.anderson1617@example.com,23,Paris,2021-02-11
1618,Quinn Wilson,quinn.wilson1618@example.com,53,Hyderabad,2023-12-30
1619,Alice Smith,alice.smith1619@example.com,33,Hyderabad,2022-12-20
1620,Judy Davis,judy.davis1620@example.com,49,Toronto,2024-03-04
1621,Frank Smith,frank.smith1621@example.com,40,Chennai,2021-12-21
1622,Lena Moore,lena.moore1622@example.com,37,Tokyo,2022-10-23
1623,Ivan Lee,ivan.lee1623@example.com,21,Chennai,2021-06-11
1624,Mike Hall,mike.hall1624@example.com,70,New York,2025-04-17
1625,Rita Miller,rita.miller1625@example.com,32,Paris,2021-11-30
1626,Mike Moore,mike.moore1626@example.com,26,London,2024-02-03
1627,Mike Anderson,mike.anderson1627@example.com,61,Bangalore,2024-11-22
1628,Heidi Garcia,heidi.garcia1628@example.com,33,Bangalore,2020-11-08
1629,Nina Miller,nina.miller1629@example.com,56,Sydney,2022-07-08
1630,Rita Brown,rita.brown1630@example.com,31,Chennai,2020-10-10
1631,Sam Anderson,sam.anderson1631@example.com,61,Pune,2021-02-18
1632,Eve Miller,eve.miller1632@example.com,62,Kolkata,2025-01-14
1633,Quinn Hall,quinn.hall1633@example.com,26,Toronto,2025-02-04
1634,Eve Moore,eve.moore1634@example.com,54,Hyderabad,2020-11-19
1635,Karl Johnson,karl.johnson1635@example.com,53,Delhi,2025-04-26
1636,Diana Brown,diana.brown1636@example.com,38,Jaipur,2024-12-06
1637,Eve Martin,eve.martin1637@example.com,19,Pune,2021-10-14
1638,Nina Garcia,nina.garcia1638@example.com,37,Mumbai,2024-03-07
1639,Ivan Brown,ivan.brown1639@example.com,67,Tokyo,2020-08-06
1640,Eve Brown,eve.brown1640@example.com,19,Pune,2023-06-07
1641,Tina Miller,tina.miller1641@example.com,56,Bangalore,2023-06-08
1642,Heidi Thomas,heidi.thomas1642@example.com,32,Tokyo,2023-11-08
1643,Alice Davis,alice.davis1643@example.com,23,Kolkata,2024-05-16
1644,Pam Brown,pam.brown1644@example.com,50,Jaipur,2023-05-23
1645,Pam Martin,pam.martin1645@example.com,59,Sydney,2021-01-11
1646,Mike Wilson,mike.wilson1646@example.com,48,Paris,2020-12-01
1647,Grace Taylor,grace.taylor1647@example.com,20,Toronto,2024-04-14
1648,Alice Hall,alice.hall1648@example.com,35,Toronto,2021-03-31
1649,Grace Lee,grace.lee1649@example.com,31,London,2020-12-28
1650,Oscar Walker,oscar.walker1650@example.com,57,Mumbai,2023-11-09
1651,Karl Walker,karl.walker1651@example.com,47,Hyderabad,2021-05-20
1652,Nina Garcia,nina.garcia1652@example.com,67,New York,2023-05-30
1653,Mike Martin,mike.martin1653@example.com,38,Toronto,2023-06-06
1654,Sam Thomas,sam.thomas1654@example.com,52,Delhi,2023-08-06
1655,Bob Anderson,bob.anderson1655@example.com,24,Mumbai,2022-07-24
1656,Bob Hall,bob.hall1656@example.com,33,Delhi,2023-01-06
1657,Mike Martin,mike.martin1657@example.com,20,Delhi,2022-03-04
1658,Quinn Lee,quinn.lee1658@example.com,58,New York,2021-01-23
1659,Judy Wilson,judy.wilson1659@example.com,43,Hyderabad,2021-09-15
1660,Judy Wilson,judy.wilson1660@example.com,28,Toronto,2021-08-25
1661,Tina Hall,tina.hall1661@example.com,21,Kolkata,2022-11-24
1662,Eve Wilson,eve.wilson1662@example.com,71,Chennai,2022-07-14
1663,Charlie Martin,charlie.martin1663@example.com,50,London,2021-01-03
1664,Sam Hall,sam.hall1664@example.com,62,Delhi,2020-10-04
1665,Mike Garcia,mike.garcia1665@example.com,38,Mumbai,2020-02-21
1666,Frank Wilson,frank.wilson1666@example.com,55,Hyderabad,2023-12-30
1667,Grace Hall,grace.hall1667@example.com,47,London,2021-05-27
1668,Karl Martin,karl.martin1668@example.com,59,Hyderabad,2023-12-28
1669,Frank Martin,frank.martin1669@example.com,64,London,2020-07-05
1670,Diana Martin,diana.martin1670@example.com,46,Chennai,2022-01-13
1671,Charlie Anderson,charlie.anderson1671@example.com,63,Toronto,2024-01-28
1672,Quinn Thomas,quinn.thomas1672@example.com,28,Toronto,2023-02-01
1673,Mike Smith,mike.smith1673@example.com,67,Paris,2025-02-11
1674,Karl Thomas,karl.thomas1674@example.com,73,Chennai,2024-11-01
1675,Eve Brown,eve.brown1675@example.com,73,Paris,2021-01-01
1676,Bob Garcia,bob.garcia1676@example.com,37,Berlin,2024-02-04
1677,Oscar Miller,oscar.miller1677@example.com,58,Paris,2020-08-28
1678,Eve Taylor,eve.taylor1678@example.com,18,Bangalore,2024-04-16
1679,Ivan Smith,ivan.smith1679@example.com,47,Mumbai,2024-10-17
1680,Pam Anderson,pam.anderson1680@example.com,69,New York,2023-05-30
1681,Pam Taylor,pam.taylor1681@example.com,31,Bangalore,2023-09-12
1682,Pam Wilson,pam.wilson1682@example.com,44,Mumbai,2020-06-11
1683,Tina Thomas,tina.thomas1683@example.com,18,Tokyo,2024-12-11
1684,Rita Miller,rita.miller1684@example.com,57,Chennai,2023-02-15
1685,Grace Smith,grace.smith1685@example.com,29,Paris,2020-04-22
1686,Lena Smith,lena.smith1686@example.com,27,Jaipur,2020-03-07
1687,Sam Walker,sam.walker1687@example.com,56,Berlin,2021-11-09
1688,Charlie Smith,charlie.smith1688@example.com,24,Toronto,2020-12-31
1689,Frank Moore,frank.moore1689@example.com,36,Bangalore,2023-09-15
1690,Tina Thomas,tina.thomas1690@example.com,68,Delhi,2020-12-29
1691,Oscar Martin,oscar.martin1691@example.com,55,Sydney,2025-03-22
1692,Bob Johnson,bob.johnson1692@example.com,67,Berlin,2021-10-23
1693,Lena Hall,lena.hall1693@example.com,42,Jaipur,2020-05-18
1694,Nina Walker,nina.walker1694@example.com,53,London,2021-08-22
1695,Pam Brown,pam.brown1695@example.com,25,Kolkata,2024-10-26
1696,Ivan Davis,ivan.davis1696@example.com,51,Toronto,2022-12-10
1697,Grace Martin,grace.martin1697@example.com,31,Bangalore,2020-04-29
1698,Diana Thomas,diana.thomas1698@example.com,64,Chennai,2022-12-19
1699,Charlie Wilson,charlie.wilson1699@example.com,64,Kolkata,2023-05-23
1700,Judy Garcia,judy.garcia1700@example.com,56,Jaipur,2021-10-10
1701,Ivan Anderson,ivan.anderson1701@example.com,54,Bangalore,2021-12-25
1702,Eve Thomas,eve.thomas1702@example.com,54,Mumbai,2022-11-30
1703,Pam Wilson,pam.wilson1703@example.com,69,Paris,2024-12-14
1704,Tina Taylor,tina.taylor1704@example.com,63,Berlin,2021-01-31
1705,Alice Johnson,alice.johnson1705@example.com,19,Mumbai,2023-07-04
1706,Diana Martin,diana.martin1706@example.com,72,Tokyo,2024-06-25
1707,Tina Garcia,tina.garcia1707@example.com,44,New York,2021-11-14
1708,Lena Anderson,lena.anderson1708@example.com,69,Chennai,2021-03-10
1709,Alice Moore,alice.moore1709@example.com,30,Kolkata,2021-07-30
1710,Ivan Lee,ivan.lee1710@example.com,22,Berlin,2021-09-06
1711,Quinn Anderson,quinn.anderson1711@example.com,38,Pune,2020-01-13
1712,Diana Moore,diana.moore1712@example.com,39,Sydney,2022-03-22
1713,Sam Thomas,sam.thomas1713@example.com,19,Jaipur,2020-12-25
1714,Grace Davis,grace.davis1714@example.com,71,Sydney,2025-03-03
1715,Pam Hall,pam.hall1715@example.com,48,Pune,2020-03-13
1716,Eve Wilson,eve.wilson1716@example.com,27,Chennai,2022-08-01
1717,Rita Hall,rita.hall1717@example.com,39,Mumbai,2024-05-24
1718,Nina Hall,nina.hall1718@example.com,65,New York,2024-09-06
1719,Quinn Miller,quinn.miller1719@example.com,54,Kolkata,2023-10-20
1720,Karl Anderson,karl.anderson1720@example.com,52,New York,2021-03-02
1721,Sam Moore,sam.moore1721@example.com,39,Pune,2025-02-19
1722,Lena Johnson,lena.johnson1722@example.com,27,Berlin,2024-09-17
1723,Alice Davis,alice.davis1723@example.com,42,Chennai,2022-12-30
1724,Frank Thomas,frank.thomas1724@example.com,56,Toronto,2021-01-18
1725,Tina Johnson,tina.johnson1725@example.com,73,Pune,2024-03-19
1726,Judy Martin,judy.martin1726@example.com,72,Sydney,2023-12-24
1727,Bob Miller,bob.miller1727@example.com,44,London,2022-10-14
1728,Heidi Davis,heidi.davis1728@example.com,46,Jaipur,2025-05-01
1729,Judy Taylor,judy.taylor1729@example.com,51,Berlin,2020-12-24
1730,Diana Davis,diana.davis1730@example.com,68,New York,2024-05-11
1731,Grace Hall,grace.hall1731@example.com,23,Mumbai,2022-11-02
1732,Alice Lee,alice.lee1732@example.com,48,Hyderabad,2022-10-21
1733,Eve Taylor,eve.taylor1733@example.com,39,Hyderabad,2022-09-17
1734,Quinn Miller,quinn.miller1734@example.com,67,Sydney,2020-10-20
1735,Diana Walker,diana.walker1735@example.com,51,Chennai,2020-09-28
1736,Grace Martin,grace.martin1736@example.com,20,Mumbai,2022-03-04
1737,Quinn Johnson,quinn.johnson1737@example.com,18,Berlin,2025-03-24
1738,Bob Moore,bob.moore1738@example.com,72,Bangalore,2024-11-20
1739,Charlie Davis,charlie.davis1739@example.com,47,Hyderabad,2020-04-04
1740,Diana Anderson,diana.anderson1740@example.com,67,Chennai,2024-03-06
1741,Judy Smith,judy.smith1741@example.com,54,Pune,2021-10-01
1742,Grace Davis,grace.davis1742@example.com,30,Tokyo,2021-08-09
1743,Ivan Anderson,ivan.anderson1743@example.com,38,Pune,2022-06-22
1744,Diana Miller,diana.miller1744@example.com,27,Paris,2021-07-14
1745,Diana Smith,diana.smith1745@example.com,57,Delhi,2022-11-18
1746,Diana Taylor,diana.taylor1746@example.com,52,Sydney,2023-01-30
1747,Karl Miller,karl.miller1747@example.com,27,Kolkata,2024-07-04
1748,Judy Thomas,judy.thomas1748@example.com,33,Paris,2020-05-25
1749,Judy Thomas,judy.thomas1749@example.com,75,Sydney,2023-01-12
1750,Oscar Smith,oscar.smith1750@example.com,26,New York,2022-08-22
1751,Bob Johnson,bob.johnson1751@example.com,42,New York,2020-06-25
1752,Nina Garcia,nina.garcia1752@example.com,29,Kolkata,2023-05-05
1753,Sam Moore,sam.moore1753@example.com,71,Kolkata,2023-12-03
1754,Oscar Thomas,oscar.thomas1754@example.com,40,Berlin,2021-11-11
1755,Grace Martin,grace.martin1755@example.com,66,Chennai,2024-07-15
1756,Rita Johnson,rita.johnson1756@example.com,66,Pune,2022-08-11
1757,Sam Brown,sam.brown1757@example.com,23,Jaipur,2024-07-01
1758,Oscar Johnson,oscar.johnson1758@example.com,47,Berlin,2023-11-02
1759,Oscar Wilson,oscar.wilson1759@example.com,32,Tokyo,2020-10-21
1760,Tina Miller,tina.miller1760@example.com,41,Toronto,2021-01-10
1761,Karl Lee,karl.lee1761@example.com,73,Hyderabad,2021-10-27
1762,Oscar Wilson,oscar.wilson1762@example.com,19,London,2022-08-31
1763,Diana Davis,diana.davis1763@example.com,48,Mumbai,2024-09-28
1764,Frank Miller,frank.miller1764@example.com,67,Sydney,2023-05-22
1765,Sam Brown,sam.brown1765@example.com,50,London,2022-04-10
1766,Diana Davis,diana.davis1766@example.com,53,Chennai,2020-05-25
1767,Judy Anderson,judy.anderson1767@example.com,47,Toronto,2023-04-24
1768,Nina Taylor,nina.taylor1768@example.com,57,Tokyo,2023-01-27
1769,Frank Wilson,frank.wilson1769@example.com,42,London,2021-11-28
1770,Grace Walker,grace.walker1770@example.com,62,Bangalore,2022-06-01
1771,Nina Thomas,nina.thomas1771@example.com,68,Sydney,2023-01-20
1772,Heidi Brown,heidi.brown1772@example.com,60,Chennai,2020-06-08
1773,Sam Walker,sam.walker1773@example.com,49,London,2023-04-27
1774,Tina Wilson,tina.wilson1774@example.com,38,Delhi,2020-07-18
1775,Oscar Brown,oscar.brown1775@example.com,37,Toronto,2020-05-22
1776,Tina Johnson,tina.johnson1776@example.com,61,Jaipur,2023-05-06
1777,Mike Davis,mike.davis1777@example.com,49,Chennai,2023-09-14
1778,Bob Johnson,bob.johnson1778@example.com,31,Jaipur,2020-10-11
1779,Sam Hall,sam.hall1779@example.com,66,Chennai,2024-07-16
1780,Alice Lee,alice.lee1780@example.com,27,Chennai,2020-11-01
1781,Oscar Anderson,oscar.anderson1781@example.com,36,Toronto,2023-06-14
1782,Sam Wilson,sam.wilson1782@example.com,30,Tokyo,2023-10-27
1783,Karl Miller,karl.miller1783@example.com,54,Pune,2025-02-13
1784,Judy Hall,judy.hall1784@example.com,45,Kolkata,2025-02-17
1785,Lena Johnson,lena.johnson1785@example.com,55,New York,2023-06-06
1786,Quinn Garcia,quinn.garcia1786@example.com,72,Paris,2024-10-11
1787,Judy Smith,judy.smith1787@example.com,41,Hyderabad,2023-01-29
1788,Bob Smith,bob.smith1788@example.com,63,Delhi,2024-08-07
1789,Lena Johnson,lena.johnson1789@example.com,73,Berlin,2024-11-07
1790,Alice Taylor,alice.taylor1790@example.com,45,Kolkata,2023-04-23
1791,Mike Moore,mike.moore1791@example.com,38,Kolkata,2022-02-22
1792,Mike Garcia,mike.garcia1792@example.com,45,Delhi,2021-03-08
1793,Frank Wilson,frank.wilson1793@example.com,26,Tokyo,2023-02-11
1794,Mike Walker,mike.walker1794@example.com,41,Jaipur,2022-05-04
1795,Eve Miller,eve.miller1795@example.com,73,Chennai,2020-09-14
1796,Eve Smith,eve.smith1796@example.com,22,Chennai,2020-02-02
1797,Eve Martin,eve.martin1797@example.com,74,Mumbai,2023-09-09
1798,Nina Brown,nina.brown1798@example.com,23,Paris,2023-08-08
1799,Nina Walker,nina.walker1799@example.com,47,Hyderabad,2024-06-03
1800,Tina Hall,tina.hall1800@example.com,45,Bangalore,2021-01-03
1801,Oscar Anderson,oscar.anderson1801@example.com,45,Delhi,2024-08-06
1802,Oscar Garcia,oscar.garcia1802@example.com,40,Tokyo,2021-01-15
1803,Nina Thomas,nina.thomas1803@example.com,18,Bangalore,2022-10-17
1804,Heidi Martin,heidi.martin1804@example.com,50,Berlin,2022-04-21
1805,Rita Thomas,rita.thomas1805@example.com,41,New York,2020-03-18
1806,Sam Wilson,sam.wilson1806@example.com,63,Sydney,2020-08-19
1807,Sam Wilson,sam.wilson1807@example.com,62,London,2020-10-17
1808,Quinn Walker,quinn.walker1808@example.com,66,Pune,2021-07-26
1809,Oscar Anderson,oscar.anderson1809@example.com,23,Delhi,2024-12-27
1810,Tina Johnson,tina.johnson1810@example.com,33,Mumbai,2023-07-15
1811,Charlie Moore,charlie.moore1811@example.com,58,Delhi,2024-06-22
1812,Sam Miller,sam.miller1812@example.com,57,New York,2025-01-24
1813,Karl Anderson,karl.anderson1813@example.com,67,New York,2022-08-18
1814,Oscar Anderson,oscar.anderson1814@example.com,75,Mumbai,2023-03-21
1815,Karl Garcia,karl.garcia1815@example.com,40,Pune,2021-08-26
1816,Judy Brown,judy.brown1816@example.com,20,Kolkata,2025-03-05
1817,Tina Martin,tina.martin1817@example.com,37,Kolkata,2024-05-26
1818,Sam Miller,sam.miller1818@example.com,21,Chennai,2022-08-27
1819,Sam Brown,sam.brown1819@example.com,54,New York,2023-09-06
1820,Judy Lee,judy.lee1820@example.com,65,Bangalore,2020-02-25
1821,Judy Wilson,judy.wilson1821@example.com,23,Paris,2022-11-01
1822,Charlie Walker,charlie.walker1822@example.com,68,Berlin,2021-05-31
1823,Eve Thomas,eve.thomas1823@example.com,35,Berlin,2024-10-22
1824,Ivan Smith,ivan.smith1824@example.com,65,London,2023-05-21
1825,Frank Hall,frank.hall1825@example.com,55,Kolkata,2020-11-05
1826,Oscar Davis,oscar.davis1826@example.com,69,Paris,2021-06-19
1827,Heidi Wilson,heidi.wilson1827@example.com,29,Pune,2022-12-16
1828,Bob Davis,bob.davis1828@example.com,23,Paris,2023-05-04
1829,Eve Walker,eve.walker1829@example.com,49,Pune,2022-04-25
1830,Mike Taylor,mike.taylor1830@example.com,60,Mumbai,2024-01-26
1831,Frank Taylor,frank.taylor1831@example.com,54,Kolkata,2024-09-20
1832,Lena Smith,lena.smith1832@example.com,59,Berlin,2024-03-27
1833,Diana Smith,diana.smith1833@example.com,28,Mumbai,2022-03-27
1834,Pam Miller,pam.miller1834@example.com,48,Kolkata,2025-04-26
1835,Rita Taylor,rita.taylor1835@example.com,42,Chennai,2023-12-16
1836,Mike Wilson,mike.wilson1836@example.com,34,Paris,2022-12-22
1837,Nina Smith,nina.smith1837@example.com,36,Hyderabad,2024-06-20
1838,Oscar Garcia,oscar.garcia1838@example.com,61,Sydney,2025-05-23
1839,Quinn Moore,quinn.moore1839@example.com,20,London,2025-02-22
1840,Rita Moore,rita.moore1840@example.com,40,Jaipur,2022-06-03
1841,Tina Hall,tina.hall1841@example.com,59,Jaipur,2021-07-12
1842,Karl Miller,karl.miller1842@example.com,35,Pune,2020-07-20
1843,Ivan Moore,ivan.moore1843@example.com,55,Toronto,2022-08-02
1844,Heidi Martin,heidi.martin1844@example.com,61,Bangalore,2024-04-26
1845,Grace Anderson,grace.anderson1845@example.com,39,Chennai,2023-11-14
1846,Frank Davis,frank.davis1846@example.com,53,New York,2023-10-09
1847,Alice Walker,alice.walker1847@example.com,22,New York,2022-04-22
1848,Diana Anderson,diana.anderson1848@example.com,24,Chennai,2022-07-02
1849,Lena Taylor,lena.taylor1849@example.com,64,Berlin,2021-05-30
1850,Grace Smith,grace.smith1850@example.com,19,Bangalore,2020-07-07
1851,Bob Thomas,bob.thomas1851@example.com,60,Hyderabad,2024-09-07
1852,Grace Thomas,grace.thomas1852@example.com,58,London,2023-12-21
1853,Diana Johnson,diana.johnson1853@example.com,72,Bangalore,2020-09-23
1854,Mike Moore,mike.moore1854@example.com,66,Hyderabad,2023-08-19
1855,Sam Lee,sam.lee1855@example.com,29,Hyderabad,2020-08-15
1856,Frank Miller,frank.miller1856@example.com,36,Mumbai,2023-09-14
1857,Charlie Moore,charlie.moore1857@example.com,47,Hyderabad,2021-07-20
1858,Nina Martin,nina.martin1858@example.com,75,Chennai,2024-04-25
1859,Karl Miller,karl.miller1859@example.com,28,Pune,2020-05-31
1860,Ivan Lee,ivan.lee1860@example.com,21,Toronto,2022-03-06
1861,Karl Smith,karl.smith1861@example.com,34,Jaipur,2021-06-26
1862,Frank Wilson,frank.wilson1862@example.com,22,Mumbai,2025-03-16
1863,Grace Thomas,grace.thomas1863@example.com,43,Paris,2023-08-14
1864,Pam Johnson,pam.johnson1864@example.com,27,Delhi,2024-04-23
1865,Nina Taylor,nina.taylor1865@example.com,57,Chennai,2020-08-05
1866,Oscar Martin,oscar.martin1866@example.com,34,London,2020-03-12
1867,Charlie Johnson,charlie.johnson1867@example.com,54,Kolkata,2021-05-28
1868,Oscar Smith,oscar.smith1868@example.com,75,Mumbai,2020-10-31
1869,Alice Hall,alice.hall1869@example.com,20,Chennai,2022-03-10
1870,Ivan Brown,ivan.brown1870@example.com,62,Sydney,2025-01-26
1871,Mike Thomas,mike.thomas1871@example.com,18,Delhi,2023-12-20
1872,Pam Wilson,pam.wilson1872@example.com,45,Toronto,2024-09-24
1873,Charlie Anderson,charlie.anderson1873@example.com,32,New York,2022-02-26
1874,Pam Johnson,pam.johnson1874@example.com,54,Delhi,2025-03-29
1875,Lena Davis,lena.davis1875@example.com,61,Berlin,2022-03-31
1876,Bob Moore,bob.moore1876@example.com,59,London,2022-01-18
1877,Rita Walker,rita.walker1877@example.com,39,London,2024-09-18
1878,Oscar Lee,oscar.lee1878@example.com,67,Berlin,2023-08-19
1879,Grace Brown,grace.brown1879@example.com,53,New York,2025-06-04
1880,Mike Moore,mike.moore1880@example.com,30,Berlin,2023-11-26
1881,Mike Hall,mike.hall1881@example.com,24,Chennai,2023-11-11
1882,Lena Wilson,lena.wilson1882@example.com,23,Hyderabad,2023-07-19
1883,Oscar Martin,oscar.martin1883@example.com,30,Paris,2020-03-14
1884,Grace Smith,grace.smith1884@example.com,64,Bangalore,2021-05-03
1885,Pam Garcia,pam.garcia1885@example.com,22,Pune,2023-01-12
1886,Judy Wilson,judy.wilson1886@example.com,52,Jaipur,2024-07-20
1887,Oscar Smith,oscar.smith1887@example.com,20,Sydney,2020-04-24
1888,Karl Lee,karl.lee1888@example.com,64,New York,2022-04-10
1889,Diana Taylor,diana.taylor1889@example.com,69,Chennai,2023-09-28
1890,Quinn Wilson,quinn.wilson1890@example.com,61,Jaipur,2024-11-25
1891,Rita Brown,rita.brown1891@example.com,65,Bangalore,2021-04-22
1892,Charlie Smith,charlie.smith1892@example.com,65,Paris,2022-09-28
1893,Alice Wilson,alice.wilson1893@example.com,57,New York,2021-05-12
1894,Eve Smith,eve.smith1894@example.com,29,Chennai,2020-04-12
1895,Judy Walker,judy.walker1895@example.com,68,London,2022-07-23
1896,Tina Brown,tina.brown1896@example.com,71,Bangalore,2020-05-10
1897,Diana Johnson,diana.johnson1897@example.com,49,Bangalore,2024-06-24
1898,Tina Taylor,tina.taylor1898@example.com,22,Pune,2021-02-19
1899,Nina Davis,nina.davis1899@example.com,69,Jaipur,2024-02-20
1900,Mike Davis,mike.davis1900@example.com,25,Chennai,2023-03-25
1901,Rita Brown,rita.brown1901@example.com,38,Jaipur,2025-05-29
1902,Grace Lee,grace.lee1902@example.com,20,Bangalore,2020-12-21
1903,Karl Johnson,karl.johnson1903@example.com,25,Berlin,2020-10-16
1904,Nina Brown,nina.brown1904@example.com,62,Sydney,2023-02-07
1905,Frank Wilson,frank.wilson1905@example.com,33,Hyderabad,2023-04-06
1906,Bob Brown,bob.brown1906@example.com,24,Pune,2024-10-01
1907,Tina Garcia,tina.garcia1907@example.com,67,Paris,2020-02-02
1908,Pam Johnson,pam.johnson1908@example.com,18,New York,2021-01-02
1909,Charlie Martin,charlie.martin1909@example.com,59,Bangalore,2024-12-21
1910,Judy Garcia,judy.garcia1910@example.com,62,Pune,2024-06-10
1911,Pam Martin,pam.martin1911@example.com,26,Tokyo,2020-10-20
1912,Ivan Anderson,ivan.anderson1912@example.com,46,Toronto,2021-05-04
1913,Frank Thomas,frank.thomas1913@example.com,62,New York,2023-05-06
1914,Frank Martin,frank.martin1914@example.com,49,Bangalore,2025-04-30
1915,Charlie Moore,charlie.moore1915@example.com,70,Pune,2021-09-08
1916,Lena Garcia,lena.garcia1916@example.com,18,Delhi,2021-04-27
1917,Grace Johnson,grace.johnson1917@example.com,51,London,2023-06-21
1918,Lena Walker,lena.walker1918@example.com,66,Delhi,2022-11-05
1919,Heidi Wilson,heidi.wilson1919@example.com,67,Chennai,2023-09-12
1920,Grace Miller,grace.miller1920@example.com,21,Tokyo,2020-08-18
1921,Eve Moore,eve.moore1921@example.com,72,Hyderabad,2022-08-29
1922,Pam Brown,pam.brown1922@example.com,28,Chennai,2025-03-04
1923,Bob Smith,bob.smith1923@example.com,59,Sydney,2021-08-06
1924,Grace Garcia,grace.garcia1924@example.com,34,Sydney,2023-06-17
1925,Oscar Smith,oscar.smith1925@example.com,24,Kolkata,2020-04-17
1926,Rita Brown,rita.brown1926@example.com,28,Pune,2020-02-29
1927,Pam Anderson,pam.anderson1927@example.com,25,London,2025-01-07
1928,Heidi Martin,heidi.martin1928@example.com,46,Bangalore,2023-04-02
1929,Karl Garcia,karl.garcia1929@example.com,30,Kolkata,2023-10-18
1930,Karl Taylor,karl.taylor1930@example.com,67,London,2021-10-29
1931,Heidi Johnson,heidi.johnson1931@example.com,33,Kolkata,2022-04-24
1932,Grace Garcia,grace.garcia1932@example.com,75,Tokyo,2020-05-30
1933,Pam Thomas,pam.thomas1933@example.com,49,New York,2024-12-28
1934,Nina Brown,nina.brown1934@example.com,31,Hyderabad,2023-06-02
1935,Oscar Brown,oscar.brown1935@example.com,42,Sydney,2020-10-06
1936,Oscar Martin,oscar.martin1936@example.com,30,Chennai,2022-01-04
1937,Ivan Taylor,ivan.taylor1937@example.com,39,Paris,2020-03-06
1938,Sam Smith,sam.smith1938@example.com,35,Paris,2020-08-15
1939,Oscar Wilson,oscar.wilson1939@example.com,44,Paris,2024-04-06
1940,Karl Taylor,karl.taylor1940@example.com,74,Berlin,2023-05-21
1941,Frank Lee,frank.lee1941@example.com,68,Chennai,2025-05-05
1942,Tina Hall,tina.hall1942@example.com,28,Bangalore,2025-06-09
1943,Rita Walker,rita.walker1943@example.com,32,London,2022-04-23
1944,Quinn Wilson,quinn.wilson1944@example.com,73,Tokyo,2023-04-26
1945,Pam Walker,pam.walker1945@example.com,47,Berlin,2020-01-30
1946,Nina Martin,nina.martin1946@example.com,73,Tokyo,2021-05-22
1947,Karl Garcia,karl.garcia1947@example.com,55,Tokyo,2024-12-31
1948,Sam Brown,sam.brown1948@example.com,54,Hyderabad,2020-01-11
1949,Nina Smith,nina.smith1949@example.com,20,Mumbai,2024-02-11
1950,Quinn Smith,quinn.smith1950@example.com,45,Delhi,2022-03-18
1951,Pam Lee,pam.lee1951@example.com,69,Kolkata,2024-08-09
1952,Diana Wilson,diana.wilson1952@example.com,49,Tokyo,2020-06-19
1953,Rita Lee,rita.lee1953@example.com,18,Kolkata,2024-02-07
1954,Nina Taylor,nina.taylor1954@example.com,26,Sydney,2021-08-28
1955,Heidi Moore,heidi.moore1955@example.com,23,New York,2022-09-09
1956,Judy Brown,judy.brown1956@example.com,63,Mumbai,2024-10-23
1957,Sam Martin,sam.martin1957@example.com,55,New York,2025-06-22
1958,Oscar Wilson,oscar.wilson1958@example.com,67,Paris,2024-11-25
1959,Mike Brown,mike.brown1959@example.com,68,Jaipur,2022-01-28
1960,Oscar Martin,oscar.martin1960@example.com,58,New York,2024-10-28
1961,Charlie Garcia,charlie.garcia1961@example.com,75,Kolkata,2021-11-12
1962,Quinn Smith,quinn.smith1962@example.com,36,Toronto,2024-03-21
1963,Ivan Martin,ivan.martin1963@example.com,57,Delhi,2023-03-24
1964,Grace Lee,grace.lee1964@example.com,61,London,2023-06-24
1965,Karl Martin,karl.martin1965@example.com,21,Delhi,2025-04-20
1966,Lena Hall,lena.hall1966@example.com,21,London,2022-02-23
1967,Lena Wilson,lena.wilson1967@example.com,57,New York,2022-01-18
1968,Lena Brown,lena.brown1968@example.com,59,Delhi,2023-12-14
1969,Charlie Anderson,charlie.anderson1969@example.com,63,Pune,2021-02-23
1970,Eve Davis,eve.davis1970@example.com,33,Delhi,2020-08-20
1971,Pam Martin,pam.martin1971@example.com,66,Bangalore,2024-11-19
1972,Grace Lee,grace.lee1972@example.com,65,Pune,2021-04-06
1973,Karl Davis,karl.davis1973@example.com,75,Berlin,2022-10-28
1974,Nina Miller,nina.miller1974@example.com,21,London,2022-02-02
1975,Lena Wilson,lena.wilson1975@example.com,49,Delhi,2022-12-14
1976,Diana Wilson,diana.wilson1976@example.com,63,Delhi,2023-10-21
1977,Rita Hall,rita.hall1977@example.com,36,Mumbai,2023-06-25
1978,Lena Lee,lena.lee1978@example.com,61,Kolkata,2024-07-14
1979,Charlie Taylor,charlie.taylor1979@example.com,75,Hyderabad,2022-07-26
1980,Charlie Johnson,charlie.johnson1980@example.com,43,Hyderabad,2021-01-01
1981,Judy Johnson,judy.johnson1981@example.com,24,Paris,2021-07-19
1982,Diana Martin,diana.martin1982@example.com,27,Mumbai,2020-11-04
1983,Grace Anderson,grace.anderson1983@example.com,58,New York,2021-08-23
1984,Nina Moore,nina.moore1984@example.com,52,Hyderabad,2020-09-27
1985,Pam Davis,pam.davis1985@example.com,44,Mumbai,2024-02-19
1986,Alice Miller,alice.miller1986@example.com,30,London,2020-02-15
1987,Heidi Walker,heidi.walker1987@example.com,51,Chennai,2021-11-18
1988,Nina Thomas,nina.thomas1988@example.com,39,Chennai,2023-08-16
1989,Karl Wilson,karl.wilson1989@example.com,55,Chennai,2023-11-28
1990,Quinn Walker,quinn.walker1990@example.com,53,Mumbai,2022-07-26
1991,Judy Thomas,judy.thomas1991@example.com,26,Hyderabad,2024-06-04
1992,Judy Brown,judy.brown1992@example.com,68,Berlin,2021-04-09
1993,Pam Davis,pam.davis1993@example.com,36,Pune,2024-09-27
1994,Bob Brown,bob.brown1994@example.com,40,Berlin,2022-07-22
1995,Frank Thomas,frank.thomas1995@example.com,28,Kolkata,2023-01-01
1996,Judy Brown,judy.brown1996@example.com,29,Jaipur,2023-12-21
1997,Eve Brown,eve.brown1997@example.com,33,London,2020-03-25
1998,Karl Thomas,karl.thomas1998@example.com,26,Mumbai,2021-06-17
1999,Lena Brown,lena.brown1999@example.com,31,Delhi,2023-12-19
2000,Bob Moore,bob.moore2000@example.com,38,Sydney,2020-10-29
2001,Lena Wilson,lena.wilson2001@example.com,52,Paris,2022-12-28
2002,Judy Johnson,judy.johnson2002@example.com,19,Toronto,2025-03-21
2003,Pam Lee,pam.lee2003@example.com,27,Mumbai,2025-03-15
2004,Karl Brown,karl.brown2004@example.com,18,Kolkata,2023-01-23
2005,Quinn Davis,quinn.davis2005@example.com,59,Kolkata,2021-08-28
2006,Pam Hall,pam.hall2006@example.com,36,Pune,2023-03-20
2007,Eve Lee,eve.lee2007@example.com,54,Kolkata,2025-01-31
2008,Oscar Davis,oscar.davis2008@example.com,62,London,2024-02-07
2009,Pam Hall,pam.hall2009@example.com,20,Paris,2023-10-20
2010,Rita Johnson,rita.johnson2010@example.com,37,New York,2022-04-02
2011,Tina Walker,tina.walker2011@example.com,32,Mumbai,2022-01-01
2012,Charlie Davis,charlie.davis2012@example.com,21,Bangalore,2023-08-06
2013,Grace Thomas,grace.thomas2013@example.com,51,Tokyo,2024-05-19
2014,Ivan Taylor,ivan.taylor2014@example.com,19,London,2023-01-07
2015,Oscar Moore,oscar.moore2015@example.com,60,London,2025-06-21
2016,Quinn Garcia,quinn.garcia2016@example.com,30,Mumbai,2021-10-12
2017,Tina Thomas,tina.thomas2017@example.com,50,New York,2025-02-03
2018,Lena Garcia,lena.garcia2018@example.com,27,Kolkata,2024-10-14
2019,Nina Davis,nina.davis2019@example.com,42,Sydney,2020-01-25
2020,Judy Davis,judy.davis2020@example.com,40,Berlin,2022-07-01
2021,Rita Johnson,rita.johnson2021@example.com,31,Kolkata,2024-12-23
2022,Oscar Martin,oscar.martin2022@example.com,44,Pune,2022-06-25
2023,Judy Brown,judy.brown2023@example.com,69,Kolkata,2025-06-10
2024,Nina Martin,nina.martin2024@example.com,75,Toronto,2020-10-12
2025,Sam Thomas,sam.thomas2025@example.com,23,Paris,2021-03-01
2026,Judy Wilson,judy.wilson2026@example.com,73,Delhi,2021-11-17
2027,Charlie Hall,charlie.hall2027@example.com,55,Pune,2022-02-08
2028,Charlie Smith,charlie.smith2028@example.com,44,Chennai,2025-02-15
2029,Ivan Garcia,ivan.garcia2029@example.com,29,Delhi,2022-08-04
2030,Sam Lee,sam.lee2030@example.com,26,Tokyo,2021-01-15
2031,Mike Miller,mike.miller2031@example.com,53,Mumbai,2020-03-27
2032,Judy Walker,judy.walker2032@example.com,55,Berlin,2022-10-08
2033,Rita Martin,rita.martin2033@example.com,47,Tokyo,2020-02-24
2034,Alice Brown,alice.brown2034@example.com,34,Berlin,2025-05-11
2035,Pam Johnson,pam.johnson2035@example.com,59,Chennai,2025-01-02
2036,Judy Garcia,judy.garcia2036@example.com,29,Mumbai,2025-01-31
2037,Heidi Smith,heidi.smith2037@example.com,25,Pune,2021-07-21
2038,Pam Johnson,pam.johnson2038@example.com,56,Kolkata,2022-01-10
2039,Sam Wilson,sam.wilson2039@example.com,54,Toronto,2024-11-13
2040,Ivan Moore,ivan.moore2040@example.com,61,Mumbai,2025-06-18
2041,Diana Davis,diana.davis2041@example.com,50,Kolkata,2023-03-24
2042,Alice Walker,alice.walker2042@example.com,34,Paris,2023-04-06
2043,Bob Brown,bob.brown2043@example.com,38,Mumbai,2024-12-03
2044,Eve Davis,eve.davis2044@example.com,28,New York,2021-07-12
2045,Lena Garcia,lena.garcia2045@example.com,58,Hyderabad,2025-05-10
2046,Lena Smith,lena.smith2046@example.com,36,Berlin,2022-12-20
2047,Charlie Anderson,charlie.anderson2047@example.com,30,Pune,2023-07-10
2048,Frank Lee,frank.lee2048@example.com,24,Bangalore,2024-03-21
2049,Frank Anderson,frank.anderson2049@example.com,38,Jaipur,2021-10-09
2050,Judy Miller,judy.miller2050@example.com,61,Kolkata,2023-11-10
2051,Lena Johnson,lena.johnson2051@example.com,52,Bangalore,2021-12-21
2052,Eve Smith,eve.smith2052@example.com,26,Delhi,2021-07-30
2053,Lena Lee,lena.lee2053@example.com,49,Toronto,2021-11-27
2054,Frank Johnson,frank.johnson2054@example.com,31,Paris,2022-10-27
2055,Heidi Walker,heidi.walker2055@example.com,30,Pune,2025-01-11
2056,Rita Thomas,rita.thomas2056@example.com,62,Jaipur,2025-05-04
2057,Quinn Walker,quinn.walker2057@example.com,52,Kolkata,2023-02-02
2058,Diana Garcia,diana.garcia2058@example.com,47,Hyderabad,2020-06-05
2059,Diana Walker,diana.walker2059@example.com,26,Hyderabad,2020-02-05
2060,Pam Davis,pam.davis2060@example.com,37,Kolkata,2022-01-12
2061,Eve Walker,eve.walker2061@example.com,46,Hyderabad,2023-05-08
2062,Quinn Lee,quinn.lee2062@example.com,39,Paris,2023-12-24
2063,Judy Smith,judy.smith2063@example.com,65,Jaipur,2020-08-30
2064,Heidi Brown,heidi.brown2064@example.com,72,Kolkata,2020-10-18
2065,Heidi Miller,heidi.miller2065@example.com,26,Tokyo,2020-09-23
2066,Charlie Garcia,charlie.garcia2066@example.com,62,Pune,2024-05-24
2067,Diana Johnson,diana.johnson2067@example.com,19,Pune,2022-09-18
2068,Nina Smith,nina.smith2068@example.com,30,London,2020-03-08
2069,Quinn Thomas,quinn.thomas2069@example.com,21,Mumbai,2020-08-31
2070,Ivan Smith,ivan.smith2070@example.com,22,Berlin,2023-09-29
2071,Alice Lee,alice.lee2071@example.com,24,Pune,2020-09-10
2072,Tina Taylor,tina.taylor2072@example.com,55,Hyderabad,2021-02-13
2073,Frank Moore,frank.moore2073@example.com,40,New York,2020-07-04
2074,Eve Walker,eve.walker2074@example.com,65,Berlin,2025-04-27
2075,Sam Davis,sam.davis2075@example.com,40,Paris,2024-10-17
2076,Quinn Lee,quinn.lee2076@example.com,64,Bangalore,2021-05-10
2077,Quinn Thomas,quinn.thomas2077@example.com,22,London,2024-08-05
2078,Sam Lee,sam.lee2078@example.com,18,Delhi,2021-03-20
2079,Grace Miller,grace.miller2079@example.com,28,Hyderabad,2024-03-24
2080,Rita Smith,rita.smith2080@example.com,64,London,2025-03-07
2081,Grace Hall,grace.hall2081@example.com,50,Jaipur,2023-12-20
2082,Pam Davis,pam.davis2082@example.com,62,Bangalore,2021-01-14
2083,Oscar Moore,oscar.moore2083@example.com,24,Paris,2024-09-05
2084,Lena Garcia,lena.garcia2084@example.com,45,Tokyo,2022-11-19
2085,Heidi Garcia,heidi.garcia2085@example.com,25,Pune,2021-10-05
2086,Diana Wilson,diana.wilson2086@example.com,25,Delhi,2020-10-05
2087,Pam Lee,pam.lee2087@example.com,41,Kolkata,2021-08-13
2088,Rita Martin,rita.martin2088@example.com,20,London,2021-11-02
2089,Pam Johnson,pam.johnson2089@example.com,42,Berlin,2022-07-24
2090,Tina Martin,tina.martin2090@example.com,37,Chennai,2025-06-22
2091,Oscar Taylor,oscar.taylor2091@example.com,53,Toronto,2021-08-18
2092,Nina Taylor,nina.taylor2092@example.com,72,London,2025-01-06
2093,Pam Moore,pam.moore2093@example.com,41,Paris,2020-01-27
2094,Pam Moore,pam.moore2094@example.com,24,Toronto,2022-06-16
2095,Quinn Moore,quinn.moore2095@example.com,61,London,2020-09-01
2096,Eve Garcia,eve.garcia2096@example.com,43,Kolkata,2023-04-24
2097,Diana Martin,diana.martin2097@example.com,75,Paris,2020-05-12
2098,Lena Taylor,lena.taylor2098@example.com,39,Tokyo,2023-05-03
2099,Mike Johnson,mike.johnson2099@example.com,32,Jaipur,2022-05-19
2100,Pam Miller,pam.miller2100@example.com,66,Kolkata,2024-04-17
2101,Sam Thomas,sam.thomas2101@example.com,35,Pune,2024-06-04
2102,Mike Davis,mike.davis2102@example.com,48,Chennai,2023-05-20
2103,Mike Wilson,mike.wilson2103@example.com,50,Berlin,2020-10-28
2104,Oscar Johnson,oscar.johnson2104@example.com,25,Berlin,2022-09-29
2105,Pam Taylor,pam.taylor2105@example.com,58,Paris,2020-03-01
2106,Diana Martin,diana.martin2106@example.com,21,Jaipur,2020-05-19
2107,Pam Moore,pam.moore2107@example.com,19,Paris,2022-02-22
2108,Tina Moore,tina.moore2108@example.com,38,Paris,2021-09-12
2109,Tina Thomas,tina.thomas2109@example.com,24,Pune,2020-06-05
2110,Quinn Lee,quinn.lee2110@example.com,49,Pune,2022-08-12
2111,Grace Miller,grace.miller2111@example.com,60,Mumbai,2022-10-01
2112,Quinn Miller,quinn.miller2112@example.com,52,Sydney,2024-07-15
2113,Rita Anderson,rita.anderson2113@example.com,19,Pune,2020-03-05
2114,Nina Hall,nina.hall2114@example.com,25,Toronto,2022-07-10
2115,Karl Walker,karl.walker2115@example.com,42,Mumbai,2022-07-30
2116,Bob Smith,bob.smith2116@example.com,29,Delhi,2023-09-12
2117,Judy Hall,judy.hall2117@example.com,63,Paris,2022-10-03
2118,Nina Brown,nina.brown2118@example.com,37,Kolkata,2022-03-07
2119,Pam Lee,pam.lee2119@example.com,25,Bangalore,2023-10-14
2120,Pam Moore,pam.moore2120@example.com,53,Chennai,2023-01-09
2121,Sam Wilson,sam.wilson2121@example.com,48,Delhi,2024-10-15
2122,Frank Anderson,frank.anderson2122@example.com,21,Toronto,2021-06-23
2123,Pam Thomas,pam.thomas2123@example.com,42,Bangalore,2023-10-17
2124,Lena Lee,lena.lee2124@example.com,36,Sydney,2020-05-05
2125,Alice Thomas,alice.thomas2125@example.com,20,Paris,2024-09-10
2126,Lena Davis,lena.davis2126@example.com,69,Kolkata,2023-04-10
2127,Alice Lee,alice.lee2127@example.com,75,Chennai,2021-11-29
2128,Mike Johnson,mike.johnson2128@example.com,45,Sydney,2022-01-01
2129,Nina Davis,nina.davis2129@example.com,21,Chennai,2021-05-15
2130,Heidi Taylor,heidi.taylor2130@example.com,59,Berlin,2023-04-28
2131,Charlie Hall,charlie.hall2131@example.com,62,London,2024-11-14
2132,Judy Johnson,judy.johnson2132@example.com,39,Paris,2020-02-10
2133,Rita Davis,rita.davis2133@example.com,20,Mumbai,2023-09-09
2134,Nina Thomas,nina.thomas2134@example.com,50,Hyderabad,2022-05-12
2135,Ivan Smith,ivan.smith2135@example.com,62,Mumbai,2023-04-19
2136,Alice Davis,alice.davis2136@example.com,42,Bangalore,2022-03-10
2137,Karl Thomas,karl.thomas2137@example.com,24,Pune,2022-09-27
2138,Diana Martin,diana.martin2138@example.com,61,Tokyo,2021-11-19
2139,Pam Anderson,pam.anderson2139@example.com,69,Pune,2023-09-28
2140,Karl Brown,karl.brown2140@example.com,57,Berlin,2022-01-14
2141,Nina Taylor,nina.taylor2141@example.com,49,Chennai,2024-10-01
2142,Charlie Walker,charlie.walker2142@example.com,72,Delhi,2021-03-14
2143,Judy Miller,judy.miller2143@example.com,21,Berlin,2023-03-20
2144,Mike Lee,mike.lee2144@example.com,32,Bangalore,2024-03-01
2145,Charlie Martin,charlie.martin2145@example.com,72,Bangalore,2020-07-13
2146,Sam Davis,sam.davis2146@example.com,35,London,2023-03-06
2147,Quinn Wilson,quinn.wilson2147@example.com,45,Tokyo,2021-12-12
2148,Charlie Moore,charlie.moore2148@example.com,70,Berlin,2022-10-30
2149,Judy Garcia,judy.garcia2149@example.com,60,Delhi,2021-10-03
2150,Grace Garcia,grace.garcia2150@example.com,43,Berlin,2023-07-03
2151,Quinn Wilson,quinn.wilson2151@example.com,60,Pune,2023-01-26
2152,Frank Hall,frank.hall2152@example.com,19,Chennai,2023-12-11
2153,Quinn Walker,quinn.walker2153@example.com,29,Bangalore,2022-10-19
2154,Grace Moore,grace.moore2154@example.com,70,Kolkata,2025-04-05
2155,Oscar Miller,oscar.miller2155@example.com,58,Delhi,2024-07-14
2156,Tina Walker,tina.walker2156@example.com,67,Hyderabad,2022-06-07
2157,Sam Martin,sam.martin2157@example.com,58,New York,2022-12-05
2158,Grace Davis,grace.davis2158@example.com,47,Paris,2021-05-07
2159,Eve Martin,eve.martin2159@example.com,61,Pune,2021-09-06
2160,Nina Garcia,nina.garcia2160@example.com,38,Jaipur,2024-08-27
2161,Charlie Moore,charlie.moore2161@example.com,31,Jaipur,2022-04-24
2162,Ivan Walker,ivan.walker2162@example.com,36,Chennai,2020-11-24
2163,Ivan Moore,ivan.moore2163@example.com,56,Tokyo,2022-04-11
2164,Heidi Johnson,heidi.johnson2164@example.com,27,Tokyo,2020-02-26
2165,Heidi Lee,heidi.lee2165@example.com,70,Berlin,2022-08-08
2166,Pam Anderson,pam.anderson2166@example.com,45,Toronto,2023-08-17
2167,Bob Taylor,bob.taylor2167@example.com,28,Berlin,2020-10-06
2168,Alice Miller,alice.miller2168@example.com,68,Pune,2021-07-22
2169,Rita Brown,rita.brown2169@example.com,59,Jaipur,2020-03-27
2170,Pam Lee,pam.lee2170@example.com,19,New York,2024-10-26
2171,Charlie Davis,charlie.davis2171@example.com,56,Berlin,2024-11-10
2172,Charlie Hall,charlie.hall2172@example.com,44,Hyderabad,2022-01-14
2173,Charlie Garcia,charlie.garcia2173@example.com,71,Kolkata,2024-09-21
2174,Eve Taylor,eve.taylor2174@example.com,25,Bangalore,2024-02-13
2175,Quinn Hall,quinn.hall2175@example.com,25,Delhi,2023-09-22
2176,Sam Lee,sam.lee2176@example.com,51,Berlin,2022-10-13
2177,Charlie Taylor,charlie.taylor2177@example.com,56,London,2024-05-02
2178,Karl Davis,karl.davis2178@example.com,71,Bangalore,2024-02-18
2179,Mike Lee,mike.lee2179@example.com,65,Kolkata,2021-04-28
2180,Nina Taylor,nina.taylor2180@example.com,27,London,2020-12-24
2181,Grace Miller,grace.miller2181@example.com,46,Toronto,2021-06-04
2182,Sam Smith,sam.smith2182@example.com,49,Delhi,2022-02-06
2183,Diana Davis,diana.davis2183@example.com,52,Toronto,2022-08-30
2184,Heidi Miller,heidi.miller2184@example.com,74,Pune,2025-04-02
2185,Eve Davis,eve.davis2185@example.com,48,Kolkata,2022-01-23
2186,Judy Smith,judy.smith2186@example.com,59,Hyderabad,2023-05-25
2187,Bob Walker,bob.walker2187@example.com,65,Chennai,2024-06-24
2188,Bob Martin,bob.martin2188@example.com,68,Chennai,2021-05-05
2189,Ivan Anderson,ivan.anderson2189@example.com,42,Berlin,2023-08-01
2190,Lena Hall,lena.hall2190@example.com,69,Chennai,2020-09-06
2191,Rita Walker,rita.walker2191@example.com,33,Jaipur,2022-06-25
2192,Mike Smith,mike.smith2192@example.com,43,Hyderabad,2025-02-22
2193,Ivan Miller,ivan.miller2193@example.com,23,Hyderabad,2024-08-11
2194,Heidi Miller,heidi.miller2194@example.com,31,Jaipur,2024-12-28
2195,Frank Hall,frank.hall2195@example.com,46,Chennai,2021-10-11
2196,Nina Lee,nina.lee2196@example.com,20,Berlin,2024-11-09
2197,Charlie Walker,charlie.walker2197@example.com,67,Mumbai,2022-08-22
2198,Nina Hall,nina.hall2198@example.com,71,Sydney,2024-01-09
2199,Nina Hall,nina.hall2199@example.com,70,London,2024-08-15
2200,Frank Martin,frank.martin2200@example.com,34,Delhi,2020-05-15
2201,Lena Garcia,lena.garcia2201@example.com,56,Kolkata,2024-07-23
2202,Rita Martin,rita.martin2202@example.com,38,Mumbai,2023-11-24
2203,Alice Lee,alice.lee2203@example.com,21,Chennai,2023-08-06
2204,Frank Moore,frank.moore2204@example.com,46,Pune,2023-08-05
2205,Eve Smith,eve.smith2205@example.com,43,Tokyo,2023-07-10
2206,Judy Davis,judy.davis2206@example.com,54,London,2020-08-14
2207,Frank Taylor,frank.taylor2207@example.com,51,Kolkata,2025-06-08
2208,Eve Walker,eve.walker2208@example.com,56,Chennai,2022-04-20
2209,Karl Wilson,karl.wilson2209@example.com,48,Jaipur,2024-02-14
2210,Eve Miller,eve.miller2210@example.com,29,Chennai,2023-04-29
2211,Karl Lee,karl.lee2211@example.com,36,Tokyo,2020-06-21
2212,Nina Davis,nina.davis2212@example.com,29,Toronto,2024-11-29
2213,Mike Walker,mike.walker2213@example.com,74,Bangalore,2021-04-04
2214,Alice Smith,alice.smith2214@example.com,53,Chennai,2023-06-07
2215,Heidi Hall,heidi.hall2215@example.com,23,Mumbai,2021-02-10
2216,Ivan Martin,ivan.martin2216@example.com,72,Paris,2020-04-11
2217,Mike Thomas,mike.thomas2217@example.com,45,Bangalore,2021-06-16
2218,Eve Johnson,eve.johnson2218@example.com,41,Paris,2025-04-23
2219,Sam Johnson,sam.johnson2219@example.com,18,Kolkata,2022-12-12
2220,Nina Lee,nina.lee2220@example.com,47,Jaipur,2023-10-11
2221,Pam Johnson,pam.johnson2221@example.com,32,Kolkata,2021-02-20
2222,Grace Walker,grace.walker2222@example.com,70,Pune,2021-06-29
2223,Judy Martin,judy.martin2223@example.com,49,Toronto,2020-09-23
2224,Nina Walker,nina.walker2224@example.com,31,Bangalore,2021-03-17
2225,Judy Martin,judy.martin2225@example.com,61,Tokyo,2022-05-06
2226,Frank Garcia,frank.garcia2226@example.com,68,Paris,2020-02-28
2227,Judy Miller,judy.miller2227@example.com,33,Bangalore,2022-07-12
2228,Heidi Davis,heidi.davis2228@example.com,55,Chennai,2023-08-18
2229,Oscar Johnson,oscar.johnson2229@example.com,18,Mumbai,2020-09-29
2230,Karl Martin,karl.martin2230@example.com,43,Chennai,2021-03-10
2231,Mike Martin,mike.martin2231@example.com,45,Kolkata,2023-05-08
2232,Ivan Johnson,ivan.johnson2232@example.com,24,Delhi,2020-04-30
2233,Bob Davis,bob.davis2233@example.com,33,Mumbai,2025-02-03
2234,Lena Thomas,lena.thomas2234@example.com,60,Pune,2023-05-10
2235,Bob Smith,bob.smith2235@example.com,34,Delhi,2023-06-23
2236,Mike Miller,mike.miller2236@example.com,43,Chennai,2022-01-29
2237,Eve Hall,eve.hall2237@example.com,53,New York,2023-04-03
2238,Frank Miller,frank.miller2238@example.com,28,Delhi,2022-10-06
2239,Karl Hall,karl.hall2239@example.com,47,Paris,2020-07-02
2240,Karl Martin,karl.martin2240@example.com,51,Toronto,2020-10-17
2241,Ivan Johnson,ivan.johnson2241@example.com,38,New York,2020-09-18
2242,Pam Walker,pam.walker2242@example.com,71,Berlin,2024-03-11
2243,Lena Hall,lena.hall2243@example.com,45,Berlin,2025-01-22
2244,Ivan Thomas,ivan.thomas2244@example.com,71,Pune,2025-03-12
2245,Ivan Anderson,ivan.anderson2245@example.com,38,Toronto,2025-01-02
2246,Frank Davis,frank.davis2246@example.com,65,Mumbai,2024-04-13
2247,Eve Anderson,eve.anderson2247@example.com,72,Hyderabad,2023-09-08
2248,Oscar Smith,oscar.smith2248@example.com,30,Paris,2020-04-21
2249,Heidi Brown,heidi.brown2249@example.com,20,Mumbai,2021-06-16
2250,Frank Martin,frank.martin2250@example.com,47,Toronto,2020-08-25
2251,Pam Smith,pam.smith2251@example.com,46,Sydney,2023-12-23
2252,Rita Wilson,rita.wilson2252@example.com,47,Mumbai,2020-08-18
2253,Eve Johnson,eve.johnson2253@example.com,40,London,2021-02-21
2254,Judy Brown,judy.brown2254@example.com,71,Paris,2024-03-15
2255,Quinn Walker,quinn.walker2255@example.com,35,Bangalore,2024-12-29
2256,Sam Taylor,sam.taylor2256@example.com,55,New York,2022-12-13
2257,Sam Brown,sam.brown2257@example.com,44,Hyderabad,2020-06-06
2258,Heidi Lee,heidi.lee2258@example.com,49,Chennai,2020-07-12
2259,Karl Smith,karl.smith2259@example.com,36,Chennai,2023-10-25
2260,Diana Garcia,diana.garcia2260@example.com,41,Bangalore,2025-03-17
2261,Diana Walker,diana.walker2261@example.com,38,Paris,2020-02-29
2262,Charlie Wilson,charlie.wilson2262@example.com,71,Kolkata,2023-09-12
2263,Pam Wilson,pam.wilson2263@example.com,58,Berlin,2023-05-01
2264,Alice Davis,alice.davis2264@example.com,20,Chennai,2023-06-28
2265,Oscar Davis,oscar.davis2265@example.com,64,Kolkata,2025-01-31
2266,Sam Brown,sam.brown2266@example.com,31,Jaipur,2020-04-09
2267,Judy Davis,judy.davis2267@example.com,69,New York,2024-03-03
2268,Charlie Anderson,charlie.anderson2268@example.com,56,Toronto,2020-07-08
2269,Mike Miller,mike.miller2269@example.com,29,Tokyo,2025-05-30
2270,Mike Johnson,mike.johnson2270@example.com,19,Jaipur,2021-03-02
2271,Frank Garcia,frank.garcia2271@example.com,67,Toronto,2021-08-06
2272,Eve Johnson,eve.johnson2272@example.com,37,Mumbai,2024-06-28
2273,Nina Martin,nina.martin2273@example.com,69,Hyderabad,2021-09-27
2274,Tina Brown,tina.brown2274@example.com,40,Chennai,2020-07-15
2275,Lena Anderson,lena.anderson2275@example.com,30,Mumbai,2022-07-01
2276,Mike Wilson,mike.wilson2276@example.com,35,Bangalore,2023-05-14
2277,Nina Johnson,nina.johnson2277@example.com,66,Toronto,2024-07-18
2278,Lena Thomas,lena.thomas2278@example.com,29,Toronto,2023-07-15
2279,Nina Johnson,nina.johnson2279@example.com,20,Delhi,2021-11-30
2280,Oscar Moore,oscar.moore2280@example.com,32,Chennai,2023-11-06
2281,Eve Hall,eve.hall2281@example.com,49,Delhi,2023-07-13
2282,Quinn Johnson,quinn.johnson2282@example.com,36,Mumbai,2022-06-14
2283,Charlie Hall,charlie.hall2283@example.com,69,Mumbai,2021-09-07
2284,Eve Brown,eve.brown2284@example.com,61,Hyderabad,2021-09-07
2285,Heidi Anderson,heidi.anderson2285@example.com,45,Berlin,2023-03-10
2286,Bob Anderson,bob.anderson2286@example.com,22,Hyderabad,2020-04-02
2287,Quinn Johnson,quinn.johnson2287@example.com,50,Toronto,2022-04-25
2288,Diana Wilson,diana.wilson2288@example.com,60,Kolkata,2023-03-10
2289,Ivan Davis,ivan.davis2289@example.com,34,Bangalore,2020-06-16
2290,Quinn Smith,quinn.smith2290@example.com,25,Kolkata,2023-09-16
2291,Oscar Brown,oscar.brown2291@example.com,68,Paris,2024-09-22
2292,Mike Smith,mike.smith2292@example.com,23,Toronto,2024-11-30
2293,Judy Davis,judy.davis2293@example.com,55,Kolkata,2022-07-20
2294,Oscar Thomas,oscar.thomas2294@example.com,69,Berlin,2021-11-30
2295,Frank Taylor,frank.taylor2295@example.com,29,London,2024-03-09
2296,Tina Miller,tina.miller2296@example.com,73,Chennai,2020-08-05
2297,Nina Anderson,nina.anderson2297@example.com,19,New York,2022-03-19
2298,Diana Smith,diana.smith2298@example.com,28,Chennai,2022-09-04
2299,Oscar Martin,oscar.martin2299@example.com,43,Jaipur,2023-09-09
2300,Tina Martin,tina.martin2300@example.com,49,Berlin,2023-06-20
2301,Tina Davis,tina.davis2301@example.com,62,Chennai,2025-05-26
2302,Mike Lee,mike.lee2302@example.com,37,London,2020-09-13
2303,Eve Smith,eve.smith2303@example.com,30,London,2024-07-29
2304,Alice Martin,alice.martin2304@example.com,30,Jaipur,2020-02-24
2305,Grace Wilson,grace.wilson2305@example.com,59,Paris,2023-08-23
2306,Heidi Garcia,heidi.garcia2306@example.com,71,Chennai,2024-10-23
2307,Rita Taylor,rita.taylor2307@example.com,23,Berlin,2024-04-25
2308,Oscar Brown,oscar.brown2308@example.com,48,Toronto,2020-02-14
2309,Diana Brown,diana.brown2309@example.com,75,Paris,2024-02-22
2310,Oscar Wilson,oscar.wilson2310@example.com,48,New York,2024-10-26
2311,Oscar Thomas,oscar.thomas2311@example.com,33,Tokyo,2021-08-26
2312,Sam Walker,sam.walker2312@example.com,71,Toronto,2020-04-14
2313,Karl Smith,karl.smith2313@example.com,24,Chennai,2024-10-01
2314,Nina Garcia,nina.garcia2314@example.com,72,Mumbai,2024-02-18
2315,Sam Thomas,sam.thomas2315@example.com,64,Delhi,2021-08-18
2316,Bob Wilson,bob.wilson2316@example.com,43,Mumbai,2022-11-17
2317,Sam Martin,sam.martin2317@example.com,57,Hyderabad,2023-10-21
2318,Pam Taylor,pam.taylor2318@example.com,63,New York,2022-12-17
2319,Alice Garcia,alice.garcia2319@example.com,54,Sydney,2023-02-07
2320,Charlie Miller,charlie.miller2320@example.com,75,Chennai,2022-05-04
2321,Pam Johnson,pam.johnson2321@example.com,49,Bangalore,2025-04-06
2322,Lena Wilson,lena.wilson2322@example.com,62,Toronto,2020-02-12
2323,Frank Miller,frank.miller2323@example.com,64,Tokyo,2022-08-19
2324,Lena Wilson,lena.wilson2324@example.com,32,Delhi,2021-03-25
2325,Sam Hall,sam.hall2325@example.com,61,Sydney,2025-03-02
2326,Tina Walker,tina.walker2326@example.com,71,Kolkata,2023-09-07
2327,Oscar Brown,oscar.brown2327@example.com,74,Berlin,2024-01-20
2328,Mike Garcia,mike.garcia2328@example.com,71,Chennai,2023-08-29
2329,Lena Lee,lena.lee2329@example.com,48,Pune,2025-06-11
2330,Frank Thomas,frank.thomas2330@example.com,31,Berlin,2023-11-15
2331,Charlie Moore,charlie.moore2331@example.com,48,Paris,2020-12-20
2332,Grace Brown,grace.brown2332@example.com,56,Mumbai,2020-07-25
2333,Nina Wilson,nina.wilson2333@example.com,37,Tokyo,2021-03-04
2334,Rita Smith,rita.smith2334@example.com,19,Sydney,2024-12-09
2335,Ivan Davis,ivan.davis2335@example.com,61,Paris,2020-12-23
2336,Quinn Smith,quinn.smith2336@example.com,69,London,2021-11-22
2337,Nina Johnson,nina.johnson2337@example.com,57,Tokyo,2020-09-04
2338,Rita Taylor,rita.taylor2338@example.com,49,Berlin,2021-11-27
2339,Lena Lee,lena.lee2339@example.com,20,Pune,2024-12-02
2340,Rita Miller,rita.miller2340@example.com,75,Paris,2024-10-13
2341,Quinn Thomas,quinn.thomas2341@example.com,60,London,2023-12-17
2342,Bob Hall,bob.hall2342@example.com,46,Pune,2022-07-25
2343,Diana Johnson,diana.johnson2343@example.com,68,Bangalore,2023-06-02
2344,Diana Walker,diana.walker2344@example.com,53,New York,2022-11-04
2345,Diana Brown,diana.brown2345@example.com,58,London,2024-11-18
2346,Grace Hall,grace.hall2346@example.com,41,Paris,2024-01-31
2347,Judy Martin,judy.martin2347@example.com,46,Pune,2022-11-02
2348,Pam Martin,pam.martin2348@example.com,73,London,2020-11-11
2349,Lena Davis,lena.davis2349@example.com,70,Paris,2020-09-08
2350,Grace Wilson,grace.wilson2350@example.com,44,Pune,2024-04-23
2351,Alice Taylor,alice.taylor2351@example.com,71,Pune,2022-08-28
2352,Karl Miller,karl.miller2352@example.com,50,Paris,2020-06-23
2353,Ivan Davis,ivan.davis2353@example.com,63,Pune,2022-04-29
2354,Lena Moore,lena.moore2354@example.com,60,Tokyo,2020-11-06
2355,Quinn Garcia,quinn.garcia2355@example.com,68,Tokyo,2020-10-09
2356,Nina Garcia,nina.garcia2356@example.com,44,Hyderabad,2022-07-28
2357,Quinn Lee,quinn.lee2357@example.com,61,Sydney,2025-04-16
2358,Alice Wilson,alice.wilson2358@example.com,27,Pune,2020-01-21
2359,Quinn Johnson,quinn.johnson2359@example.com,23,Sydney,2021-10-06
2360,Mike Lee,mike.lee2360@example.com,28,Toronto,2020-05-05
2361,Mike Lee,mike.lee2361@example.com,20,Chennai,2025-03-04
2362,Eve Hall,eve.hall2362@example.com,54,New York,2023-07-17
2363,Quinn Miller,quinn.miller2363@example.com,44,Toronto,2024-12-19
2364,Rita Walker,rita.walker2364@example.com,37,Kolkata,2024-03-01
2365,Karl Hall,karl.hall2365@example.com,40,New York,2024-08-20
2366,Ivan Hall,ivan.hall2366@example.com,51,Bangalore,2025-02-28
2367,Eve Martin,eve.martin2367@example.com,43,Mumbai,2023-08-11
2368,Grace Hall,grace.hall2368@example.com,52,Bangalore,2024-06-02
2369,Tina Moore,tina.moore2369@example.com,46,Kolkata,2021-12-08
2370,Mike Lee,mike.lee2370@example.com,30,Hyderabad,2021-09-09
2371,Charlie Smith,charlie.smith2371@example.com,52,Sydney,2022-03-09
2372,Eve Anderson,eve.anderson2372@example.com,52,Berlin,2021-03-13
2373,Charlie Anderson,charlie.anderson2373@example.com,53,Berlin,2022-12-03
2374,Karl Lee,karl.lee2374@example.com,58,Paris,2020-02-17
2375,Alice Hall,alice.hall2375@example.com,68,Delhi,2023-04-28
2376,Ivan Taylor,ivan.taylor2376@example.com,71,Pune,2021-09-14
2377,Nina Anderson,nina.anderson2377@example.com,25,Kolkata,2020-05-02
2378,Lena Miller,lena.miller2378@example.com,58,Delhi,2021-12-26
2379,Diana Smith,diana.smith2379@example.com,66,Chennai,2025-04-11
2380,Diana Wilson,diana.wilson2380@example.com,37,Bangalore,2024-02-18
2381,Alice Wilson,alice.wilson2381@example.com,39,Tokyo,2024-07-07
2382,Sam Thomas,sam.thomas2382@example.com,63,Hyderabad,2025-04-04
2383,Rita Walker,rita.walker2383@example.com,56,Tokyo,2021-12-18
2384,Judy Miller,judy.miller2384@example.com,60,Pune,2024-07-27
2385,Sam Moore,sam.moore2385@example.com,26,Kolkata,2022-02-12
2386,Quinn Martin,quinn.martin2386@example.com,33,London,2021-11-02
2387,Quinn Thomas,quinn.thomas2387@example.com,30,Jaipur,2024-05-13
2388,Lena Wilson,lena.wilson2388@example.com,24,Paris,2023-12-28
2389,Nina Walker,nina.walker2389@example.com,44,London,2020-07-07
2390,Bob Garcia,bob.garcia2390@example.com,74,Paris,2022-09-02
2391,Grace Wilson,grace.wilson2391@example.com,22,Sydney,2023-10-18
2392,Quinn Garcia,quinn.garcia2392@example.com,55,Delhi,2022-11-28
2393,Mike Walker,mike.walker2393@example.com,34,Bangalore,2022-10-18
2394,Nina Wilson,nina.wilson2394@example.com,62,Hyderabad,2025-04-25
2395,Pam Martin,pam.martin2395@example.com,44,Jaipur,2020-11-29
2396,Eve Anderson,eve.anderson2396@example.com,26,Mumbai,2023-12-27
2397,Oscar Brown,oscar.brown2397@example.com,63,Delhi,2024-11-02
2398,Quinn Johnson,quinn.johnson2398@example.com,62,Tokyo,2022-07-21
2399,Pam Smith,pam.smith2399@example.com,65,Paris,2025-04-17
2400,Rita Davis,rita.davis2400@example.com,25,Bangalore,2024-10-11
2401,Nina Johnson,nina.johnson2401@example.com,25,Sydney,2023-03-16
2402,Judy Smith,judy.smith2402@example.com,51,Paris,2020-08-29
2403,Lena Miller,lena.miller2403@example.com,41,Berlin,2021-08-25
2404,Pam Smith,pam.smith2404@example.com,68,Paris,2020-10-18
2405,Sam Garcia,sam.garcia2405@example.com,21,Hyderabad,2025-01-05
2406,Judy Hall,judy.hall2406@example.com,36,Tokyo,2021-01-09
2407,Pam Smith,pam.smith2407@example.com,25,Delhi,2021-12-15
2408,Charlie Walker,charlie.walker2408@example.com,20,Toronto,2022-09-12
2409,Sam Miller,sam.miller2409@example.com,54,Mumbai,2025-01-17
2410,Karl Lee,karl.lee2410@example.com,42,Mumbai,2024-09-04
2411,Tina Brown,tina.brown2411@example.com,66,Paris,2022-10-30
2412,Oscar Lee,oscar.lee2412@example.com,46,Chennai,2022-07-08
2413,Eve Walker,eve.walker2413@example.com,64,Sydney,2020-07-01
2414,Tina Moore,tina.moore2414@example.com,57,Toronto,2022-03-04
2415,Heidi Hall,heidi.hall2415@example.com,43,Sydney,2023-01-12
2416,Bob Moore,bob.moore2416@example.com,74,Mumbai,2024-02-16
2417,Ivan Moore,ivan.moore2417@example.com,23,Jaipur,2020-12-05
2418,Alice Thomas,alice.thomas2418@example.com,58,Pune,2024-04-29
2419,Judy Anderson,judy.anderson2419@example.com,59,London,2023-08-11
2420,Rita Johnson,rita.johnson2420@example.com,30,Bangalore,2023-01-14
2421,Sam Lee,sam.lee2421@example.com,21,Bangalore,2022-12-04
2422,Grace Lee,grace.lee2422@example.com,48,Delhi,2025-01-10
2423,Alice Johnson,alice.johnson2423@example.com,60,Hyderabad,2022-12-25
2424,Frank Smith,frank.smith2424@example.com,35,Pune,2021-02-25
2425,Heidi Walker,heidi.walker2425@example.com,63,Jaipur,2024-12-22
2426,Sam Wilson,sam.wilson2426@example.com,23,Pune,2022-12-28
2427,Tina Davis,tina.davis2427@example.com,43,Bangalore,2020-04-02
2428,Pam Walker,pam.walker2428@example.com,19,Sydney,2022-06-14
2429,Frank Garcia,frank.garcia2429@example.com,19,Jaipur,2022-12-17
2430,Karl Garcia,karl.garcia2430@example.com,34,London,2020-08-22
2431,Diana Anderson,diana.anderson2431@example.com,28,Berlin,2020-10-21
2432,Frank Miller,frank.miller2432@example.com,67,London,2020-11-11
2433,Judy Garcia,judy.garcia2433@example.com,61,Paris,2020-04-30
2434,Tina Davis,tina.davis2434@example.com,29,New York,2023-12-31
2435,Bob Miller,bob.miller2435@example.com,42,London,2021-10-17
2436,Eve Garcia,eve.garcia2436@example.com,75,Sydney,2021-06-12
2437,Mike Walker,mike.walker2437@example.com,75,London,2020-04-16
2438,Grace Taylor,grace.taylor2438@example.com,66,Bangalore,2023-04-15
2439,Heidi Wilson,heidi.wilson2439@example.com,50,Pune,2022-10-30
2440,Mike Johnson,mike.johnson2440@example.com,35,New York,2021-10-13
2441,Oscar Anderson,oscar.anderson2441@example.com,44,London,2022-09-18
2442,Alice Garcia,alice.garcia2442@example.com,58,Tokyo,2025-02-14
2443,Alice Miller,alice.miller2443@example.com,53,Bangalore,2023-10-14
2444,Diana Taylor,diana.taylor2444@example.com,66,Delhi,2023-08-27
2445,Eve Miller,eve.miller2445@example.com,54,Toronto,2022-07-02
2446,Charlie Walker,charlie.walker2446@example.com,58,Delhi,2021-02-20
2447,Eve Davis,eve.davis2447@example.com,52,Paris,2024-05-20
2448,Heidi Anderson,heidi.anderson2448@example.com,45,Hyderabad,2023-02-10
2449,Oscar Smith,oscar.smith2449@example.com,18,Jaipur,2022-08-09
2450,Tina Miller,tina.miller2450@example.com,59,Paris,2020-01-02
2451,Bob Hall,bob.hall2451@example.com,48,Berlin,2023-05-09
2452,Ivan Walker,ivan.walker2452@example.com,61,Toronto,2021-12-20
2453,Grace Thomas,grace.thomas2453@example.com,71,Delhi,2021-07-30
2454,Bob Brown,bob.brown2454@example.com,65,Delhi,2023-02-27
2455,Charlie Miller,charlie.miller2455@example.com,23,Toronto,2023-12-01
2456,Diana Walker,diana.walker2456@example.com,26,Kolkata,2023-02-13
2457,Ivan Hall,ivan.hall2457@example.com,45,Tokyo,2023-06-04
2458,Quinn Lee,quinn.lee2458@example.com,38,Hyderabad,2023-10-28
2459,Karl Moore,karl.moore2459@example.com,34,Pune,2023-12-20
2460,Oscar Miller,oscar.miller2460@example.com,33,Chennai,2021-10-20
2461,Karl Taylor,karl.taylor2461@example.com,47,Bangalore,2021-11-03
2462,Alice Hall,alice.hall2462@example.com,62,Paris,2023-08-16
2463,Alice Thomas,alice.thomas2463@example.com,48,New York,2025-01-20
2464,Alice Moore,alice.moore2464@example.com,29,Toronto,2023-02-12
2465,Pam Lee,pam.lee2465@example.com,43,Delhi,2020-06-15
2466,Charlie Anderson,charlie.anderson2466@example.com,19,Hyderabad,2024-08-31
2467,Oscar Moore,oscar.moore2467@example.com,25,Sydney,2025-06-13
2468,Mike Walker,mike.walker2468@example.com,56,Sydney,2022-03-03
2469,Frank Walker,frank.walker2469@example.com,67,Pune,2023-11-28
2470,Alice Johnson,alice.johnson2470@example.com,47,Sydney,2025-04-01
2471,Grace Wilson,grace.wilson2471@example.com,18,Tokyo,2024-03-01
2472,Alice Lee,alice.lee2472@example.com,35,Chennai,2025-03-02
2473,Lena Taylor,lena.taylor2473@example.com,23,Jaipur,2023-06-10
2474,Judy Lee,judy.lee2474@example.com,63,Tokyo,2021-04-24
2475,Pam Davis,pam.davis2475@example.com,20,Berlin,2022-10-06
2476,Tina Taylor,tina.taylor2476@example.com,18,Tokyo,2024-08-08
2477,Mike Johnson,mike.johnson2477@example.com,73,Berlin,2023-03-11
2478,Quinn Wilson,quinn.wilson2478@example.com,28,Delhi,2021-01-31
2479,Sam Moore,sam.moore2479@example.com,61,Bangalore,2023-03-03
2480,Frank Johnson,frank.johnson2480@example.com,55,Paris,2024-03-07
2481,Charlie Brown,charlie.brown2481@example.com,34,Hyderabad,2023-03-13
2482,Heidi Hall,heidi.hall2482@example.com,51,Kolkata,2024-05-21
2483,Ivan Taylor,ivan.taylor2483@example.com,72,Chennai,2020-02-17
2484,Rita Thomas,rita.thomas2484@example.com,34,Chennai,2023-02-21
2485,Oscar Smith,oscar.smith2485@example.com,45,Chennai,2023-10-10
2486,Bob Walker,bob.walker2486@example.com,38,Toronto,2024-09-25
2487,Nina Miller,nina.miller2487@example.com,25,Chennai,2022-11-27
2488,Oscar Wilson,oscar.wilson2488@example.com,41,Delhi,2024-04-03
2489,Bob Hall,bob.hall2489@example.com,64,Tokyo,2020-04-06
2490,Ivan Hall,ivan.hall2490@example.com,44,Delhi,2022-07-08
2491,Karl Smith,karl.smith2491@example.com,43,Tokyo,2021-11-16
2492,Charlie Hall,charlie.hall2492@example.com,54,Pune,2020-02-21
2493,Heidi Martin,heidi.martin2493@example.com,45,London,2025-02-21
2494,Heidi Taylor,heidi.taylor2494@example.com,28,Sydney,2021-09-28
2495,Charlie Moore,charlie.moore2495@example.com,58,London,2020-02-27
2496,Pam Garcia,pam.garcia2496@example.com,69,New York,2023-04-28
2497,Karl Walker,karl.walker2497@example.com,34,Tokyo,2020-08-08
2498,Pam Taylor,pam.taylor2498@example.com,39,Jaipur,2020-04-21
2499,Karl Anderson,karl.anderson2499@example.com,68,Tokyo,2025-04-16
2500,Charlie Lee,charlie.lee2500@example.com,56,Bangalore,2022-06-17
2501,Diana Moore,diana.moore2501@example.com,46,Bangalore,2020-09-12
2502,Charlie Smith,charlie.smith2502@example.com,20,Toronto,2021-10-03
2503,Charlie Lee,charlie.lee2503@example.com,26,New York,2025-02-25
2504,Oscar Smith,oscar.smith2504@example.com,37,Bangalore,2023-07-06
2505,Nina Johnson,nina.johnson2505@example.com,24,Chennai,2020-04-24
2506,Rita Smith,rita.smith2506@example.com,36,Jaipur,2022-02-20
2507,Mike Johnson,mike.johnson2507@example.com,57,Pune,2022-04-21
2508,Heidi Walker,heidi.walker2508@example.com,56,Pune,2023-09-13
2509,Tina Smith,tina.smith2509@example.com,47,Toronto,2022-08-08
2510,Nina Hall,nina.hall2510@example.com,57,Bangalore,2020-07-26
2511,Karl Moore,karl.moore2511@example.com,61,Pune,2020-02-23
2512,Oscar Anderson,oscar.anderson2512@example.com,39,Bangalore,2021-01-29
2513,Diana Johnson,diana.johnson2513@example.com,18,Bangalore,2023-12-31
2514,Charlie Thomas,charlie.thomas2514@example.com,68,Jaipur,2021-01-31
2515,Sam Brown,sam.brown2515@example.com,58,Delhi,2021-06-08
2516,Lena Garcia,lena.garcia2516@example.com,48,Kolkata,2023-06-25
2517,Oscar Brown,oscar.brown2517@example.com,33,Paris,2024-06-20
2518,Bob Smith,bob.smith2518@example.com,26,Berlin,2023-04-12
2519,Nina Anderson,nina.anderson2519@example.com,59,Pune,2022-01-02
2520,Judy Thomas,judy.thomas2520@example.com,74,Delhi,2024-05-07
2521,Eve Brown,eve.brown2521@example.com,48,Berlin,2023-05-20
2522,Karl Miller,karl.miller2522@example.com,41,New York,2022-11-26
2523,Sam Moore,sam.moore2523@example.com,61,Paris,2020-04-27
2524,Heidi Anderson,heidi.anderson2524@example.com,70,Jaipur,2023-02-19
2525,Bob Garcia,bob.garcia2525@example.com,40,Tokyo,2025-06-22
2526,Grace Moore,grace.moore2526@example.com,30,Pune,2020-05-20
2527,Karl Taylor,karl.taylor2527@example.com,60,Mumbai,2023-11-23
2528,Oscar Thomas,oscar.thomas2528@example.com,62,Sydney,2024-10-10
2529,Sam Thomas,sam.thomas2529@example.com,39,Bangalore,2021-09-05
2530,Nina Davis,nina.davis2530@example.com,28,London,2022-07-19
2531,Bob Wilson,bob.wilson2531@example.com,32,Hyderabad,2020-01-08
2532,Heidi Martin,heidi.martin2532@example.com,32,Mumbai,2023-07-01
2533,Grace Taylor,grace.taylor2533@example.com,48,Kolkata,2024-04-22
2534,Karl Lee,karl.lee2534@example.com,65,Toronto,2021-02-24
2535,Mike Brown,mike.brown2535@example.com,70,New York,2022-01-13
2536,Alice Johnson,alice.johnson2536@example.com,40,New York,2023-02-10
2537,Diana Brown,diana.brown2537@example.com,36,Mumbai,2021-02-02
2538,Sam Hall,sam.hall2538@example.com,66,Sydney,2020-03-30
2539,Alice Taylor,alice.taylor2539@example.com,30,Berlin,2020-12-22
2540,Heidi Hall,heidi.hall2540@example.com,34,Kolkata,2020-12-22
2541,Karl Walker,karl.walker2541@example.com,53,Tokyo,2020-12-31
2542,Grace Smith,grace.smith2542@example.com,29,Jaipur,2021-06-20
2543,Diana Smith,diana.smith2543@example.com,71,Chennai,2020-10-08
2544,Mike Moore,mike.moore2544@example.com,68,Hyderabad,2020-08-15
2545,Karl Hall,karl.hall2545@example.com,31,Berlin,2022-07-23
2546,Heidi Davis,heidi.davis2546@example.com,69,Sydney,2023-09-15
2547,Frank Anderson,frank.anderson2547@example.com,69,Bangalore,2024-12-10
2548,Nina Hall,nina.hall2548@example.com,63,London,2020-08-30
2549,Eve Hall,eve.hall2549@example.com,26,Pune,2021-01-23
2550,Grace Anderson,grace.anderson2550@example.com,42,Kolkata,2022-02-05
2551,Karl Thomas,karl.thomas2551@example.com,45,Chennai,2021-05-15
2552,Bob Lee,bob.lee2552@example.com,57,Bangalore,2021-01-22
2553,Rita Miller,rita.miller2553@example.com,68,Paris,2021-11-02
2554,Heidi Smith,heidi.smith2554@example.com,58,Pune,2021-07-27
2555,Eve Walker,eve.walker2555@example.com,50,Bangalore,2024-12-19
2556,Pam Taylor,pam.taylor2556@example.com,64,London,2024-05-25
2557,Pam Lee,pam.lee2557@example.com,60,Bangalore,2020-05-12
2558,Frank Anderson,frank.anderson2558@example.com,42,Pune,2024-12-12
2559,Quinn Davis,quinn.davis2559@example.com,49,Delhi,2022-08-08
2560,Frank Davis,frank.davis2560@example.com,63,Sydney,2022-12-12
2561,Pam Martin,pam.martin2561@example.com,49,Mumbai,2021-07-03
2562,Sam Garcia,sam.garcia2562@example.com,58,Hyderabad,2024-06-07
2563,Sam Moore,sam.moore2563@example.com,20,Tokyo,2021-03-25
2564,Grace Wilson,grace.wilson2564@example.com,73,Tokyo,2022-03-21
2565,Grace Miller,grace.miller2565@example.com,45,Hyderabad,2022-02-11
2566,Sam Brown,sam.brown2566@example.com,71,Sydney,2021-06-05
2567,Rita Johnson,rita.johnson2567@example.com,26,Pune,2020-06-21
2568,Judy Wilson,judy.wilson2568@example.com,51,Sydney,2021-04-16
2569,Sam Smith,sam.smith2569@example.com,47,Delhi,2023-06-26
2570,Karl Garcia,karl.garcia2570@example.com,46,Mumbai,2022-06-04
2571,Nina Davis,nina.davis2571@example.com,69,Mumbai,2021-10-11
2572,Ivan Garcia,ivan.garcia2572@example.com,19,Paris,2022-06-23
2573,Heidi Miller,heidi.miller2573@example.com,59,London,2022-01-05
2574,Charlie Miller,charlie.miller2574@example.com,71,Delhi,2022-11-16
2575,Rita Moore,rita.moore2575@example.com,23,Pune,2021-07-20
2576,Heidi Johnson,heidi.johnson2576@example.com,25,London,2022-01-07
2577,Bob Anderson,bob.anderson2577@example.com,30,Sydney,2021-02-06
2578,Karl Miller,karl.miller2578@example.com,37,Kolkata,2024-07-28
2579,Ivan Taylor,ivan.taylor2579@example.com,63,Bangalore,2020-10-09
2580,Rita Hall,rita.hall2580@example.com,34,New York,2024-04-26
2581,Judy Miller,judy.miller2581@example.com,70,Sydney,2024-05-22
2582,Mike Garcia,mike.garcia2582@example.com,70,Bangalore,2024-03-31
2583,Alice Wilson,alice.wilson2583@example.com,59,Delhi,2024-04-07
2584,Eve Walker,eve.walker2584@example.com,43,Tokyo,2021-04-09
2585,Grace Wilson,grace.wilson2585@example.com,32,Delhi,2023-04-17
2586,Rita Lee,rita.lee2586@example.com,47,Kolkata,2024-07-25
2587,Oscar Davis,oscar.davis2587@example.com,68,London,2021-10-03
2588,Grace Garcia,grace.garcia2588@example.com,67,Kolkata,2022-05-05
2589,Grace Wilson,grace.wilson2589@example.com,46,Jaipur,2023-02-17
2590,Alice Davis,alice.davis2590@example.com,26,Bangalore,2024-11-24
2591,Eve Miller,eve.miller2591@example.com,65,New York,2022-10-20
2592,Lena Davis,lena.davis2592@example.com,32,Toronto,2022-05-21
2593,Mike Lee,mike.lee2593@example.com,67,Kolkata,2023-01-06
2594,Judy Davis,judy.davis2594@example.com,55,New York,2023-03-08
2595,Bob Hall,bob.hall2595@example.com,26,Paris,2025-05-05
2596,Karl Thomas,karl.thomas2596@example.com,58,Pune,2023-05-19
2597,Tina Thomas,tina.thomas2597@example.com,73,Toronto,2022-02-19
2598,Grace Garcia,grace.garcia2598@example.com,22,Delhi,2022-03-02
2599,Grace Wilson,grace.wilson2599@example.com,24,Sydney,2023-03-12
2600,Oscar Moore,oscar.moore2600@example.com,75,Berlin,2020-07-09
2601,Frank Johnson,frank.johnson2601@example.com,61,Delhi,2020-12-29
2602,Bob Walker,bob.walker2602@example.com,62,Bangalore,2022-09-27
2603,Alice Brown,alice.brown2603@example.com,30,London,2025-02-09
2604,Mike Miller,mike.miller2604@example.com,31,Tokyo,2021-08-19
2605,Quinn Johnson,quinn.johnson2605@example.com,47,New York,2022-01-24
2606,Quinn Smith,quinn.smith2606@example.com,28,Sydney,2024-10-26
2607,Nina Garcia,nina.garcia2607@example.com,28,London,2020-09-21
2608,Rita Garcia,rita.garcia2608@example.com,48,Kolkata,2020-05-20
2609,Mike Hall,mike.hall2609@example.com,73,Tokyo,2020-09-23
2610,Grace Miller,grace.miller2610@example.com,45,Jaipur,2023-12-24
2611,Pam Brown,pam.brown2611@example.com,56,Bangalore,2025-04-07
2612,Judy Thomas,judy.thomas2612@example.com,30,Delhi,2024-01-07
2613,Oscar Miller,oscar.miller2613@example.com,30,New York,2020-10-19
2614,Oscar Johnson,oscar.johnson2614@example.com,70,Toronto,2023-05-23
2615,Heidi Anderson,heidi.anderson2615@example.com,39,Hyderabad,2023-03-11
2616,Pam Wilson,pam.wilson2616@example.com,47,Bangalore,2020-03-21
2617,Charlie Miller,charlie.miller2617@example.com,59,Hyderabad,2025-02-24
2618,Oscar Davis,oscar.davis2618@example.com,62,Jaipur,2023-12-28
2619,Judy Garcia,judy.garcia2619@example.com,57,Jaipur,2024-07-16
2620,Frank Garcia,frank.garcia2620@example.com,33,Paris,2025-01-17
2621,Tina Martin,tina.martin2621@example.com,45,Mumbai,2022-02-26
2622,Frank Martin,frank.martin2622@example.com,54,London,2022-03-16
2623,Bob Taylor,bob.taylor2623@example.com,74,Jaipur,2020-11-19
2624,Ivan Hall,ivan.hall2624@example.com,58,Delhi,2021-08-20
2625,Charlie Martin,charlie.martin2625@example.com,64,Kolkata,2025-01-21
2626,Grace Hall,grace.hall2626@example.com,49,Toronto,2024-04-09
2627,Rita Johnson,rita.johnson2627@example.com,41,London,2024-03-27
2628,Diana Anderson,diana.anderson2628@example.com,67,Pune,2021-10-29
2629,Nina Wilson,nina.wilson2629@example.com,28,Berlin,2021-02-28
2630,Quinn Smith,quinn.smith2630@example.com,47,New York,2020-05-29
2631,Oscar Garcia,oscar.garcia2631@example.com,39,Kolkata,2022-03-28
2632,Grace Garcia,grace.garcia2632@example.com,20,New York,2021-05-28
2633,Diana Martin,diana.martin2633@example.com,26,Sydney,2023-10-04
2634,Oscar Wilson,oscar.wilson2634@example.com,47,London,2020-06-18
2635,Rita Moore,rita.moore2635@example.com,33,Kolkata,2025-04-29
2636,Oscar Brown,oscar.brown2636@example.com,48,Jaipur,2021-07-25
2637,Frank Brown,frank.brown2637@example.com,71,New York,2023-05-28
2638,Diana Brown,diana.brown2638@example.com,36,London,2022-12-30
2639,Mike Brown,mike.brown2639@example.com,22,Chennai,2024-04-12
2640,Alice Moore,alice.moore2640@example.com,35,Paris,2022-06-21
2641,Lena Brown,lena.brown2641@example.com,31,Kolkata,2020-03-11
2642,Rita Taylor,rita.taylor2642@example.com,46,Kolkata,2020-04-07
2643,Quinn Moore,quinn.moore2643@example.com,60,Kolkata,2023-09-13
2644,Diana Garcia,diana.garcia2644@example.com,62,Berlin,2022-06-28
2645,Bob Thomas,bob.thomas2645@example.com,18,New York,2024-04-30
2646,Mike Lee,mike.lee2646@example.com,30,Hyderabad,2021-05-26
2647,Lena Hall,lena.hall2647@example.com,33,Tokyo,2020-07-06
2648,Alice Garcia,alice.garcia2648@example.com,19,New York,2021-11-21
2649,Grace Moore,grace.moore2649@example.com,60,London,2021-03-27
2650,Diana Lee,diana.lee2650@example.com,71,Jaipur,2023-09-22
2651,Frank Martin,frank.martin2651@example.com,28,New York,2022-05-01
2652,Quinn Johnson,quinn.johnson2652@example.com,70,Sydney,2021-10-22
2653,Rita Moore,rita.moore2653@example.com,30,Bangalore,2021-02-28
2654,Rita Garcia,rita.garcia2654@example.com,45,London,2021-04-20
2655,Grace Johnson,grace.johnson2655@example.com,40,Sydney,2020-12-21
2656,Alice Garcia,alice.garcia2656@example.com,59,Sydney,2020-01-25
2657,Mike Taylor,mike.taylor2657@example.com,47,Tokyo,2020-05-15
2658,Ivan Moore,ivan.moore2658@example.com,57,Sydney,2020-03-30
2659,Charlie Hall,charlie.hall2659@example.com,31,Toronto,2021-09-09
2660,Tina Wilson,tina.wilson2660@example.com,24,Kolkata,2023-01-03
2661,Sam Brown,sam.brown2661@example.com,34,London,2023-05-13
2662,Karl Moore,karl.moore2662@example.com,62,Toronto,2023-10-20
2663,Eve Davis,eve.davis2663@example.com,29,Chennai,2024-04-08
2664,Karl Walker,karl.walker2664@example.com,60,Mumbai,2020-05-18
2665,Karl Smith,karl.smith2665@example.com,56,Hyderabad,2023-04-13
2666,Oscar Garcia,oscar.garcia2666@example.com,50,Chennai,2024-02-28
2667,Heidi Anderson,heidi.anderson2667@example.com,55,Kolkata,2020-01-28
2668,Heidi Smith,heidi.smith2668@example.com,57,Pune,2025-01-10
2669,Diana Miller,diana.miller2669@example.com,33,Kolkata,2022-05-27
2670,Heidi Thomas,heidi.thomas2670@example.com,23,New York,2020-10-08
2671,Lena Wilson,lena.wilson2671@example.com,36,Tokyo,2020-11-06
2672,Mike Taylor,mike.taylor2672@example.com,59,New York,2021-05-02
2673,Tina Wilson,tina.wilson2673@example.com,65,Hyderabad,2021-11-04
2674,Eve Miller,eve.miller2674@example.com,38,Chennai,2024-05-30
2675,Bob Anderson,bob.anderson2675@example.com,68,Toronto,2023-08-20
2676,Judy Lee,judy.lee2676@example.com,19,Tokyo,2024-09-30
2677,Karl Davis,karl.davis2677@example.com,33,Tokyo,2023-01-09
2678,Bob Hall,bob.hall2678@example.com,60,Tokyo,2024-06-29
2679,Heidi Thomas,heidi.thomas2679@example.com,73,Toronto,2022-12-03
2680,Karl Brown,karl.brown2680@example.com,46,Chennai,2020-01-13
2681,Charlie Walker,charlie.walker2681@example.com,49,London,2025-05-07
2682,Grace Smith,grace.smith2682@example.com,58,Paris,2025-04-05
2683,Grace Brown,grace.brown2683@example.com,23,Paris,2023-04-28
2684,Rita Walker,rita.walker2684@example.com,68,Hyderabad,2021-02-22
2685,Heidi Anderson,heidi.anderson2685@example.com,23,Toronto,2024-01-24
2686,Oscar Miller,oscar.miller2686@example.com,28,Kolkata,2021-02-08
2687,Heidi Garcia,heidi.garcia2687@example.com,29,Bangalore,2021-05-24
2688,Judy Miller,judy.miller2688@example.com,54,Mumbai,2025-06-04
2689,Grace Miller,grace.miller2689@example.com,73,Pune,2022-09-12
2690,Charlie Davis,charlie.davis2690@example.com,43,Toronto,2020-12-09
2691,Pam Wilson,pam.wilson2691@example.com,45,Delhi,2023-06-02
2692,Nina Lee,nina.lee2692@example.com,27,Jaipur,2025-05-07
2693,Pam Smith,pam.smith2693@example.com,66,Toronto,2022-05-25
2694,Charlie Lee,charlie.lee2694@example.com,37,Bangalore,2023-01-05
2695,Eve Anderson,eve.anderson2695@example.com,64,Paris,2021-06-10
2696,Mike Wilson,mike.wilson2696@example.com,37,Mumbai,2021-08-03
2697,Mike Anderson,mike.anderson2697@example.com,56,Mumbai,2020-05-27
2698,Karl Brown,karl.brown2698@example.com,63,Mumbai,2021-02-04
2699,Eve Hall,eve.hall2699@example.com,30,New York,2020-01-27
2700,Quinn Martin,quinn.martin2700@example.com,64,Sydney,2022-10-03
2701,Mike Hall,mike.hall2701@example.com,44,Toronto,2025-06-10
2702,Lena Garcia,lena.garcia2702@example.com,49,Berlin,2023-08-05
2703,Sam Johnson,sam.johnson2703@example.com,44,Hyderabad,2020-03-20
2704,Diana Garcia,diana.garcia2704@example.com,54,Paris,2021-02-01
2705,Nina Miller,nina.miller2705@example.com,67,Hyderabad,2024-03-19
2706,Lena Anderson,lena.anderson2706@example.com,63,Mumbai,2023-07-24
2707,Lena Martin,lena.martin2707@example.com,21,Chennai,2022-02-28
2708,Nina Martin,nina.martin2708@example.com,33,Tokyo,2022-09-05
2709,Bob Hall,bob.hall2709@example.com,70,Sydney,2023-07-16
2710,Alice Martin,alice.martin2710@example.com,60,Chennai,2020-10-29
2711,Ivan Thomas,ivan.thomas2711@example.com,47,Chennai,2020-10-28
2712,Ivan Taylor,ivan.taylor2712@example.com,56,Bangalore,2025-05-03
2713,Frank Smith,frank.smith2713@example.com,25,Pune,2020-07-08
2714,Mike Garcia,mike.garcia2714@example.com,63,Bangalore,2025-06-18
2715,Charlie Anderson,charlie.anderson2715@example.com,30,Hyderabad,2022-05-16
2716,Frank Walker,frank.walker2716@example.com,45,Berlin,2023-11-17
2717,Judy Anderson,judy.anderson2717@example.com,52,Chennai,2024-12-20
2718,Mike Thomas,mike.thomas2718@example.com,37,Kolkata,2022-04-22
2719,Charlie Johnson,charlie.johnson2719@example.com,58,Bangalore,2024-05-09
2720,Lena Walker,lena.walker2720@example.com,27,Berlin,2024-03-13
2721,Grace Hall,grace.hall2721@example.com,65,Toronto,2023-12-02
2722,Judy Smith,judy.smith2722@example.com,28,Jaipur,2022-10-04
2723,Alice Johnson,alice.johnson2723@example.com,22,Pune,2023-11-27
2724,Nina Anderson,nina.anderson2724@example.com,44,Chennai,2021-08-13
2725,Nina Brown,nina.brown2725@example.com,29,Sydney,2021-01-16
2726,Eve Taylor,eve.taylor2726@example.com,49,Paris,2022-10-26
2727,Diana Wilson,diana.wilson2727@example.com,54,Jaipur,2021-03-11
2728,Frank Taylor,frank.taylor2728@example.com,21,Kolkata,2021-01-09
2729,Grace Miller,grace.miller2729@example.com,75,Jaipur,2022-04-17
2730,Oscar Moore,oscar.moore2730@example.com,57,London,2024-11-13
2731,Frank Johnson,frank.johnson2731@example.com,36,London,2022-02-12
2732,Diana Miller,diana.miller2732@example.com,22,Sydney,2020-03-01
2733,Sam Taylor,sam.taylor2733@example.com,48,Mumbai,2023-10-09
2734,Diana Smith,diana.smith2734@example.com,21,Berlin,2024-03-19
2735,Alice Moore,alice.moore2735@example.com,55,Pune,2020-03-26
2736,Diana Taylor,diana.taylor2736@example.com,51,Pune,2020-01-15
2737,Mike Thomas,mike.thomas2737@example.com,51,Pune,2021-06-28
2738,Pam Wilson,pam.wilson2738@example.com,66,Sydney,2023-05-22
2739,Nina Davis,nina.davis2739@example.com,41,Chennai,2024-12-28
2740,Karl Davis,karl.davis2740@example.com,70,Tokyo,2025-04-11
2741,Lena Moore,lena.moore2741@example.com,43,Toronto,2023-06-04
2742,Bob Davis,bob.davis2742@example.com,73,Sydney,2024-07-09
2743,Diana Smith,diana.smith2743@example.com,47,Jaipur,2023-12-01
2744,Mike Martin,mike.martin2744@example.com,71,Hyderabad,2025-03-09
2745,Eve Smith,eve.smith2745@example.com,56,London,2024-11-14
2746,Quinn Miller,quinn.miller2746@example.com,62,Pune,2024-07-27
2747,Heidi Davis,heidi.davis2747@example.com,46,Bangalore,2023-11-06
2748,Pam Anderson,pam.anderson2748@example.com,44,Chennai,2021-01-19
2749,Alice Moore,alice.moore2749@example.com,70,Sydney,2020-02-04
2750,Lena Walker,lena.walker2750@example.com,20,Pune,2024-02-15
2751,Karl Moore,karl.moore2751@example.com,46,Tokyo,2023-05-27
2752,Pam Garcia,pam.garcia2752@example.com,65,Bangalore,2024-06-14
2753,Charlie Davis,charlie.davis2753@example.com,45,Hyderabad,2025-04-12
2754,Pam Moore,pam.moore2754@example.com,72,Kolkata,2025-01-27
2755,Diana Martin,diana.martin2755@example.com,42,Berlin,2023-05-28
2756,Grace Martin,grace.martin2756@example.com,27,Jaipur,2022-12-01
2757,Sam Lee,sam.lee2757@example.com,72,Kolkata,2022-10-30
2758,Bob Brown,bob.brown2758@example.com,49,Pune,2020-06-27
2759,Judy Walker,judy.walker2759@example.com,61,Delhi,2024-11-26
2760,Oscar Brown,oscar.brown2760@example.com,75,Mumbai,2025-05-09
2761,Diana Wilson,diana.wilson2761@example.com,60,Delhi,2021-05-08
2762,Heidi Taylor,heidi.taylor2762@example.com,28,Pune,2025-04-17
2763,Charlie Johnson,charlie.johnson2763@example.com,45,Kolkata,2020-02-29
2764,Frank Hall,frank.hall2764@example.com,38,Hyderabad,2022-02-24
2765,Ivan Taylor,ivan.taylor2765@example.com,64,Berlin,2023-09-25
2766,Pam Hall,pam.hall2766@example.com,60,London,2023-09-24
2767,Eve Hall,eve.hall2767@example.com,52,Chennai,2024-01-25
2768,Pam Johnson,pam.johnson2768@example.com,68,Kolkata,2021-11-12
2769,Heidi Hall,heidi.hall2769@example.com,54,Pune,2025-03-07
2770,Tina Johnson,tina.johnson2770@example.com,59,Sydney,2022-02-11
2771,Mike Moore,mike.moore2771@example.com,59,Pune,2023-02-24
2772,Nina Lee,nina.lee2772@example.com,32,Tokyo,2021-06-14
2773,Diana Miller,diana.miller2773@example.com,23,London,2020-07-01
2774,Karl Martin,karl.martin2774@example.com,55,Hyderabad,2021-01-20
2775,Diana Thomas,diana.thomas2775@example.com,41,Paris,2024-10-13
2776,Karl Garcia,karl.garcia2776@example.com,54,Kolkata,2020-01-04
2777,Judy Smith,judy.smith2777@example.com,55,Delhi,2021-01-23
2778,Mike Garcia,mike.garcia2778@example.com,38,Pune,2022-01-17
2779,Eve Anderson,eve.anderson2779@example.com,60,Bangalore,2023-04-24
2780,Heidi Johnson,heidi.johnson2780@example.com,43,New York,2023-01-07
2781,Oscar Davis,oscar.davis2781@example.com,27,Jaipur,2025-04-15
2782,Judy Walker,judy.walker2782@example.com,32,Mumbai,2023-10-24
2783,Oscar Brown,oscar.brown2783@example.com,56,Berlin,2020-10-25
2784,Bob Thomas,bob.thomas2784@example.com,38,Berlin,2022-10-25
2785,Diana Miller,diana.miller2785@example.com,72,Kolkata,2023-03-21
2786,Pam Moore,pam.moore2786@example.com,71,Tokyo,2022-10-10
2787,Judy Martin,judy.martin2787@example.com,42,New York,2024-07-17
2788,Karl Brown,karl.brown2788@example.com,70,Kolkata,2021-03-07
2789,Heidi Martin,heidi.martin2789@example.com,65,New York,2025-03-05
2790,Frank Walker,frank.walker2790@example.com,49,Kolkata,2022-03-13
2791,Judy Walker,judy.walker2791@example.com,60,Hyderabad,2024-10-03
2792,Frank Smith,frank.smith2792@example.com,53,Toronto,2021-11-22
2793,Nina Moore,nina.moore2793@example.com,48,Sydney,2024-03-31
2794,Mike Garcia,mike.garcia2794@example.com,22,Delhi,2024-01-28
2795,Judy Miller,judy.miller2795@example.com,62,Hyderabad,2021-02-03
2796,Rita Garcia,rita.garcia2796@example.com,24,Paris,2021-10-24
2797,Sam Walker,sam.walker2797@example.com,69,New York,2024-10-06
2798,Judy Wilson,judy.wilson2798@example.com,59,Paris,2023-03-28
2799,Eve Wilson,eve.wilson2799@example.com,62,Mumbai,2021-08-19
2800,Eve Taylor,eve.taylor2800@example.com,31,Pune,2024-03-12
2801,Grace Martin,grace.martin2801@example.com,59,New York,2022-01-11
2802,Sam Johnson,sam.johnson2802@example.com,61,Pune,2024-10-24
2803,Eve Garcia,eve.garcia2803@example.com,45,Chennai,2024-09-19
2804,Frank Hall,frank.hall2804@example.com,21,London,2021-12-29
2805,Pam Brown,pam.brown2805@example.com,21,London,2022-11-21
2806,Karl Thomas,karl.thomas2806@example.com,45,Paris,2023-07-08
2807,Mike Taylor,mike.taylor2807@example.com,20,London,2021-05-08
2808,Mike Wilson,mike.wilson2808@example.com,37,Kolkata,2023-05-05
2809,Frank Moore,frank.moore2809@example.com,65,Toronto,2024-05-07
2810,Charlie Lee,charlie.lee2810@example.com,47,Jaipur,2024-08-02
2811,Mike Miller,mike.miller2811@example.com,58,Chennai,2022-06-30
2812,Lena Smith,lena.smith2812@example.com,25,London,2020-06-18
2813,Diana Wilson,diana.wilson2813@example.com,59,Chennai,2025-02-03
2814,Quinn Taylor,quinn.taylor2814@example.com,19,Bangalore,2023-03-19
2815,Sam Wilson,sam.wilson2815@example.com,35,Kolkata,2024-03-06
2816,Diana Lee,diana.lee2816@example.com,55,Paris,2022-02-25
2817,Pam Moore,pam.moore2817@example.com,62,Toronto,2021-09-03
2818,Sam Brown,sam.brown2818@example.com,24,Sydney,2020-05-10
2819,Rita Brown,rita.brown2819@example.com,43,Jaipur,2023-12-06
2820,Alice Garcia,alice.garcia2820@example.com,53,Jaipur,2023-01-03
2821,Quinn Wilson,quinn.wilson2821@example.com,22,Delhi,2024-09-10
2822,Sam Anderson,sam.anderson2822@example.com,63,Jaipur,2024-06-06
2823,Diana Lee,diana.lee2823@example.com,66,Tokyo,2025-05-31
2824,Diana Brown,diana.brown2824@example.com,73,Bangalore,2023-11-24
2825,Frank Smith,frank.smith2825@example.com,53,Mumbai,2024-06-27
2826,Karl Johnson,karl.johnson2826@example.com,20,Paris,2023-03-23
2827,Grace Moore,grace.moore2827@example.com,28,London,2023-02-25
2828,Ivan Walker,ivan.walker2828@example.com,66,New York,2020-06-22
2829,Diana Anderson,diana.anderson2829@example.com,37,Sydney,2025-06-01
2830,Rita Brown,rita.brown2830@example.com,45,Chennai,2020-01-01
2831,Heidi Miller,heidi.miller2831@example.com,20,Delhi,2025-01-26
2832,Judy Moore,judy.moore2832@example.com,52,Mumbai,2020-10-13
2833,Sam Wilson,sam.wilson2833@example.com,62,Sydney,2022-12-06
2834,Lena Thomas,lena.thomas2834@example.com,52,Delhi,2021-03-05
2835,Diana Moore,diana.moore2835@example.com,70,New York,2021-04-30
2836,Bob Taylor,bob.taylor2836@example.com,27,Berlin,2024-10-19
2837,Grace Brown,grace.brown2837@example.com,56,Delhi,2021-03-18
2838,Sam Davis,sam.davis2838@example.com,35,Paris,2024-02-02
2839,Tina Garcia,tina.garcia2839@example.com,22,Delhi,2021-06-06
2840,Ivan Garcia,ivan.garcia2840@example.com,59,Hyderabad,2020-11-30
2841,Mike Wilson,mike.wilson2841@example.com,23,Berlin,2023-10-17
2842,Nina Martin,nina.martin2842@example.com,27,Delhi,2021-02-21
2843,Charlie Moore,charlie.moore2843@example.com,64,Berlin,2023-07-20
2844,Grace Martin,grace.martin2844@example.com,41,Bangalore,2023-09-08
2845,Quinn Thomas,quinn.thomas2845@example.com,28,Toronto,2024-08-09
2846,Eve Davis,eve.davis2846@example.com,68,Toronto,2022-02-15
2847,Alice Thomas,alice.thomas2847@example.com,33,London,2021-07-07
2848,Diana Anderson,diana.anderson2848@example.com,25,Chennai,2023-01-28
2849,Nina Johnson,nina.johnson2849@example.com,39,Chennai,2020-07-01
2850,Lena Hall,lena.hall2850@example.com,39,Pune,2021-07-13
2851,Eve Walker,eve.walker2851@example.com,69,Tokyo,2021-07-14
2852,Alice Johnson,alice.johnson2852@example.com,42,Tokyo,2022-02-14
2853,Diana Lee,diana.lee2853@example.com,25,Paris,2022-12-14
2854,Judy Thomas,judy.thomas2854@example.com,70,Pune,2022-09-29
2855,Diana Anderson,diana.anderson2855@example.com,40,Kolkata,2023-03-17
2856,Judy Anderson,judy.anderson2856@example.com,35,Bangalore,2020-07-21
2857,Bob Brown,bob.brown2857@example.com,38,Pune,2022-03-08
2858,Frank Davis,frank.davis2858@example.com,69,Kolkata,2023-10-20
2859,Rita Anderson,rita.anderson2859@example.com,56,Hyderabad,2024-10-06
2860,Mike Wilson,mike.wilson2860@example.com,55,Paris,2021-06-14
2861,Alice Moore,alice.moore2861@example.com,50,Kolkata,2020-11-14
2862,Eve Brown,eve.brown2862@example.com,42,Bangalore,2024-02-15
2863,Ivan Smith,ivan.smith2863@example.com,64,Chennai,2025-06-18
2864,Lena Martin,lena.martin2864@example.com,67,Tokyo,2023-10-20
2865,Tina Garcia,tina.garcia2865@example.com,63,Mumbai,2021-01-09
2866,Oscar Davis,oscar.davis2866@example.com,69,Mumbai,2022-10-25
2867,Judy Miller,judy.miller2867@example.com,45,Delhi,2025-04-12
2868,Heidi Miller,heidi.miller2868@example.com,58,Jaipur,2020-06-27
2869,Judy Garcia,judy.garcia2869@example.com,67,Sydney,2024-09-27
2870,Charlie Moore,charlie.moore2870@example.com,23,London,2024-02-03
2871,Heidi Johnson,heidi.johnson2871@example.com,28,Bangalore,2020-04-27
2872,Charlie Martin,charlie.martin2872@example.com,36,Delhi,2025-03-18
2873,Pam Lee,pam.lee2873@example.com,73,New York,2025-05-24
2874,Nina Moore,nina.moore2874@example.com,50,Hyderabad,2024-02-05
2875,Eve Wilson,eve.wilson2875@example.com,49,Delhi,2023-11-04
2876,Rita Martin,rita.martin2876@example.com,25,Toronto,2020-01-29
2877,Tina Taylor,tina.taylor2877@example.com,71,Kolkata,2020-01-15
2878,Nina Martin,nina.martin2878@example.com,52,Kolkata,2021-12-07
2879,Heidi Martin,heidi.martin2879@example.com,60,Hyderabad,2024-08-13
2880,Quinn Moore,quinn.moore2880@example.com,56,New York,2023-05-28
2881,Oscar Brown,oscar.brown2881@example.com,61,Hyderabad,2024-12-11
2882,Quinn Hall,quinn.hall2882@example.com,32,Paris,2020-06-02
2883,Lena Walker,lena.walker2883@example.com,26,Delhi,2021-12-24
2884,Bob Garcia,bob.garcia2884@example.com,49,Toronto,2020-12-15
2885,Lena Johnson,lena.johnson2885@example.com,39,Hyderabad,2023-10-22
2886,Heidi Walker,heidi.walker2886@example.com,52,Jaipur,2024-04-18
2887,Diana Miller,diana.miller2887@example.com,37,Mumbai,2021-08-24
2888,Ivan Taylor,ivan.taylor2888@example.com,18,Kolkata,2023-07-16
2889,Sam Garcia,sam.garcia2889@example.com,31,Hyderabad,2021-09-16
2890,Quinn Walker,quinn.walker2890@example.com,75,New York,2025-03-30
2891,Oscar Hall,oscar.hall2891@example.com,57,Jaipur,2022-09-26
2892,Bob Davis,bob.davis2892@example.com,18,Bangalore,2022-07-31
2893,Karl Miller,karl.miller2893@example.com,40,London,2020-01-11
2894,Lena Hall,lena.hall2894@example.com,64,Paris,2022-04-03
2895,Lena Smith,lena.smith2895@example.com,24,Toronto,2022-10-04
2896,Grace Johnson,grace.johnson2896@example.com,51,Delhi,2025-01-14
2897,Eve Garcia,eve.garcia2897@example.com,25,Hyderabad,2022-09-25
2898,Alice Brown,alice.brown2898@example.com,67,Chennai,2021-05-27
2899,Heidi Wilson,heidi.wilson2899@example.com,43,Sydney,2021-09-04
2900,Lena Garcia,lena.garcia2900@example.com,75,Paris,2023-01-03
2901,Ivan Johnson,ivan.johnson2901@example.com,46,Chennai,2024-09-15
2902,Oscar Brown,oscar.brown2902@example.com,26,Sydney,2024-03-10
2903,Nina Smith,nina.smith2903@example.com,40,Hyderabad,2024-11-17
2904,Grace Johnson,grace.johnson2904@example.com,30,Berlin,2020-03-23
2905,Eve Garcia,eve.garcia2905@example.com,44,Kolkata,2021-11-09
2906,Bob Brown,bob.brown2906@example.com,60,Tokyo,2025-04-26
2907,Pam Moore,pam.moore2907@example.com,35,London,2022-05-12
2908,Pam Anderson,pam.anderson2908@example.com,49,Pune,2023-10-28
2909,Eve Davis,eve.davis2909@example.com,66,Pune,2024-05-17
2910,Mike Anderson,mike.anderson2910@example.com,64,Hyderabad,2024-02-28
2911,Mike Brown,mike.brown2911@example.com,25,London,2024-06-11
2912,Alice Brown,alice.brown2912@example.com,27,Sydney,2022-10-21
2913,Alice Lee,alice.lee2913@example.com,61,Tokyo,2020-04-16
2914,Karl Garcia,karl.garcia2914@example.com,56,Kolkata,2020-01-17
2915,Nina Wilson,nina.wilson2915@example.com,36,Berlin,2022-09-22
2916,Charlie Lee,charlie.lee2916@example.com,45,Tokyo,2023-06-18
2917,Eve Martin,eve.martin2917@example.com,50,Paris,2021-05-25
2918,Ivan Lee,ivan.lee2918@example.com,25,Jaipur,2021-06-23
2919,Heidi Moore,heidi.moore2919@example.com,70,Toronto,2021-02-10
2920,Pam Martin,pam.martin2920@example.com,68,Pune,2020-07-30
2921,Quinn Thomas,quinn.thomas2921@example.com,29,Tokyo,2024-10-16
2922,Sam Moore,sam.moore2922@example.com,58,Paris,2021-04-14
2923,Diana Brown,diana.brown2923@example.com,43,New York,2021-07-14
2924,Grace Hall,grace.hall2924@example.com,27,Toronto,2020-02-06
2925,Tina Taylor,tina.taylor2925@example.com,23,Jaipur,2020-04-14
2926,Mike Garcia,mike.garcia2926@example.com,51,Berlin,2023-12-04
2927,Heidi Taylor,heidi.taylor2927@example.com,39,Toronto,2022-09-08
2928,Bob Anderson,bob.anderson2928@example.com,45,Chennai,2020-04-15
2929,Judy Johnson,judy.johnson2929@example.com,35,Sydney,2021-07-28
2930,Lena Martin,lena.martin2930@example.com,44,Tokyo,2021-10-17
2931,Bob Brown,bob.brown2931@example.com,20,New York,2020-04-16
2932,Karl Taylor,karl.taylor2932@example.com,36,Mumbai,2021-07-27
2933,Tina Johnson,tina.johnson2933@example.com,45,Paris,2021-05-31
2934,Pam Davis,pam.davis2934@example.com,39,Berlin,2020-08-16
2935,Diana Moore,diana.moore2935@example.com,18,Chennai,2023-02-04
2936,Eve Davis,eve.davis2936@example.com,41,Kolkata,2024-07-16
2937,Lena Martin,lena.martin2937@example.com,67,Bangalore,2022-12-19
2938,Tina Davis,tina.davis2938@example.com,33,Chennai,2021-07-19
2939,Grace Thomas,grace.thomas2939@example.com,42,London,2024-12-21
2940,Diana Brown,diana.brown2940@example.com,58,Kolkata,2023-05-17
2941,Diana Smith,diana.smith2941@example.com,55,Hyderabad,2024-12-15
2942,Grace Taylor,grace.taylor2942@example.com,63,Mumbai,2025-03-10
2943,Diana Johnson,diana.johnson2943@example.com,52,Bangalore,2021-12-03
2944,Judy Martin,judy.martin2944@example.com,48,Pune,2021-02-17
2945,Rita Martin,rita.martin2945@example.com,27,New York,2020-09-18
2946,Grace Garcia,grace.garcia2946@example.com,53,Kolkata,2021-06-01
2947,Rita Davis,rita.davis2947@example.com,75,Sydney,2022-07-07
2948,Diana Hall,diana.hall2948@example.com,45,London,2022-09-15
2949,Nina Anderson,nina.anderson2949@example.com,50,Pune,2020-02-14
2950,Frank Thomas,frank.thomas2950@example.com,35,Kolkata,2025-06-04
2951,Eve Miller,eve.miller2951@example.com,20,Bangalore,2020-05-04
2952,Grace Martin,grace.martin2952@example.com,70,Toronto,2022-10-10
2953,Rita Walker,rita.walker2953@example.com,50,London,2020-12-04
2954,Oscar Lee,oscar.lee2954@example.com,50,Toronto,2023-02-25
2955,Mike Garcia,mike.garcia2955@example.com,56,Berlin,2021-02-27
2956,Frank Smith,frank.smith2956@example.com,28,Bangalore,2021-03-22
2957,Sam Martin,sam.martin2957@example.com,18,Hyderabad,2025-03-16
2958,Quinn Wilson,quinn.wilson2958@example.com,50,Kolkata,2024-01-15
2959,Quinn Miller,quinn.miller2959@example.com,37,Jaipur,2021-03-27
2960,Judy Martin,judy.martin2960@example.com,35,Delhi,2020-08-31
2961,Frank Taylor,frank.taylor2961@example.com,20,Delhi,2021-05-02
2962,Judy Smith,judy.smith2962@example.com,58,Paris,2025-04-13
2963,Ivan Hall,ivan.hall2963@example.com,26,Berlin,2024-11-23
2964,Bob Moore,bob.moore2964@example.com,33,Jaipur,2021-03-06
2965,Rita Johnson,rita.johnson2965@example.com,18,Chennai,2021-12-12
2966,Tina Davis,tina.davis2966@example.com,38,London,2025-04-22
2967,Rita Miller,rita.miller2967@example.com,64,Paris,2022-04-16
2968,Tina Miller,tina.miller2968@example.com,38,New York,2023-07-05
2969,Alice Walker,alice.walker2969@example.com,40,Tokyo,2024-02-05
2970,Ivan Brown,ivan.brown2970@example.com,34,New York,2023-01-05
2971,Sam Johnson,sam.johnson2971@example.com,64,Kolkata,2023-11-10
2972,Mike Moore,mike.moore2972@example.com,34,Jaipur,2023-07-06
2973,Tina Anderson,tina.anderson2973@example.com,31,Jaipur,2022-06-24
2974,Heidi Davis,heidi.davis2974@example.com,35,Tokyo,2023-04-06
2975,Mike Brown,mike.brown2975@example.com,46,Tokyo,2024-02-03
2976,Nina Davis,nina.davis2976@example.com,27,Hyderabad,2022-09-08
2977,Charlie Wilson,charlie.wilson2977@example.com,29,Mumbai,2021-01-13
2978,Frank Taylor,frank.taylor2978@example.com,54,Mumbai,2025-04-15
2979,Frank Moore,frank.moore2979@example.com,36,New York,2021-09-27
2980,Frank Hall,frank.hall2980@example.com,29,Jaipur,2022-03-18
2981,Tina Taylor,tina.taylor2981@example.com,22,Paris,2020-05-27
2982,Nina Taylor,nina.taylor2982@example.com,47,Hyderabad,2023-08-14
2983,Mike Johnson,mike.johnson2983@example.com,64,Delhi,2020-10-08
2984,Alice Thomas,alice.thomas2984@example.com,24,Toronto,2022-02-25
2985,Alice Johnson,alice.johnson2985@example.com,70,New York,2024-04-12
2986,Bob Brown,bob.brown2986@example.com,33,Pune,2020-06-20
2987,Ivan Brown,ivan.brown2987@example.com,58,Bangalore,2020-01-28
2988,Alice Lee,alice.lee2988@example.com,24,Delhi,2024-02-16
2989,Karl Walker,karl.walker2989@example.com,63,London,2021-02-18
2990,Eve Wilson,eve.wilson2990@example.com,66,Bangalore,2025-01-01
2991,Oscar Walker,oscar.walker2991@example.com,28,Berlin,2021-11-10
2992,Pam Brown,pam.brown2992@example.com,33,New York,2023-01-18
2993,Ivan Moore,ivan.moore2993@example.com,52,London,2020-02-13
2994,Bob Johnson,bob.johnson2994@example.com,52,Berlin,2020-07-29
2995,Quinn Hall,quinn.hall2995@example.com,71,Toronto,2020-10-17
2996,Alice Hall,alice.hall2996@example.com,32,New York,2021-04-09
2997,Nina Garcia,nina.garcia2997@example.com,27,Sydney,2023-09-04
2998,Judy Taylor,judy.taylor2998@example.com,74,Chennai,2022-02-26
2999,Diana Wilson,diana.wilson2999@example.com,28,London,2021-04-04
3000,Diana Miller,diana.miller3000@example.com,40,London,2023-06-14
3001,Karl Johnson,karl.johnson3001@example.com,41,Hyderabad,2025-03-08
3002,Charlie Hall,charlie.hall3002@example.com,20,Bangalore,2020-11-05
3003,Frank Garcia,frank.garcia3003@example.com,51,Sydney,2023-05-13
3004,Frank Moore,frank.moore3004@example.com,45,Paris,2025-01-03
3005,Judy Thomas,judy.thomas3005@example.com,70,Berlin,2021-12-14
3006,Diana Miller,diana.miller3006@example.com,49,Chennai,2022-01-25
3007,Ivan Lee,ivan.lee3007@example.com,63,Pune,2020-06-05
3008,Alice Walker,alice.walker3008@example.com,27,Pune,2023-09-05
3009,Eve Davis,eve.davis3009@example.com,27,Toronto,2022-07-03
3010,Pam Walker,pam.walker3010@example.com,22,London,2023-03-29
3011,Nina Martin,nina.martin3011@example.com,35,Paris,2020-07-04
3012,Karl Brown,karl.brown3012@example.com,29,Pune,2022-02-27
3013,Lena Davis,lena.davis3013@example.com,49,Toronto,2022-09-12
3014,Nina Thomas,nina.thomas3014@example.com,68,Chennai,2021-11-13
3015,Eve Lee,eve.lee3015@example.com,59,Hyderabad,2021-05-18
3016,Mike Garcia,mike.garcia3016@example.com,53,Mumbai,2023-01-08
3017,Rita Wilson,rita.wilson3017@example.com,52,Delhi,2024-08-09
3018,Heidi Garcia,heidi.garcia3018@example.com,23,Bangalore,2024-01-04
3019,Nina Anderson,nina.anderson3019@example.com,54,Pune,2023-11-21
3020,Heidi Martin,heidi.martin3020@example.com,23,Tokyo,2022-01-10
3021,Alice Taylor,alice.taylor3021@example.com,72,New York,2022-01-12
3022,Rita Wilson,rita.wilson3022@example.com,26,Hyderabad,2020-08-13
3023,Bob Hall,bob.hall3023@example.com,40,Sydney,2024-10-04
3024,Eve Miller,eve.miller3024@example.com,47,Paris,2024-09-06
3025,Rita Hall,rita.hall3025@example.com,44,Tokyo,2021-03-07
3026,Heidi Smith,heidi.smith3026@example.com,65,Paris,2020-08-28
3027,Eve Garcia,eve.garcia3027@example.com,64,New York,2023-11-26
3028,Nina Davis,nina.davis3028@example.com,21,Kolkata,2020-08-05
3029,Sam Johnson,sam.johnson3029@example.com,48,Jaipur,2023-05-01
3030,Frank Smith,frank.smith3030@example.com,27,Sydney,2020-10-16
3031,Charlie Taylor,charlie.taylor3031@example.com,22,New York,2023-03-11
3032,Nina Brown,nina.brown3032@example.com,66,Paris,2022-08-20
3033,Eve Martin,eve.martin3033@example.com,51,Kolkata,2025-04-27
3034,Judy Wilson,judy.wilson3034@example.com,44,Kolkata,2021-11-21
3035,Oscar Lee,oscar.lee3035@example.com,59,Kolkata,2020-01-28
3036,Judy Johnson,judy.johnson3036@example.com,27,New York,2024-12-09
3037,Bob Thomas,bob.thomas3037@example.com,66,Paris,2022-10-27
3038,Frank Smith,frank.smith3038@example.com,43,Jaipur,2022-05-17
3039,Oscar Anderson,oscar.anderson3039@example.com,63,Jaipur,2021-06-12
3040,Sam Anderson,sam.anderson3040@example.com,37,Kolkata,2021-04-10
3041,Nina Hall,nina.hall3041@example.com,28,Berlin,2025-06-15
3042,Charlie Anderson,charlie.anderson3042@example.com,42,Paris,2024-03-01
3043,Grace Garcia,grace.garcia3043@example.com,57,New York,2021-03-24
3044,Mike Brown,mike.brown3044@example.com,70,Kolkata,2025-06-21
3045,Rita Thomas,rita.thomas3045@example.com,71,London,2024-07-30
3046,Oscar Wilson,oscar.wilson3046@example.com,38,Chennai,2023-08-07
3047,Mike Walker,mike.walker3047@example.com,42,Paris,2020-04-21
3048,Lena Moore,lena.moore3048@example.com,45,Tokyo,2021-07-06
3049,Diana Johnson,diana.johnson3049@example.com,22,Sydney,2023-05-20
3050,Karl Smith,karl.smith3050@example.com,33,Berlin,2020-11-29
3051,Rita Johnson,rita.johnson3051@example.com,22,Tokyo,2023-05-07
3052,Alice Lee,alice.lee3052@example.com,37,Tokyo,2023-02-03
3053,Grace Moore,grace.moore3053@example.com,20,Tokyo,2021-07-05
3054,Charlie Thomas,charlie.thomas3054@example.com,54,New York,2023-02-28
3055,Pam Smith,pam.smith3055@example.com,21,Sydney,2020-07-09
3056,Judy Smith,judy.smith3056@example.com,40,Pune,2021-08-01
3057,Mike Anderson,mike.anderson3057@example.com,30,Sydney,2024-03-19
3058,Mike Martin,mike.martin3058@example.com,40,Paris,2023-12-10
3059,Diana Davis,diana.davis3059@example.com,44,Hyderabad,2024-02-27
3060,Quinn Johnson,quinn.johnson3060@example.com,50,Pune,2024-05-06
3061,Eve Smith,eve.smith3061@example.com,55,Pune,2022-02-21
3062,Pam Thomas,pam.thomas3062@example.com,73,Jaipur,2020-03-17
3063,Judy Brown,judy.brown3063@example.com,27,Chennai,2022-08-06
3064,Charlie Hall,charlie.hall3064@example.com,58,London,2025-05-05
3065,Heidi Hall,heidi.hall3065@example.com,31,Pune,2023-10-27
3066,Eve Lee,eve.lee3066@example.com,63,Paris,2025-05-27
3067,Quinn Anderson,quinn.anderson3067@example.com,64,Bangalore,2023-08-27
3068,Quinn Hall,quinn.hall3068@example.com,67,Sydney,2022-07-05
3069,Eve Davis,eve.davis3069@example.com,36,Sydney,2023-06-30
3070,Nina Smith,nina.smith3070@example.com,75,Kolkata,2024-05-04
3071,Mike Taylor,mike.taylor3071@example.com,31,Bangalore,2023-05-27
3072,Charlie Brown,charlie.brown3072@example.com,54,Chennai,2022-10-15
3073,Diana Lee,diana.lee3073@example.com,18,Paris,2024-04-18
3074,Judy Anderson,judy.anderson3074@example.com,73,Pune,2024-05-19
3075,Charlie Wilson,charlie.wilson3075@example.com,24,Mumbai,2021-10-04
3076,Frank Hall,frank.hall3076@example.com,36,Paris,2020-05-19
3077,Ivan Thomas,ivan.thomas3077@example.com,41,Sydney,2020-07-01
3078,Charlie Brown,charlie.brown3078@example.com,63,Pune,2022-08-01
3079,Ivan Wilson,ivan.wilson3079@example.com,34,Pune,2024-11-30
3080,Oscar Moore,oscar.moore3080@example.com,26,London,2025-06-13
3081,Sam Wilson,sam.wilson3081@example.com,20,Sydney,2024-10-25
3082,Judy Garcia,judy.garcia3082@example.com,44,Jaipur,2023-06-23
3083,Eve Wilson,eve.wilson3083@example.com,41,Delhi,2024-09-26
3084,Tina Davis,tina.davis3084@example.com,41,London,2023-10-29
3085,Nina Anderson,nina.anderson3085@example.com,46,Berlin,2024-12-01
3086,Bob Thomas,bob.thomas3086@example.com,59,New York,2024-02-26
3087,Heidi Martin,heidi.martin3087@example.com,70,Delhi,2020-01-17
3088,Eve Walker,eve.walker3088@example.com,24,Berlin,2022-02-08
3089,Frank Thomas,frank.thomas3089@example.com,43,Jaipur,2020-05-29
3090,Heidi Garcia,heidi.garcia3090@example.com,73,Mumbai,2023-10-02
3091,Charlie Davis,charlie.davis3091@example.com,47,Mumbai,2023-08-08
3092,Rita Hall,rita.hall3092@example.com,70,Mumbai,2020-08-11
3093,Charlie Brown,charlie.brown3093@example.com,64,London,2025-02-21
3094,Mike Lee,mike.lee3094@example.com,45,Tokyo,2022-04-02
3095,Karl Johnson,karl.johnson3095@example.com,38,Sydney,2023-05-22
3096,Pam Taylor,pam.taylor3096@example.com,62,Kolkata,2022-09-02
3097,Diana Miller,diana.miller3097@example.com,47,New York,2023-01-21
3098,Eve Wilson,eve.wilson3098@example.com,27,Chennai,2021-03-13
3099,Karl Thomas,karl.thomas3099@example.com,20,Bangalore,2024-05-04
3100,Mike Smith,mike.smith3100@example.com,69,Sydney,2024-06-05
3101,Nina Wilson,nina.wilson3101@example.com,31,New York,2021-03-09
3102,Alice Lee,alice.lee3102@example.com,61,Toronto,2021-07-06
3103,Ivan Moore,ivan.moore3103@example.com,29,London,2020-10-17
3104,Charlie Miller,charlie.miller3104@example.com,43,London,2021-09-02
3105,Oscar Walker,oscar.walker3105@example.com,44,Delhi,2021-03-14
3106,Ivan Brown,ivan.brown3106@example.com,71,New York,2020-07-08
3107,Nina Davis,nina.davis3107@example.com,66,Berlin,2020-12-02
3108,Grace Davis,grace.davis3108@example.com,44,Mumbai,2022-08-31
3109,Rita Martin,rita.martin3109@example.com,68,Paris,2025-05-31
3110,Nina Davis,nina.davis3110@example.com,62,Bangalore,2022-03-07
3111,Alice Anderson,alice.anderson3111@example.com,68,Hyderabad,2023-05-07
3112,Grace Johnson,grace.johnson3112@example.com,64,Chennai,2023-03-30
3113,Tina Brown,tina.brown3113@example.com,38,Chennai,2024-08-13
3114,Karl Smith,karl.smith3114@example.com,27,Hyderabad,2022-07-28
3115,Eve Wilson,eve.wilson3115@example.com,73,Sydney,2020-08-20
3116,Nina Miller,nina.miller3116@example.com,51,Kolkata,2020-01-08
3117,Oscar Walker,oscar.walker3117@example.com,72,Paris,2023-07-23
3118,Oscar Moore,oscar.moore3118@example.com,55,London,2020-03-15
3119,Grace Martin,grace.martin3119@example.com,30,Toronto,2023-11-27
3120,Rita Lee,rita.lee3120@example.com,28,Bangalore,2022-02-12
3121,Grace Davis,grace.davis3121@example.com,31,Tokyo,2025-06-13
3122,Sam Smith,sam.smith3122@example.com,41,Jaipur,2022-01-15
3123,Alice Miller,alice.miller3123@example.com,75,Berlin,2022-10-25
3124,Diana Martin,diana.martin3124@example.com,49,Chennai,2022-07-22
3125,Nina Garcia,nina.garcia3125@example.com,40,Sydney,2024-08-23
3126,Rita Garcia,rita.garcia3126@example.com,51,Pune,2021-11-18
3127,Diana Hall,diana.hall3127@example.com,29,Mumbai,2022-05-27
3128,Lena Brown,lena.brown3128@example.com,53,Bangalore,2020-11-29
3129,Rita Garcia,rita.garcia3129@example.com,42,Berlin,2024-09-26
3130,Nina Moore,nina.moore3130@example.com,36,Kolkata,2023-06-24
3131,Diana Johnson,diana.johnson3131@example.com,69,Jaipur,2020-07-31
3132,Charlie Moore,charlie.moore3132@example.com,19,Bangalore,2025-03-24
3133,Nina Johnson,nina.johnson3133@example.com,49,Kolkata,2024-03-19
3134,Tina Hall,tina.hall3134@example.com,52,London,2023-07-21
3135,Oscar Anderson,oscar.anderson3135@example.com,55,Pune,2020-03-07
3136,Judy Walker,judy.walker3136@example.com,44,Tokyo,2021-04-01
3137,Oscar Anderson,oscar.anderson3137@example.com,42,London,2021-02-04
3138,Pam Johnson,pam.johnson3138@example.com,40,Pune,2025-02-14
3139,Oscar Garcia,oscar.garcia3139@example.com,70,Chennai,2023-12-12
3140,Mike Smith,mike.smith3140@example.com,41,Pune,2021-04-03
3141,Quinn Miller,quinn.miller3141@example.com,35,Hyderabad,2023-09-10
3142,Ivan Miller,ivan.miller3142@example.com,71,Hyderabad,2024-06-16
3143,Nina Moore,nina.moore3143@example.com,33,New York,2025-01-17
3144,Nina Smith,nina.smith3144@example.com,18,New York,2020-11-10
3145,Lena Walker,lena.walker3145@example.com,70,Delhi,2024-08-06
3146,Tina Davis,tina.davis3146@example.com,39,Paris,2025-05-18
3147,Sam Garcia,sam.garcia3147@example.com,33,Delhi,2025-06-16
3148,Mike Taylor,mike.taylor3148@example.com,57,Chennai,2022-03-16
3149,Bob Lee,bob.lee3149@example.com,54,Toronto,2020-09-20
3150,Mike Martin,mike.martin3150@example.com,29,Toronto,2025-01-25
3151,Karl Anderson,karl.anderson3151@example.com,28,Toronto,2021-04-18
3152,Diana Martin,diana.martin3152@example.com,69,Paris,2022-10-29
3153,Diana Moore,diana.moore3153@example.com,54,Pune,2022-03-13
3154,Ivan Walker,ivan.walker3154@example.com,53,Paris,2025-04-26
3155,Karl Taylor,karl.taylor3155@example.com,23,London,2020-02-22
3156,Nina Smith,nina.smith3156@example.com,58,Pune,2023-04-30
3157,Eve Smith,eve.smith3157@example.com,57,Kolkata,2023-01-18
3158,Charlie Thomas,charlie.thomas3158@example.com,42,New York,2024-02-29
3159,Eve Wilson,eve.wilson3159@example.com,58,Chennai,2024-05-11
3160,Lena Brown,lena.brown3160@example.com,33,Chennai,2025-01-12
3161,Heidi Miller,heidi.miller3161@example.com,30,Delhi,2024-09-17
3162,Heidi Martin,heidi.martin3162@example.com,67,Pune,2024-05-28
3163,Mike Lee,mike.lee3163@example.com,34,Chennai,2020-04-15
3164,Ivan Johnson,ivan.johnson3164@example.com,27,Chennai,2020-02-17
3165,Sam Walker,sam.walker3165@example.com,24,London,2022-07-29
3166,Tina Johnson,tina.johnson3166@example.com,24,Paris,2021-08-01
3167,Ivan Hall,ivan.hall3167@example.com,29,London,2020-06-07
3168,Pam Walker,pam.walker3168@example.com,41,Hyderabad,2024-09-12
3169,Grace Garcia,grace.garcia3169@example.com,24,Mumbai,2024-06-17
3170,Alice Garcia,alice.garcia3170@example.com,22,Mumbai,2025-05-18
3171,Charlie Taylor,charlie.taylor3171@example.com,61,Toronto,2022-02-07
3172,Karl Moore,karl.moore3172@example.com,46,Pune,2020-11-25
3173,Frank Miller,frank.miller3173@example.com,18,Hyderabad,2020-12-31
3174,Sam Moore,sam.moore3174@example.com,56,Jaipur,2020-03-05
3175,Diana Davis,diana.davis3175@example.com,40,Mumbai,2023-06-11
3176,Tina Anderson,tina.anderson3176@example.com,18,Paris,2022-12-04
3177,Ivan Hall,ivan.hall3177@example.com,25,Tokyo,2023-05-26
3178,Alice Anderson,alice.anderson3178@example.com,19,Delhi,2022-11-14
3179,Eve Taylor,eve.taylor3179@example.com,73,Sydney,2020-08-23
3180,Grace Smith,grace.smith3180@example.com,38,Paris,2021-03-26
3181,Charlie Martin,charlie.martin3181@example.com,62,Paris,2021-07-02
3182,Ivan Wilson,ivan.wilson3182@example.com,30,London,2021-12-14
3183,Rita Moore,rita.moore3183@example.com,36,Mumbai,2024-03-06
3184,Pam Garcia,pam.garcia3184@example.com,50,Toronto,2025-03-03
3185,Grace Miller,grace.miller3185@example.com,29,Tokyo,2023-11-08
3186,Ivan Garcia,ivan.garcia3186@example.com,24,Bangalore,2024-06-12
3187,Sam Miller,sam.miller3187@example.com,28,Pune,2021-02-25
3188,Pam Garcia,pam.garcia3188@example.com,74,Mumbai,2022-05-17
3189,Tina Martin,tina.martin3189@example.com,35,Jaipur,2021-10-14
3190,Tina Johnson,tina.johnson3190@example.com,56,Toronto,2022-05-29
3191,Grace Thomas,grace.thomas3191@example.com,40,Sydney,2025-01-12
3192,Charlie Wilson,charlie.wilson3192@example.com,28,Hyderabad,2020-03-10
3193,Quinn Miller,quinn.miller3193@example.com,55,Toronto,2021-08-24
3194,Tina Walker,tina.walker3194@example.com,74,Chennai,2025-04-30
3195,Quinn Davis,quinn.davis3195@example.com,43,New York,2020-08-22
3196,Frank Lee,frank.lee3196@example.com,38,Toronto,2024-06-07
3197,Frank Davis,frank.davis3197@example.com,33,London,2021-03-16
3198,Lena Davis,lena.davis3198@example.com,27,Pune,2021-10-05
3199,Diana Smith,diana.smith3199@example.com,38,Kolkata,2020-01-23
3200,Karl Taylor,karl.taylor3200@example.com,47,Bangalore,2024-06-16
3201,Karl Hall,karl.hall3201@example.com,32,Delhi,2020-05-15
3202,Mike Miller,mike.miller3202@example.com,56,Tokyo,2022-12-15
3203,Grace Johnson,grace.johnson3203@example.com,53,Berlin,2024-01-06
3204,Tina Hall,tina.hall3204@example.com,69,Jaipur,2023-10-06
3205,Charlie Thomas,charlie.thomas3205@example.com,75,Chennai,2022-05-13
3206,Nina Davis,nina.davis3206@example.com,70,Sydney,2021-02-09
3207,Grace Smith,grace.smith3207@example.com,69,Mumbai,2022-10-18
3208,Bob Miller,bob.miller3208@example.com,44,London,2020-09-11
3209,Oscar Brown,oscar.brown3209@example.com,56,Sydney,2023-04-25
3210,Mike Taylor,mike.taylor3210@example.com,54,New York,2021-08-06
3211,Alice Moore,alice.moore3211@example.com,68,Jaipur,2023-03-25
3212,Alice Hall,alice.hall3212@example.com,47,Berlin,2020-09-25
3213,Mike Smith,mike.smith3213@example.com,75,Delhi,2025-02-23
3214,Quinn Smith,quinn.smith3214@example.com,39,Chennai,2020-02-03
3215,Charlie Wilson,charlie.wilson3215@example.com,24,Jaipur,2024-07-01
3216,Nina Martin,nina.martin3216@example.com,37,Berlin,2021-10-11
3217,Lena Garcia,lena.garcia3217@example.com,23,Delhi,2024-05-05
3218,Karl Wilson,karl.wilson3218@example.com,57,New York,2022-03-16
3219,Judy Martin,judy.martin3219@example.com,47,Mumbai,2024-10-04
3220,Diana Walker,diana.walker3220@example.com,41,Bangalore,2020-07-29
3221,Alice Taylor,alice.taylor3221@example.com,21,Jaipur,2020-01-22
3222,Eve Johnson,eve.johnson3222@example.com,38,Jaipur,2023-11-09
3223,Nina Taylor,nina.taylor3223@example.com,28,London,2021-01-26
3224,Lena Walker,lena.walker3224@example.com,75,Delhi,2020-01-11
3225,Bob Miller,bob.miller3225@example.com,74,Pune,2020-03-29
3226,Diana Smith,diana.smith3226@example.com,37,London,2021-06-24
3227,Karl Martin,karl.martin3227@example.com,57,Pune,2024-07-21
3228,Mike Miller,mike.miller3228@example.com,62,Paris,2025-03-09
3229,Eve Thomas,eve.thomas3229@example.com,47,London,2020-09-15
3230,Karl Walker,karl.walker3230@example.com,27,Pune,2023-04-11
3231,Nina Moore,nina.moore3231@example.com,46,Chennai,2020-09-07
3232,Quinn Anderson,quinn.anderson3232@example.com,33,Bangalore,2022-09-05
3233,Pam Miller,pam.miller3233@example.com,38,Pune,2024-02-05
3234,Pam Taylor,pam.taylor3234@example.com,23,Berlin,2024-04-18
3235,Judy Martin,judy.martin3235@example.com,23,Sydney,2023-02-17
3236,Heidi Moore,heidi.moore3236@example.com,59,Kolkata,2024-10-18
3237,Grace Martin,grace.martin3237@example.com,22,London,2025-06-13
3238,Pam Smith,pam.smith3238@example.com,31,New York,2023-10-05
3239,Grace Wilson,grace.wilson3239@example.com,70,Toronto,2021-01-19
3240,Pam Johnson,pam.johnson3240@example.com,39,Tokyo,2024-07-25
3241,Sam Lee,sam.lee3241@example.com,51,Delhi,2024-10-24
3242,Karl Lee,karl.lee3242@example.com,37,Kolkata,2022-07-18
3243,Eve Walker,eve.walker3243@example.com,50,London,2025-02-15
3244,Eve Taylor,eve.taylor3244@example.com,41,Toronto,2025-06-19
3245,Oscar Walker,oscar.walker3245@example.com,57,Delhi,2021-02-19
3246,Mike Taylor,mike.taylor3246@example.com,22,Berlin,2022-05-16
3247,Frank Moore,frank.moore3247@example.com,37,Jaipur,2023-03-28
3248,Diana Brown,diana.brown3248@example.com,47,Hyderabad,2020-08-07
3249,Diana Taylor,diana.taylor3249@example.com,19,Hyderabad,2022-08-01
3250,Frank Miller,frank.miller3250@example.com,19,Mumbai,2023-09-17
3251,Quinn Wilson,quinn.wilson3251@example.com,40,Berlin,2020-08-30
3252,Rita Johnson,rita.johnson3252@example.com,40,Toronto,2021-03-10
3253,Eve Garcia,eve.garcia3253@example.com,50,Toronto,2022-11-06
3254,Karl Smith,karl.smith3254@example.com,46,Berlin,2022-01-27
3255,Diana Smith,diana.smith3255@example.com,59,Toronto,2024-02-08
3256,Nina Taylor,nina.taylor3256@example.com,36,Tokyo,2022-04-04
3257,Frank Thomas,frank.thomas3257@example.com,35,Delhi,2023-05-29
3258,Pam Anderson,pam.anderson3258@example.com,45,London,2023-10-27
3259,Bob Moore,bob.moore3259@example.com,33,London,2021-03-25
3260,Diana Smith,diana.smith3260@example.com,75,New York,2023-03-24
3261,Ivan Taylor,ivan.taylor3261@example.com,22,Delhi,2020-07-25
3262,Ivan Taylor,ivan.taylor3262@example.com,74,Bangalore,2023-12-03
3263,Mike Garcia,mike.garcia3263@example.com,43,London,2021-03-26
3264,Ivan Wilson,ivan.wilson3264@example.com,31,Paris,2024-05-28
3265,Grace Davis,grace.davis3265@example.com,58,Berlin,2023-12-16
3266,Tina Miller,tina.miller3266@example.com,64,New York,2020-07-12
3267,Frank Anderson,frank.anderson3267@example.com,62,Bangalore,2022-09-03
3268,Judy Walker,judy.walker3268@example.com,62,Tokyo,2020-12-14
3269,Karl Moore,karl.moore3269@example.com,22,Paris,2021-01-18
3270,Karl Hall,karl.hall3270@example.com,47,Paris,2025-05-24
3271,Alice Moore,alice.moore3271@example.com,48,Toronto,2021-11-15
3272,Alice Brown,alice.brown3272@example.com,34,Hyderabad,2020-06-06
3273,Frank Moore,frank.moore3273@example.com,66,Jaipur,2020-01-20
3274,Tina Davis,tina.davis3274@example.com,48,Bangalore,2020-01-03
3275,Pam Walker,pam.walker3275@example.com,33,Mumbai,2020-08-12
3276,Bob Walker,bob.walker3276@example.com,19,Bangalore,2023-10-24
3277,Judy Walker,judy.walker3277@example.com,32,Delhi,2022-10-27
3278,Frank Lee,frank.lee3278@example.com,27,Pune,2020-07-11
3279,Diana Miller,diana.miller3279@example.com,69,Kolkata,2021-11-18
3280,Oscar Wilson,oscar.wilson3280@example.com,65,Sydney,2023-01-22
3281,Ivan Moore,ivan.moore3281@example.com,49,Berlin,2022-01-16
3282,Oscar Smith,oscar.smith3282@example.com,70,Sydney,2021-09-08
3283,Karl Hall,karl.hall3283@example.com,51,Pune,2023-09-21
3284,Tina Wilson,tina.wilson3284@example.com,25,Berlin,2023-11-05
3285,Quinn Martin,quinn.martin3285@example.com,58,New York,2020-10-29
3286,Nina Walker,nina.walker3286@example.com,32,Chennai,2020-10-17
3287,Lena Wilson,lena.wilson3287@example.com,19,Tokyo,2023-03-28
3288,Nina Davis,nina.davis3288@example.com,31,Kolkata,2020-07-01
3289,Grace Hall,grace.hall3289@example.com,42,Chennai,2020-08-09
3290,Ivan Hall,ivan.hall3290@example.com,58,Chennai,2023-01-20
3291,Oscar Hall,oscar.hall3291@example.com,51,Paris,2021-06-27
3292,Lena Hall,lena.hall3292@example.com,39,Toronto,2023-04-21
3293,Nina Miller,nina.miller3293@example.com,37,Tokyo,2020-03-25
3294,Sam Anderson,sam.anderson3294@example.com,62,Sydney,2024-09-04
3295,Tina Johnson,tina.johnson3295@example.com,45,Pune,2022-07-20
3296,Sam Lee,sam.lee3296@example.com,68,Sydney,2021-08-13
3297,Diana Smith,diana.smith3297@example.com,49,Hyderabad,2023-11-04
3298,Eve Wilson,eve.wilson3298@example.com,61,Paris,2022-12-07
3299,Judy Thomas,judy.thomas3299@example.com,53,Chennai,2020-11-29
3300,Judy Wilson,judy.wilson3300@example.com,36,London,2024-06-25
3301,Judy Smith,judy.smith3301@example.com,47,New York,2021-03-21
3302,Judy Walker,judy.walker3302@example.com,55,London,2020-04-18
3303,Pam Miller,pam.miller3303@example.com,18,Toronto,2021-12-22
3304,Alice Smith,alice.smith3304@example.com,34,Paris,2021-12-18
3305,Judy Lee,judy.lee3305@example.com,72,Delhi,2023-09-24
3306,Rita Brown,rita.brown3306@example.com,23,Kolkata,2021-07-08
3307,Eve Martin,eve.martin3307@example.com,30,Toronto,2023-04-13
3308,Charlie Miller,charlie.miller3308@example.com,32,New York,2022-08-27
3309,Lena Taylor,lena.taylor3309@example.com,69,Chennai,2023-07-28
3310,Mike Garcia,mike.garcia3310@example.com,43,Hyderabad,2020-07-19
3311,Ivan Hall,ivan.hall3311@example.com,37,Bangalore,2021-09-28
3312,Frank Thomas,frank.thomas3312@example.com,45,Chennai,2024-11-28
3313,Karl Lee,karl.lee3313@example.com,55,Paris,2023-10-31
3314,Grace Miller,grace.miller3314@example.com,26,Toronto,2023-02-09
3315,Grace Miller,grace.miller3315@example.com,37,London,2021-08-31
3316,Sam Hall,sam.hall3316@example.com,58,Mumbai,2023-01-22
3317,Frank Garcia,frank.garcia3317@example.com,68,Hyderabad,2024-09-03
3318,Nina Johnson,nina.johnson3318@example.com,26,Delhi,2022-06-24
3319,Karl Anderson,karl.anderson3319@example.com,61,Kolkata,2022-01-02
3320,Oscar Davis,oscar.davis3320@example.com,45,Mumbai,2022-05-11
3321,Nina Wilson,nina.wilson3321@example.com,19,Hyderabad,2023-02-18
3322,Alice Lee,alice.lee3322@example.com,44,London,2024-03-27
3323,Eve Thomas,eve.thomas3323@example.com,37,Pune,2021-05-11
3324,Sam Anderson,sam.anderson3324@example.com,41,Paris,2023-06-25
3325,Rita Hall,rita.hall3325@example.com,54,Hyderabad,2021-08-23
3326,Bob Lee,bob.lee3326@example.com,72,Toronto,2020-09-14
3327,Mike Moore,mike.moore3327@example.com,18,Mumbai,2024-07-11
3328,Quinn Wilson,quinn.wilson3328@example.com,71,New York,2020-06-22
3329,Bob Miller,bob.miller3329@example.com,71,Chennai,2020-08-07
3330,Karl Thomas,karl.thomas3330@example.com,24,Jaipur,2021-08-18
3331,Sam Wilson,sam.wilson3331@example.com,62,Sydney,2024-11-05
3332,Bob Johnson,bob.johnson3332@example.com,65,Bangalore,2023-10-13
3333,Quinn Martin,quinn.martin3333@example.com,63,New York,2023-12-07
3334,Grace Anderson,grace.anderson3334@example.com,27,Delhi,2024-02-25
3335,Pam Brown,pam.brown3335@example.com,32,Hyderabad,2023-10-15
3336,Eve Miller,eve.miller3336@example.com,58,Berlin,2024-01-12
3337,Alice Lee,alice.lee3337@example.com,49,Bangalore,2023-11-09
3338,Grace Johnson,grace.johnson3338@example.com,22,New York,2020-11-09
3339,Tina Hall,tina.hall3339@example.com,25,Delhi,2020-07-17
3340,Heidi Taylor,heidi.taylor3340@example.com,24,Mumbai,2020-02-20
3341,Quinn Wilson,quinn.wilson3341@example.com,43,New York,2025-03-11
3342,Diana Miller,diana.miller3342@example.com,43,Mumbai,2021-01-11
3343,Heidi Walker,heidi.walker3343@example.com,72,Delhi,2021-06-17
3344,Tina Moore,tina.moore3344@example.com,46,Jaipur,2023-09-09
3345,Tina Johnson,tina.johnson3345@example.com,45,Paris,2023-07-26
3346,Alice Brown,alice.brown3346@example.com,27,Jaipur,2024-03-04
3347,Heidi Brown,heidi.brown3347@example.com,50,Kolkata,2023-12-03
3348,Rita Taylor,rita.taylor3348@example.com,48,Mumbai,2021-08-16
3349,Judy Moore,judy.moore3349@example.com,24,Bangalore,2022-10-06
3350,Lena Moore,lena.moore3350@example.com,35,Toronto,2022-03-01
3351,Diana Wilson,diana.wilson3351@example.com,44,Jaipur,2022-05-20
3352,Eve Smith,eve.smith3352@example.com,36,Mumbai,2020-09-03
3353,Sam Garcia,sam.garcia3353@example.com,18,Bangalore,2021-09-12
3354,Bob Moore,bob.moore3354@example.com,59,Hyderabad,2023-09-07
3355,Tina Wilson,tina.wilson3355@example.com,20,Hyderabad,2025-01-31
3356,Lena Brown,lena.brown3356@example.com,47,Hyderabad,2024-01-20
3357,Oscar Miller,oscar.miller3357@example.com,18,Paris,2022-01-02
3358,Quinn Walker,quinn.walker3358@example.com,73,Delhi,2021-03-07
3359,Lena Hall,lena.hall3359@example.com,63,Delhi,2022-03-10
3360,Quinn Johnson,quinn.johnson3360@example.com,29,Chennai,2020-11-06
3361,Lena Moore,lena.moore3361@example.com,64,Bangalore,2021-11-25
3362,Oscar Martin,oscar.martin3362@example.com,72,Pune,2020-10-13
3363,Ivan Lee,ivan.lee3363@example.com,66,Chennai,2021-09-12
3364,Mike Johnson,mike.johnson3364@example.com,71,Chennai,2022-09-17
3365,Mike Wilson,mike.wilson3365@example.com,56,Chennai,2021-01-04
3366,Sam Martin,sam.martin3366@example.com,50,Pune,2023-09-11
3367,Quinn Miller,quinn.miller3367@example.com,26,Kolkata,2021-10-25
3368,Sam Thomas,sam.thomas3368@example.com,40,Bangalore,2023-06-18
3369,Mike Johnson,mike.johnson3369@example.com,20,New York,2024-10-10
3370,Frank Taylor,frank.taylor3370@example.com,24,Chennai,2020-08-05
3371,Pam Hall,pam.hall3371@example.com,61,Mumbai,2021-10-24
3372,Heidi Lee,heidi.lee3372@example.com,69,Hyderabad,2024-02-09
3373,Heidi Johnson,heidi.johnson3373@example.com,75,Hyderabad,2020-12-22
3374,Mike Lee,mike.lee3374@example.com,44,Hyderabad,2020-05-11
3375,Bob Thomas,bob.thomas3375@example.com,34,London,2020-03-17
3376,Charlie Wilson,charlie.wilson3376@example.com,66,Sydney,2023-05-27
3377,Alice Hall,alice.hall3377@example.com,29,Sydney,2020-08-08
3378,Oscar Garcia,oscar.garcia3378@example.com,26,Chennai,2023-03-21
3379,Rita Taylor,rita.taylor3379@example.com,30,Berlin,2022-10-02
3380,Oscar Moore,oscar.moore3380@example.com,36,Tokyo,2021-02-16
3381,Frank Garcia,frank.garcia3381@example.com,70,Delhi,2024-07-14
3382,Grace Johnson,grace.johnson3382@example.com,55,New York,2023-07-12
3383,Diana Taylor,diana.taylor3383@example.com,20,Pune,2020-10-14
3384,Alice Davis,alice.davis3384@example.com,67,Toronto,2023-03-09
3385,Rita Walker,rita.walker3385@example.com,22,Sydney,2021-01-14
3386,Quinn Wilson,quinn.wilson3386@example.com,30,Jaipur,2021-02-28
3387,Sam Walker,sam.walker3387@example.com,48,Delhi,2021-12-22
3388,Lena Thomas,lena.thomas3388@example.com,75,Delhi,2024-10-13
3389,Eve Lee,eve.lee3389@example.com,22,Mumbai,2022-05-25
3390,Mike Walker,mike.walker3390@example.com,22,Bangalore,2020-06-09
3391,Eve Lee,eve.lee3391@example.com,51,Berlin,2020-07-25
3392,Diana Wilson,diana.wilson3392@example.com,32,New York,2023-05-16
3393,Rita Davis,rita.davis3393@example.com,19,Tokyo,2024-08-09
3394,Judy Hall,judy.hall3394@example.com,71,Berlin,2022-03-10
3395,Lena Johnson,lena.johnson3395@example.com,73,Jaipur,2020-11-19
3396,Judy Johnson,judy.johnson3396@example.com,52,Bangalore,2021-05-09
3397,Quinn Hall,quinn.hall3397@example.com,57,Delhi,2021-10-01
3398,Mike Thomas,mike.thomas3398@example.com,21,Delhi,2023-11-29
3399,Diana Thomas,diana.thomas3399@example.com,48,Hyderabad,2025-02-21
3400,Ivan Moore,ivan.moore3400@example.com,19,New York,2021-11-23
3401,Nina Miller,nina.miller3401@example.com,30,Sydney,2024-12-23
3402,Bob Brown,bob.brown3402@example.com,31,Delhi,2024-07-30
3403,Karl Hall,karl.hall3403@example.com,66,Chennai,2025-02-11
3404,Bob Taylor,bob.taylor3404@example.com,49,London,2024-07-07
3405,Sam Hall,sam.hall3405@example.com,57,Kolkata,2024-09-06
3406,Bob Davis,bob.davis3406@example.com,22,Toronto,2023-05-10
3407,Tina Hall,tina.hall3407@example.com,23,Hyderabad,2023-02-03
3408,Pam Brown,pam.brown3408@example.com,35,Kolkata,2020-03-26
3409,Diana Smith,diana.smith3409@example.com,49,Delhi,2021-04-06
3410,Lena Garcia,lena.garcia3410@example.com,48,Berlin,2024-05-19
3411,Heidi Smith,heidi.smith3411@example.com,21,New York,2024-05-03
3412,Grace Anderson,grace.anderson3412@example.com,56,Jaipur,2022-02-15
3413,Alice Anderson,alice.anderson3413@example.com,48,New York,2022-03-03
3414,Mike Martin,mike.martin3414@example.com,26,Toronto,2023-12-07
3415,Nina Anderson,nina.anderson3415@example.com,26,London,2022-06-15
3416,Diana Hall,diana.hall3416@example.com,57,Hyderabad,2022-01-23
3417,Lena Taylor,lena.taylor3417@example.com,39,Toronto,2025-02-23
3418,Bob Taylor,bob.taylor3418@example.com,32,London,2023-04-20
3419,Alice Taylor,alice.taylor3419@example.com,44,Kolkata,2024-03-21
3420,Rita Thomas,rita.thomas3420@example.com,20,Pune,2020-01-31
3421,Heidi Walker,heidi.walker3421@example.com,21,London,2020-04-26
3422,Eve Wilson,eve.wilson3422@example.com,29,Berlin,2020-03-30
3423,Karl Davis,karl.davis3423@example.com,56,Chennai,2024-12-28
3424,Heidi Miller,heidi.miller3424@example.com,26,Bangalore,2022-03-25
3425,Pam Moore,pam.moore3425@example.com,25,Chennai,2020-06-06
3426,Charlie Miller,charlie.miller3426@example.com,52,Tokyo,2022-10-10
3427,Lena Hall,lena.hall3427@example.com,72,Tokyo,2022-06-27
3428,Judy Davis,judy.davis3428@example.com,67,Delhi,2021-08-22
3429,Heidi Anderson,heidi.anderson3429@example.com,75,Berlin,2021-10-15
3430,Rita Anderson,rita.anderson3430@example.com,24,New York,2021-12-10
3431,Nina Martin,nina.martin3431@example.com,57,Mumbai,2021-07-26
3432,Charlie Taylor,charlie.taylor3432@example.com,26,Jaipur,2025-06-21
3433,Quinn Taylor,quinn.taylor3433@example.com,37,Kolkata,2023-02-06
3434,Grace Johnson,grace.johnson3434@example.com,41,Kolkata,2024-07-29
3435,Eve Smith,eve.smith3435@example.com,33,Kolkata,2022-06-20
3436,Oscar Johnson,oscar.johnson3436@example.com,19,Mumbai,2024-09-08
3437,Bob Miller,bob.miller3437@example.com,35,Bangalore,2022-02-25
3438,Judy Walker,judy.walker3438@example.com,23,New York,2021-07-25
3439,Tina Garcia,tina.garcia3439@example.com,49,New York,2024-11-01
3440,Mike Garcia,mike.garcia3440@example.com,46,New York,2021-04-04
3441,Grace Garcia,grace.garcia3441@example.com,29,Chennai,2022-06-01
3442,Rita Smith,rita.smith3442@example.com,60,Berlin,2020-03-05
3443,Rita Lee,rita.lee3443@example.com,40,Hyderabad,2020-02-23
3444,Tina Lee,tina.lee3444@example.com,75,Sydney,2025-03-04
3445,Ivan Lee,ivan.lee3445@example.com,66,Bangalore,2021-03-19
3446,Alice Davis,alice.davis3446@example.com,64,Jaipur,2023-06-26
3447,Nina Walker,nina.walker3447@example.com,45,Pune,2024-02-02
3448,Bob Lee,bob.lee3448@example.com,24,Delhi,2022-03-05
3449,Judy Walker,judy.walker3449@example.com,52,Mumbai,2022-05-18
3450,Sam Martin,sam.martin3450@example.com,54,Pune,2022-11-28
3451,Ivan Brown,ivan.brown3451@example.com,42,Mumbai,2024-03-07
3452,Heidi Brown,heidi.brown3452@example.com,18,Berlin,2024-06-25
3453,Ivan Johnson,ivan.johnson3453@example.com,33,Pune,2023-01-16
3454,Judy Davis,judy.davis3454@example.com,54,Toronto,2020-03-20
3455,Tina Miller,tina.miller3455@example.com,41,Berlin,2023-09-12
3456,Ivan Lee,ivan.lee3456@example.com,59,Pune,2024-04-29
3457,Tina Smith,tina.smith3457@example.com,25,Berlin,2023-03-10
3458,Karl Walker,karl.walker3458@example.com,34,Jaipur,2021-01-01
3459,Oscar Wilson,oscar.wilson3459@example.com,19,Mumbai,2020-01-19
3460,Oscar Smith,oscar.smith3460@example.com,40,Mumbai,2023-07-30
3461,Rita Taylor,rita.taylor3461@example.com,44,New York,2023-04-01
3462,Charlie Miller,charlie.miller3462@example.com,75,Bangalore,2023-02-03
3463,Karl Johnson,karl.johnson3463@example.com,46,Paris,2021-06-12
3464,Ivan Miller,ivan.miller3464@example.com,73,Mumbai,2020-09-17
3465,Heidi Moore,heidi.moore3465@example.com,29,Paris,2024-11-19
3466,Tina Moore,tina.moore3466@example.com,21,Tokyo,2020-08-22
3467,Bob Brown,bob.brown3467@example.com,61,Delhi,2024-10-28
3468,Oscar Thomas,oscar.thomas3468@example.com,38,New York,2023-02-07
3469,Heidi Smith,heidi.smith3469@example.com,63,Berlin,2025-06-20
3470,Ivan Smith,ivan.smith3470@example.com,61,Jaipur,2024-10-22
3471,Lena Anderson,lena.anderson3471@example.com,63,New York,2023-05-14
3472,Heidi Davis,heidi.davis3472@example.com,24,London,2022-11-04
3473,Oscar Johnson,oscar.johnson3473@example.com,50,London,2021-04-30
3474,Grace Davis,grace.davis3474@example.com,54,Sydney,2024-08-25
3475,Nina Johnson,nina.johnson3475@example.com,59,Toronto,2024-11-28
3476,Judy Brown,judy.brown3476@example.com,19,Sydney,2023-05-28
3477,Lena Davis,lena.davis3477@example.com,44,Hyderabad,2023-08-28
3478,Lena Wilson,lena.wilson3478@example.com,36,Bangalore,2020-03-04
3479,Frank Davis,frank.davis3479@example.com,20,Berlin,2025-03-20
3480,Eve Hall,eve.hall3480@example.com,55,New York,2020-08-05
3481,Tina Taylor,tina.taylor3481@example.com,69,Sydney,2022-11-12
3482,Quinn Lee,quinn.lee3482@example.com,55,Kolkata,2021-12-05
3483,Grace Garcia,grace.garcia3483@example.com,71,Bangalore,2020-03-07
3484,Eve Garcia,eve.garcia3484@example.com,66,Chennai,2020-06-09
3485,Charlie Hall,charlie.hall3485@example.com,32,Bangalore,2022-10-28
3486,Sam Moore,sam.moore3486@example.com,53,Kolkata,2022-05-06
3487,Rita Martin,rita.martin3487@example.com,25,Jaipur,2024-12-04
3488,Quinn Lee,quinn.lee3488@example.com,21,Bangalore,2022-08-25
3489,Quinn Anderson,quinn.anderson3489@example.com,46,Sydney,2021-07-05
3490,Grace Walker,grace.walker3490@example.com,54,Berlin,2025-02-08
3491,Heidi Davis,heidi.davis3491@example.com,33,Pune,2024-04-21
3492,Lena Taylor,lena.taylor3492@example.com,47,Sydney,2024-03-12
3493,Diana Martin,diana.martin3493@example.com,33,Mumbai,2024-02-09
3494,Nina Davis,nina.davis3494@example.com,23,Sydney,2023-02-21
3495,Quinn Johnson,quinn.johnson3495@example.com,41,Chennai,2022-09-18
3496,Tina Taylor,tina.taylor3496@example.com,46,Pune,2022-05-07
3497,Heidi Thomas,heidi.thomas3497@example.com,70,Jaipur,2020-09-13
3498,Rita Taylor,rita.taylor3498@example.com,67,Hyderabad,2022-04-14
3499,Sam Moore,sam.moore3499@example.com,26,Bangalore,2021-06-17
3500,Judy Davis,judy.davis3500@example.com,38,London,2020-06-15
3501,Nina Garcia,nina.garcia3501@example.com,50,Paris,2023-03-25
3502,Pam Moore,pam.moore3502@example.com,74,Pune,2021-02-09
3503,Frank Hall,frank.hall3503@example.com,47,New York,2020-12-07
3504,Diana Garcia,diana.garcia3504@example.com,34,Pune,2023-02-09
3505,Pam Martin,pam.martin3505@example.com,24,Paris,2024-11-15
3506,Bob Walker,bob.walker3506@example.com,45,New York,2023-11-14
3507,Frank Johnson,frank.johnson3507@example.com,26,Delhi,2024-11-10
3508,Quinn Hall,quinn.hall3508@example.com,42,Hyderabad,2022-05-14
3509,Lena Brown,lena.brown3509@example.com,43,Kolkata,2023-02-14
3510,Heidi Martin,heidi.martin3510@example.com,36,London,2021-11-20
3511,Karl Thomas,karl.thomas3511@example.com,56,Bangalore,2020-08-08
3512,Bob Johnson,bob.johnson3512@example.com,65,Hyderabad,2021-12-27
3513,Oscar Hall,oscar.hall3513@example.com,44,Chennai,2022-07-10
3514,Nina Miller,nina.miller3514@example.com,66,Mumbai,2023-12-04
3515,Eve Martin,eve.martin3515@example.com,29,Kolkata,2024-04-17
3516,Sam Hall,sam.hall3516@example.com,70,Hyderabad,2022-11-09
3517,Charlie Brown,charlie.brown3517@example.com,75,New York,2023-04-30
3518,Sam Davis,sam.davis3518@example.com,61,Chennai,2022-07-17
3519,Mike Davis,mike.davis3519@example.com,46,Paris,2022-11-07
3520,Sam Miller,sam.miller3520@example.com,67,London,2021-04-20
3521,Judy Wilson,judy.wilson3521@example.com,39,New York,2023-03-01
3522,Quinn Hall,quinn.hall3522@example.com,51,Bangalore,2022-11-06
3523,Nina Miller,nina.miller3523@example.com,38,Toronto,2021-10-14
3524,Frank Brown,frank.brown3524@example.com,20,Jaipur,2025-04-19
3525,Grace Garcia,grace.garcia3525@example.com,51,Berlin,2023-03-23
3526,Tina Davis,tina.davis3526@example.com,24,Sydney,2021-08-06
3527,Frank Johnson,frank.johnson3527@example.com,36,Berlin,2022-09-23
3528,Oscar Taylor,oscar.taylor3528@example.com,74,Paris,2021-08-13
3529,Ivan Thomas,ivan.thomas3529@example.com,66,London,2025-03-08
3530,Heidi Moore,heidi.moore3530@example.com,35,Paris,2020-07-15
3531,Grace Anderson,grace.anderson3531@example.com,71,Delhi,2024-03-25
3532,Frank Smith,frank.smith3532@example.com,56,Hyderabad,2020-03-22
3533,Rita Anderson,rita.anderson3533@example.com,69,Tokyo,2020-01-14
3534,Pam Walker,pam.walker3534@example.com,70,New York,2022-01-26
3535,Grace Miller,grace.miller3535@example.com,54,Toronto,2024-02-08
3536,Oscar Anderson,oscar.anderson3536@example.com,26,Jaipur,2022-07-18
3537,Judy Hall,judy.hall3537@example.com,25,Kolkata,2023-12-17
3538,Diana Wilson,diana.wilson3538@example.com,74,Toronto,2022-10-07
3539,Ivan Johnson,ivan.johnson3539@example.com,73,Paris,2021-07-24
3540,Diana Davis,diana.davis3540@example.com,69,London,2024-03-04
3541,Heidi Martin,heidi.martin3541@example.com,22,Sydney,2020-11-16
3542,Quinn Davis,quinn.davis3542@example.com,35,Mumbai,2023-07-15
3543,Quinn Moore,quinn.moore3543@example.com,67,London,2023-12-18
3544,Karl Hall,karl.hall3544@example.com,20,Toronto,2020-07-24
3545,Quinn Davis,quinn.davis3545@example.com,30,Jaipur,2023-02-17
3546,Bob Moore,bob.moore3546@example.com,58,New York,2021-05-18
3547,Eve Thomas,eve.thomas3547@example.com,42,Jaipur,2025-04-15
3548,Heidi Moore,heidi.moore3548@example.com,30,Berlin,2022-08-20
3549,Eve Wilson,eve.wilson3549@example.com,70,Paris,2024-02-11
3550,Pam Miller,pam.miller3550@example.com,26,Tokyo,2023-07-24
3551,Charlie Anderson,charlie.anderson3551@example.com,72,Kolkata,2024-03-14
3552,Grace Smith,grace.smith3552@example.com,45,London,2022-10-01
3553,Rita Thomas,rita.thomas3553@example.com,31,Kolkata,2020-12-30
3554,Bob Garcia,bob.garcia3554@example.com,62,Berlin,2023-06-10
3555,Mike Moore,mike.moore3555@example.com,55,Tokyo,2023-07-30
3556,Lena Wilson,lena.wilson3556@example.com,51,Chennai,2025-05-08
3557,Frank Hall,frank.hall3557@example.com,37,Jaipur,2021-04-19
3558,Judy Moore,judy.moore3558@example.com,49,Mumbai,2024-06-19
3559,Mike Thomas,mike.thomas3559@example.com,40,Delhi,2022-09-12
3560,Judy Johnson,judy.johnson3560@example.com,32,London,2025-05-26
3561,Judy Garcia,judy.garcia3561@example.com,46,Sydney,2021-05-21
3562,Nina Johnson,nina.johnson3562@example.com,29,Mumbai,2025-05-12
3563,Karl Moore,karl.moore3563@example.com,25,Sydney,2023-11-28
3564,Mike Martin,mike.martin3564@example.com,26,Pune,2024-12-11
3565,Pam Walker,pam.walker3565@example.com,69,Jaipur,2022-09-28
3566,Tina Garcia,tina.garcia3566@example.com,61,Tokyo,2020-02-29
3567,Judy Miller,judy.miller3567@example.com,50,Tokyo,2024-12-27
3568,Nina Smith,nina.smith3568@example.com,53,Pune,2021-10-23
3569,Ivan Moore,ivan.moore3569@example.com,38,Toronto,2022-03-12
3570,Oscar Garcia,oscar.garcia3570@example.com,43,Berlin,2025-02-11
3571,Bob Miller,bob.miller3571@example.com,49,Kolkata,2021-03-24
3572,Karl Moore,karl.moore3572@example.com,70,New York,2021-09-23
3573,Oscar Garcia,oscar.garcia3573@example.com,32,Bangalore,2024-11-28
3574,Frank Anderson,frank.anderson3574@example.com,31,Pune,2023-07-04
3575,Diana Thomas,diana.thomas3575@example.com,57,Sydney,2020-09-21
3576,Tina Anderson,tina.anderson3576@example.com,19,Kolkata,2020-02-13
3577,Mike Johnson,mike.johnson3577@example.com,67,Kolkata,2021-11-13
3578,Lena Lee,lena.lee3578@example.com,67,Delhi,2020-05-09
3579,Bob Anderson,bob.anderson3579@example.com,31,Sydney,2023-01-01
3580,Grace Brown,grace.brown3580@example.com,71,Delhi,2022-03-21
3581,Heidi Miller,heidi.miller3581@example.com,69,Paris,2025-02-08
3582,Lena Davis,lena.davis3582@example.com,44,Tokyo,2023-02-06
3583,Heidi Smith,heidi.smith3583@example.com,20,Jaipur,2020-02-11
3584,Quinn Johnson,quinn.johnson3584@example.com,50,Toronto,2024-06-08
3585,Pam Smith,pam.smith3585@example.com,28,Berlin,2021-09-09
3586,Alice Taylor,alice.taylor3586@example.com,58,Pune,2023-11-10
3587,Heidi Smith,heidi.smith3587@example.com,35,Kolkata,2020-09-10
3588,Mike Moore,mike.moore3588@example.com,43,Paris,2024-08-02
3589,Ivan Walker,ivan.walker3589@example.com,23,London,2020-05-31
3590,Quinn Martin,quinn.martin3590@example.com,63,Pune,2024-02-09
3591,Nina Smith,nina.smith3591@example.com,18,Kolkata,2024-08-27
3592,Rita Thomas,rita.thomas3592@example.com,27,London,2024-02-16
3593,Sam Lee,sam.lee3593@example.com,43,Tokyo,2024-08-29
3594,Tina Walker,tina.walker3594@example.com,37,Pune,2021-10-24
3595,Nina Anderson,nina.anderson3595@example.com,65,New York,2021-09-10
3596,Ivan Wilson,ivan.wilson3596@example.com,30,London,2021-06-25
3597,Sam Wilson,sam.wilson3597@example.com,42,Berlin,2022-05-29
3598,Charlie Taylor,charlie.taylor3598@example.com,44,Delhi,2021-07-24
3599,Pam Miller,pam.miller3599@example.com,62,Delhi,2022-11-03
3600,Heidi Garcia,heidi.garcia3600@example.com,19,Mumbai,2024-01-30
3601,Mike Davis,mike.davis3601@example.com,66,Delhi,2024-01-03
3602,Diana Wilson,diana.wilson3602@example.com,32,Bangalore,2025-06-20
3603,Alice Garcia,alice.garcia3603@example.com,67,Tokyo,2022-07-04
3604,Lena Wilson,lena.wilson3604@example.com,54,London,2023-08-09
3605,Judy Davis,judy.davis3605@example.com,27,Pune,2023-07-14
3606,Charlie Johnson,charlie.johnson3606@example.com,53,Paris,2021-03-01
3607,Pam Thomas,pam.thomas3607@example.com,33,London,2020-10-16
3608,Mike Thomas,mike.thomas3608@example.com,71,Mumbai,2022-12-07
3609,Sam Lee,sam.lee3609@example.com,32,New York,2024-04-20
3610,Pam Miller,pam.miller3610@example.com,44,Berlin,2024-02-25
3611,Karl Walker,karl.walker3611@example.com,27,New York,2021-10-20
3612,Sam Thomas,sam.thomas3612@example.com,44,Jaipur,2020-01-12
3613,Ivan Martin,ivan.martin3613@example.com,31,Pune,2023-02-25
3614,Pam Anderson,pam.anderson3614@example.com,49,Sydney,2025-05-19
3615,Heidi Davis,heidi.davis3615@example.com,47,Kolkata,2022-09-16
3616,Quinn Anderson,quinn.anderson3616@example.com,72,Kolkata,2024-02-10
3617,Charlie Hall,charlie.hall3617@example.com,24,Toronto,2023-12-03
3618,Charlie Garcia,charlie.garcia3618@example.com,26,Pune,2020-01-28
3619,Frank Anderson,frank.anderson3619@example.com,65,London,2020-12-06
3620,Grace Wilson,grace.wilson3620@example.com,73,London,2020-03-20
3621,Nina Wilson,nina.wilson3621@example.com,28,Chennai,2024-07-02
3622,Quinn Wilson,quinn.wilson3622@example.com,26,Kolkata,2024-11-25
3623,Rita Garcia,rita.garcia3623@example.com,43,New York,2021-08-30
3624,Diana Garcia,diana.garcia3624@example.com,36,Kolkata,2025-03-03
3625,Ivan Anderson,ivan.anderson3625@example.com,38,Bangalore,2024-12-26
3626,Lena Thomas,lena.thomas3626@example.com,59,Paris,2020-10-16
3627,Judy Anderson,judy.anderson3627@example.com,61,Tokyo,2024-07-02
3628,Tina Martin,tina.martin3628@example.com,41,Delhi,2023-05-23
3629,Ivan Wilson,ivan.wilson3629@example.com,47,Tokyo,2025-04-01
3630,Karl Hall,karl.hall3630@example.com,65,Kolkata,2024-10-11
3631,Eve Brown,eve.brown3631@example.com,51,Kolkata,2024-08-25
3632,Pam Smith,pam.smith3632@example.com,38,Toronto,2021-01-02
3633,Eve Wilson,eve.wilson3633@example.com,22,New York,2021-09-30
3634,Grace Taylor,grace.taylor3634@example.com,62,London,2023-01-06
3635,Oscar Davis,oscar.davis3635@example.com,24,New York,2023-07-03
3636,Oscar Thomas,oscar.thomas3636@example.com,28,London,2021-12-18
3637,Rita Hall,rita.hall3637@example.com,32,Sydney,2023-07-11
3638,Alice Hall,alice.hall3638@example.com,30,Berlin,2021-08-05
3639,Nina Thomas,nina.thomas3639@example.com,64,Berlin,2022-01-22
3640,Tina Lee,tina.lee3640@example.com,43,Hyderabad,2021-06-05
3641,Rita Anderson,rita.anderson3641@example.com,59,Chennai,2021-02-18
3642,Charlie Thomas,charlie.thomas3642@example.com,27,London,2024-02-05
3643,Grace Miller,grace.miller3643@example.com,29,Berlin,2023-02-28
3644,Diana Brown,diana.brown3644@example.com,69,Delhi,2023-04-17
3645,Mike Davis,mike.davis3645@example.com,54,Pune,2024-10-13
3646,Sam Thomas,sam.thomas3646@example.com,35,Pune,2024-02-18
3647,Tina Moore,tina.moore3647@example.com,48,Tokyo,2020-12-10
3648,Alice Lee,alice.lee3648@example.com,32,Tokyo,2020-07-06
3649,Tina Brown,tina.brown3649@example.com,27,Paris,2022-08-31
3650,Alice Davis,alice.davis3650@example.com,22,Hyderabad,2025-06-09
3651,Bob Brown,bob.brown3651@example.com,50,Pune,2022-06-19
3652,Nina Moore,nina.moore3652@example.com,48,Sydney,2021-09-11
3653,Quinn Lee,quinn.lee3653@example.com,25,Tokyo,2023-02-21
3654,Mike Garcia,mike.garcia3654@example.com,67,Toronto,2023-12-17
3655,Pam Davis,pam.davis3655@example.com,37,Jaipur,2022-12-05
3656,Karl Anderson,karl.anderson3656@example.com,23,Hyderabad,2023-05-24
3657,Grace Brown,grace.brown3657@example.com,58,Jaipur,2021-07-22
3658,Eve Walker,eve.walker3658@example.com,45,Delhi,2022-06-23
3659,Pam Martin,pam.martin3659@example.com,68,Berlin,2023-11-04
3660,Diana Anderson,diana.anderson3660@example.com,75,Toronto,2023-08-28
3661,Lena Brown,lena.brown3661@example.com,19,Jaipur,2022-01-18
3662,Oscar Lee,oscar.lee3662@example.com,60,Sydney,2024-01-31
3663,Nina Taylor,nina.taylor3663@example.com,57,Delhi,2024-11-29
3664,Grace Garcia,grace.garcia3664@example.com,41,Paris,2025-03-26
3665,Alice Taylor,alice.taylor3665@example.com,46,Sydney,2022-12-13
3666,Grace Smith,grace.smith3666@example.com,55,Berlin,2021-11-03
3667,Diana Hall,diana.hall3667@example.com,41,Hyderabad,2021-06-03
3668,Quinn Hall,quinn.hall3668@example.com,18,Bangalore,2021-07-13
3669,Bob Moore,bob.moore3669@example.com,35,Chennai,2022-09-07
3670,Mike Smith,mike.smith3670@example.com,62,Kolkata,2021-06-02
3671,Ivan Moore,ivan.moore3671@example.com,21,Bangalore,2024-08-13
3672,Alice Walker,alice.walker3672@example.com,63,Hyderabad,2022-08-22
3673,Tina Moore,tina.moore3673@example.com,47,Mumbai,2020-12-21
3674,Pam Martin,pam.martin3674@example.com,73,Chennai,2024-03-17
3675,Rita Lee,rita.lee3675@example.com,24,New York,2022-01-26
3676,Alice Thomas,alice.thomas3676@example.com,75,Kolkata,2020-11-09
3677,Frank Walker,frank.walker3677@example.com,72,Paris,2020-06-18
3678,Nina Walker,nina.walker3678@example.com,72,London,2020-04-24
3679,Oscar Moore,oscar.moore3679@example.com,63,New York,2021-10-05
3680,Diana Walker,diana.walker3680@example.com,52,Berlin,2024-10-12
3681,Grace Moore,grace.moore3681@example.com,57,Kolkata,2020-02-04
3682,Karl Walker,karl.walker3682@example.com,61,Jaipur,2025-01-16
3683,Karl Hall,karl.hall3683@example.com,63,Paris,2025-01-28
3684,Sam Martin,sam.martin3684@example.com,41,Delhi,2020-01-30
3685,Mike Garcia,mike.garcia3685@example.com,71,Chennai,2023-10-03
3686,Bob Johnson,bob.johnson3686@example.com,30,Jaipur,2024-04-08
3687,Quinn Brown,quinn.brown3687@example.com,64,Berlin,2020-06-20
3688,Frank Wilson,frank.wilson3688@example.com,20,Berlin,2023-05-31
3689,Grace Martin,grace.martin3689@example.com,50,Toronto,2020-12-20
3690,Alice Miller,alice.miller3690@example.com,35,Delhi,2021-12-19
3691,Diana Davis,diana.davis3691@example.com,47,Bangalore,2024-09-08
3692,Charlie Thomas,charlie.thomas3692@example.com,47,London,2020-08-26
3693,Charlie Brown,charlie.brown3693@example.com,64,London,2021-01-15
3694,Karl Thomas,karl.thomas3694@example.com,58,New York,2024-04-19
3695,Frank Lee,frank.lee3695@example.com,18,Tokyo,2023-07-30
3696,Lena Wilson,lena.wilson3696@example.com,23,Hyderabad,2024-01-23
3697,Heidi Miller,heidi.miller3697@example.com,71,Chennai,2023-08-08
3698,Grace Martin,grace.martin3698@example.com,66,Kolkata,2020-09-28
3699,Judy Smith,judy.smith3699@example.com,42,Kolkata,2021-08-10
3700,Frank Miller,frank.miller3700@example.com,26,Bangalore,2021-10-08
3701,Nina Taylor,nina.taylor3701@example.com,71,Tokyo,2021-07-12
3702,Grace Brown,grace.brown3702@example.com,36,Berlin,2023-11-29
3703,Oscar Miller,oscar.miller3703@example.com,23,Mumbai,2021-12-28
3704,Sam Davis,sam.davis3704@example.com,40,Pune,2023-08-07
3705,Quinn Wilson,quinn.wilson3705@example.com,71,Chennai,2023-11-08
3706,Frank Smith,frank.smith3706@example.com,71,Bangalore,2022-02-28
3707,Eve Anderson,eve.anderson3707@example.com,54,Tokyo,2023-12-09
3708,Nina Davis,nina.davis3708@example.com,59,Pune,2023-10-28
3709,Judy Taylor,judy.taylor3709@example.com,39,Kolkata,2025-06-06
3710,Quinn Anderson,quinn.anderson3710@example.com,71,Kolkata,2024-06-14
3711,Ivan Johnson,ivan.johnson3711@example.com,50,Pune,2021-03-07
3712,Ivan Taylor,ivan.taylor3712@example.com,47,Berlin,2020-03-05
3713,Diana Anderson,diana.anderson3713@example.com,60,Chennai,2021-01-16
3714,Pam Brown,pam.brown3714@example.com,47,Bangalore,2021-10-23
3715,Lena Thomas,lena.thomas3715@example.com,42,Chennai,2023-04-20
3716,Bob Davis,bob.davis3716@example.com,62,London,2023-07-13
3717,Lena Walker,lena.walker3717@example.com,75,New York,2020-11-21
3718,Nina Wilson,nina.wilson3718@example.com,39,Sydney,2023-08-19
3719,Diana Brown,diana.brown3719@example.com,40,Berlin,2020-11-29
3720,Oscar Anderson,oscar.anderson3720@example.com,29,Pune,2020-02-14
3721,Oscar Lee,oscar.lee3721@example.com,57,Mumbai,2023-04-30
3722,Sam Martin,sam.martin3722@example.com,45,Kolkata,2022-03-28
3723,Pam Walker,pam.walker3723@example.com,33,Berlin,2024-01-21
3724,Lena Thomas,lena.thomas3724@example.com,39,Mumbai,2023-10-21
3725,Mike Miller,mike.miller3725@example.com,20,Hyderabad,2024-12-01
3726,Heidi Lee,heidi.lee3726@example.com,75,Hyderabad,2022-11-04
3727,Diana Garcia,diana.garcia3727@example.com,45,Pune,2021-07-05
3728,Sam Garcia,sam.garcia3728@example.com,55,New York,2020-12-01
3729,Quinn Brown,quinn.brown3729@example.com,37,Hyderabad,2023-05-07
3730,Quinn Taylor,quinn.taylor3730@example.com,54,Pune,2020-10-12
3731,Eve Moore,eve.moore3731@example.com,39,Pune,2025-05-19
3732,Bob Johnson,bob.johnson3732@example.com,37,Pune,2024-04-17
3733,Eve Lee,eve.lee3733@example.com,40,Mumbai,2022-03-21
3734,Frank Wilson,frank.wilson3734@example.com,18,Chennai,2020-10-29
3735,Grace Hall,grace.hall3735@example.com,29,Berlin,2021-09-21
3736,Charlie Brown,charlie.brown3736@example.com,33,Jaipur,2021-02-20
3737,Nina Johnson,nina.johnson3737@example.com,64,Tokyo,2020-11-11
3738,Rita Walker,rita.walker3738@example.com,67,Sydney,2020-01-11
3739,Pam Brown,pam.brown3739@example.com,40,London,2022-08-22
3740,Rita Moore,rita.moore3740@example.com,43,Kolkata,2021-03-11
3741,Pam Moore,pam.moore3741@example.com,42,Jaipur,2022-08-07
3742,Heidi Lee,heidi.lee3742@example.com,24,Toronto,2020-09-20
3743,Karl Lee,karl.lee3743@example.com,26,Toronto,2024-05-02
3744,Karl Hall,karl.hall3744@example.com,36,Jaipur,2023-10-13
3745,Nina Thomas,nina.thomas3745@example.com,43,Delhi,2020-05-26
3746,Lena Wilson,lena.wilson3746@example.com,60,Kolkata,2025-06-10
3747,Sam Smith,sam.smith3747@example.com,32,Hyderabad,2023-05-31
3748,Frank Lee,frank.lee3748@example.com,33,Sydney,2022-01-11
3749,Karl Anderson,karl.anderson3749@example.com,70,New York,2023-06-04
3750,Tina Lee,tina.lee3750@example.com,43,Hyderabad,2020-06-07
3751,Heidi Brown,heidi.brown3751@example.com,49,Tokyo,2020-03-31
3752,Grace Miller,grace.miller3752@example.com,45,London,2021-11-26
3753,Mike Moore,mike.moore3753@example.com,29,Toronto,2020-11-04
3754,Judy Miller,judy.miller3754@example.com,42,Chennai,2024-08-08
3755,Pam Smith,pam.smith3755@example.com,34,Toronto,2021-01-02
3756,Frank Garcia,frank.garcia3756@example.com,61,Delhi,2024-09-04
3757,Diana Wilson,diana.wilson3757@example.com,69,London,2021-12-10
3758,Diana Moore,diana.moore3758@example.com,73,Toronto,2024-07-03
3759,Alice Brown,alice.brown3759@example.com,38,Paris,2023-03-22
3760,Quinn Garcia,quinn.garcia3760@example.com,61,Mumbai,2020-01-24
3761,Pam Moore,pam.moore3761@example.com,60,Toronto,2022-05-15
3762,Bob Miller,bob.miller3762@example.com,45,Berlin,2024-02-28
3763,Diana Thomas,diana.thomas3763@example.com,69,Pune,2025-02-03
3764,Oscar Anderson,oscar.anderson3764@example.com,41,Pune,2022-08-27
3765,Karl Walker,karl.walker3765@example.com,52,Sydney,2020-08-16
3766,Frank Garcia,frank.garcia3766@example.com,52,Pune,2022-02-24
3767,Charlie Brown,charlie.brown3767@example.com,18,Sydney,2025-04-25
3768,Sam Miller,sam.miller3768@example.com,30,Delhi,2024-07-22
3769,Tina Martin,tina.martin3769@example.com,73,Mumbai,2022-06-09
3770,Bob Wilson,bob.wilson3770@example.com,36,New York,2020-09-05
3771,Pam Wilson,pam.wilson3771@example.com,41,New York,2024-12-26
3772,Tina Moore,tina.moore3772@example.com,41,Berlin,2022-05-21
3773,Karl Moore,karl.moore3773@example.com,36,Pune,2024-08-04
3774,Alice Anderson,alice.anderson3774@example.com,35,Paris,2021-08-23
3775,Lena Garcia,lena.garcia3775@example.com,19,Mumbai,2021-10-26
3776,Judy Moore,judy.moore3776@example.com,20,Bangalore,2020-08-16
3777,Lena Martin,lena.martin3777@example.com,20,Delhi,2024-02-21
3778,Mike Taylor,mike.taylor3778@example.com,29,London,2022-12-31
3779,Diana Brown,diana.brown3779@example.com,64,Paris,2023-07-20
3780,Pam Garcia,pam.garcia3780@example.com,75,Berlin,2021-12-08
3781,Oscar Martin,oscar.martin3781@example.com,57,Tokyo,2025-02-24
3782,Quinn Thomas,quinn.thomas3782@example.com,47,New York,2020-06-05
3783,Karl Davis,karl.davis3783@example.com,20,Paris,2023-06-01
3784,Diana Garcia,diana.garcia3784@example.com,50,Kolkata,2020-06-10
3785,Karl Hall,karl.hall3785@example.com,58,Kolkata,2021-09-10
3786,Nina Garcia,nina.garcia3786@example.com,19,Paris,2025-04-30
3787,Ivan Martin,ivan.martin3787@example.com,59,Kolkata,2024-12-13
3788,Charlie Walker,charlie.walker3788@example.com,45,London,2024-06-13
3789,Grace Thomas,grace.thomas3789@example.com,34,Berlin,2023-06-14
3790,Quinn Anderson,quinn.anderson3790@example.com,72,Pune,2021-05-14
3791,Bob Davis,bob.davis3791@example.com,54,Mumbai,2021-03-16
3792,Nina Miller,nina.miller3792@example.com,65,Kolkata,2024-05-12
3793,Frank Miller,frank.miller3793@example.com,50,Chennai,2020-04-03
3794,Tina Garcia,tina.garcia3794@example.com,29,Chennai,2021-08-06
3795,Ivan Smith,ivan.smith3795@example.com,44,Tokyo,2020-02-08
3796,Nina Moore,nina.moore3796@example.com,26,Berlin,2021-06-30
3797,Oscar Thomas,oscar.thomas3797@example.com,68,Chennai,2021-10-13
3798,Diana Taylor,diana.taylor3798@example.com,32,New York,2023-12-23
3799,Karl Taylor,karl.taylor3799@example.com,22,Bangalore,2021-08-12
3800,Tina Walker,tina.walker3800@example.com,47,Bangalore,2022-05-11
3801,Tina Davis,tina.davis3801@example.com,52,Toronto,2022-09-01
3802,Rita Smith,rita.smith3802@example.com,39,Sydney,2021-10-16
3803,Lena Walker,lena.walker3803@example.com,46,Paris,2022-08-04
3804,Pam Taylor,pam.taylor3804@example.com,52,Kolkata,2020-12-14
3805,Mike Miller,mike.miller3805@example.com,43,New York,2023-09-15
3806,Sam Johnson,sam.johnson3806@example.com,58,Mumbai,2023-02-23
3807,Lena Johnson,lena.johnson3807@example.com,31,Kolkata,2022-12-20
3808,Lena Miller,lena.miller3808@example.com,36,Pune,2021-10-07
3809,Oscar Moore,oscar.moore3809@example.com,47,New York,2020-11-15
3810,Tina Thomas,tina.thomas3810@example.com,28,Bangalore,2021-12-21
3811,Sam Garcia,sam.garcia3811@example.com,44,Pune,2020-02-17
3812,Judy Anderson,judy.anderson3812@example.com,65,Mumbai,2021-04-25
3813,Mike Hall,mike.hall3813@example.com,52,Paris,2022-02-14
3814,Tina Walker,tina.walker3814@example.com,25,London,2022-03-21
3815,Grace Taylor,grace.taylor3815@example.com,25,Bangalore,2021-08-15
3816,Frank Walker,frank.walker3816@example.com,28,Pune,2024-05-11
3817,Mike Anderson,mike.anderson3817@example.com,44,Sydney,2024-03-18
3818,Grace Garcia,grace.garcia3818@example.com,75,Bangalore,2021-07-25
3819,Karl Lee,karl.lee3819@example.com,41,Chennai,2020-08-04
3820,Karl Anderson,karl.anderson3820@example.com,52,Delhi,2022-03-14
3821,Heidi Walker,heidi.walker3821@example.com,43,Mumbai,2024-03-29
3822,Oscar Miller,oscar.miller3822@example.com,70,Hyderabad,2022-07-09
3823,Frank Hall,frank.hall3823@example.com,73,Paris,2022-03-30
3824,Judy Smith,judy.smith3824@example.com,52,Jaipur,2021-11-15
3825,Oscar Moore,oscar.moore3825@example.com,29,Chennai,2025-02-01
3826,Diana Garcia,diana.garcia3826@example.com,55,Chennai,2022-05-06
3827,Nina Garcia,nina.garcia3827@example.com,30,Chennai,2020-02-29
3828,Tina Taylor,tina.taylor3828@example.com,26,Bangalore,2023-06-23
3829,Quinn Johnson,quinn.johnson3829@example.com,56,Bangalore,2024-02-08
3830,Nina Smith,nina.smith3830@example.com,38,Bangalore,2021-05-26
3831,Frank Thomas,frank.thomas3831@example.com,58,Mumbai,2023-11-02
3832,Charlie Davis,charlie.davis3832@example.com,19,Kolkata,2023-05-16
3833,Mike Anderson,mike.anderson3833@example.com,50,Jaipur,2021-01-30
3834,Frank Wilson,frank.wilson3834@example.com,41,Kolkata,2024-11-26
3835,Heidi Brown,heidi.brown3835@example.com,48,Hyderabad,2023-12-30
3836,Grace Davis,grace.davis3836@example.com,26,Berlin,2020-05-12
3837,Alice Taylor,alice.taylor3837@example.com,54,Mumbai,2022-07-29
3838,Heidi Moore,heidi.moore3838@example.com,56,Mumbai,2021-05-10
3839,Frank Wilson,frank.wilson3839@example.com,50,Chennai,2020-08-15
3840,Tina Walker,tina.walker3840@example.com,39,Jaipur,2025-02-27
3841,Frank Taylor,frank.taylor3841@example.com,47,Kolkata,2025-05-25
3842,Charlie Smith,charlie.smith3842@example.com,65,New York,2023-10-28
3843,Nina Walker,nina.walker3843@example.com,51,Mumbai,2024-10-31
3844,Mike Johnson,mike.johnson3844@example.com,68,Toronto,2025-05-15
3845,Ivan Hall,ivan.hall3845@example.com,63,Delhi,2020-09-04
3846,Tina Moore,tina.moore3846@example.com,52,Kolkata,2020-02-18
3847,Oscar Wilson,oscar.wilson3847@example.com,70,Kolkata,2020-05-02
3848,Judy Lee,judy.lee3848@example.com,43,Jaipur,2024-08-11
3849,Bob Davis,bob.davis3849@example.com,43,Kolkata,2025-03-14
3850,Quinn Moore,quinn.moore3850@example.com,59,Mumbai,2022-05-27
3851,Diana Johnson,diana.johnson3851@example.com,27,Jaipur,2021-06-21
3852,Sam Lee,sam.lee3852@example.com,68,London,2024-01-18
3853,Frank Davis,frank.davis3853@example.com,44,Chennai,2021-11-26
3854,Eve Hall,eve.hall3854@example.com,33,Pune,2022-09-15
3855,Grace Miller,grace.miller3855@example.com,24,Sydney,2023-08-07
3856,Charlie Wilson,charlie.wilson3856@example.com,75,Kolkata,2022-10-03
3857,Heidi Lee,heidi.lee3857@example.com,34,Sydney,2021-08-27
3858,Oscar Davis,oscar.davis3858@example.com,68,Mumbai,2023-12-03
3859,Ivan Thomas,ivan.thomas3859@example.com,35,Bangalore,2020-03-14
3860,Eve Brown,eve.brown3860@example.com,51,Berlin,2020-02-23
3861,Heidi Hall,heidi.hall3861@example.com,41,Bangalore,2022-01-12
3862,Judy Miller,judy.miller3862@example.com,63,Paris,2023-03-08
3863,Judy Wilson,judy.wilson3863@example.com,63,Mumbai,2023-10-10
3864,Judy Brown,judy.brown3864@example.com,65,Pune,2023-11-24
3865,Eve Brown,eve.brown3865@example.com,56,Berlin,2024-10-25
3866,Mike Miller,mike.miller3866@example.com,58,Tokyo,2020-02-27
3867,Grace Thomas,grace.thomas3867@example.com,37,Paris,2023-04-11
3868,Alice Miller,alice.miller3868@example.com,41,Kolkata,2022-11-07
3869,Quinn Garcia,quinn.garcia3869@example.com,48,Bangalore,2025-01-17
3870,Frank Davis,frank.davis3870@example.com,59,Paris,2023-04-17
3871,Quinn Davis,quinn.davis3871@example.com,51,Sydney,2022-02-13
3872,Pam Moore,pam.moore3872@example.com,28,Jaipur,2022-12-11
3873,Pam Brown,pam.brown3873@example.com,48,Hyderabad,2022-02-16
3874,Alice Moore,alice.moore3874@example.com,22,Sydney,2021-04-05
3875,Judy Taylor,judy.taylor3875@example.com,32,Paris,2021-07-23
3876,Tina Lee,tina.lee3876@example.com,64,Pune,2020-09-01
3877,Grace Davis,grace.davis3877@example.com,49,Mumbai,2023-03-12
3878,Alice Walker,alice.walker3878@example.com,65,Jaipur,2024-08-04
3879,Quinn Hall,quinn.hall3879@example.com,32,Kolkata,2021-02-18
3880,Lena Moore,lena.moore3880@example.com,20,Toronto,2023-07-06
3881,Diana Davis,diana.davis3881@example.com,50,London,2021-07-09
3882,Rita Anderson,rita.anderson3882@example.com,72,Kolkata,2023-01-06
3883,Charlie Lee,charlie.lee3883@example.com,21,Mumbai,2023-03-06
3884,Quinn Taylor,quinn.taylor3884@example.com,33,Berlin,2024-06-20
3885,Frank Martin,frank.martin3885@example.com,59,Jaipur,2021-05-16
3886,Heidi Martin,heidi.martin3886@example.com,63,Mumbai,2020-12-29
3887,Bob Thomas,bob.thomas3887@example.com,35,Delhi,2021-07-22
3888,Charlie Martin,charlie.martin3888@example.com,30,Kolkata,2024-08-28
3889,Charlie Hall,charlie.hall3889@example.com,75,Paris,2022-12-06
3890,Judy Smith,judy.smith3890@example.com,31,Tokyo,2021-05-14
3891,Sam Lee,sam.lee3891@example.com,55,Mumbai,2022-08-08
3892,Diana Anderson,diana.anderson3892@example.com,74,Pune,2020-04-14
3893,Karl Lee,karl.lee3893@example.com,58,London,2021-02-06
3894,Pam Johnson,pam.johnson3894@example.com,46,London,2022-09-01
3895,Grace Johnson,grace.johnson3895@example.com,52,Bangalore,2021-03-16
3896,Tina Wilson,tina.wilson3896@example.com,37,Bangalore,2020-01-20
3897,Sam Garcia,sam.garcia3897@example.com,73,Hyderabad,2020-08-16
3898,Oscar Lee,oscar.lee3898@example.com,59,Tokyo,2023-04-21
3899,Tina Lee,tina.lee3899@example.com,47,New York,2021-05-30
3900,Nina Thomas,nina.thomas3900@example.com,35,Mumbai,2023-07-16
3901,Frank Davis,frank.davis3901@example.com,50,Mumbai,2022-11-19
3902,Judy Moore,judy.moore3902@example.com,37,Berlin,2024-11-11
3903,Rita Taylor,rita.taylor3903@example.com,39,Berlin,2023-10-20
3904,Rita Anderson,rita.anderson3904@example.com,37,Chennai,2022-06-20
3905,Diana Lee,diana.lee3905@example.com,29,Mumbai,2020-01-14
3906,Karl Hall,karl.hall3906@example.com,50,Mumbai,2022-10-12
3907,Frank Brown,frank.brown3907@example.com,22,Pune,2022-06-03
3908,Judy Johnson,judy.johnson3908@example.com,73,Mumbai,2021-12-02
3909,Rita Walker,rita.walker3909@example.com,29,Tokyo,2024-05-13
3910,Diana Lee,diana.lee3910@example.com,32,Tokyo,2021-09-21
3911,Quinn Miller,quinn.miller3911@example.com,38,Pune,2022-12-22
3912,Pam Johnson,pam.johnson3912@example.com,61,Berlin,2025-03-14
3913,Tina Taylor,tina.taylor3913@example.com,54,Chennai,2020-11-12
3914,Karl Brown,karl.brown3914@example.com,30,Pune,2022-03-22
3915,Frank Walker,frank.walker3915@example.com,28,Bangalore,2023-09-18
3916,Frank Davis,frank.davis3916@example.com,51,Mumbai,2023-08-31
3917,Tina Lee,tina.lee3917@example.com,44,Pune,2024-01-27
3918,Ivan Taylor,ivan.taylor3918@example.com,34,Mumbai,2025-03-28
3919,Judy Davis,judy.davis3919@example.com,27,Berlin,2021-11-14
3920,Lena Walker,lena.walker3920@example.com,65,Sydney,2022-07-10
3921,Judy Garcia,judy.garcia3921@example.com,54,Toronto,2024-04-10
3922,Nina Smith,nina.smith3922@example.com,66,Toronto,2020-04-23
3923,Nina Davis,nina.davis3923@example.com,59,Pune,2020-10-13
3924,Oscar Lee,oscar.lee3924@example.com,35,New York,2024-08-03
3925,Grace Taylor,grace.taylor3925@example.com,60,Kolkata,2021-06-08
3926,Judy Walker,judy.walker3926@example.com,41,New York,2021-10-21
3927,Nina Lee,nina.lee3927@example.com,42,Sydney,2023-02-16
3928,Rita Martin,rita.martin3928@example.com,30,Pune,2021-03-16
3929,Tina Anderson,tina.anderson3929@example.com,46,Jaipur,2021-07-15
3930,Diana Johnson,diana.johnson3930@example.com,33,Paris,2021-10-28
3931,Pam Martin,pam.martin3931@example.com,55,Mumbai,2025-05-03
3932,Bob Lee,bob.lee3932@example.com,60,Toronto,2023-11-09
3933,Pam Taylor,pam.taylor3933@example.com,35,Bangalore,2023-04-15
3934,Mike Smith,mike.smith3934@example.com,24,New York,2023-08-02
3935,Karl Miller,karl.miller3935@example.com,52,Sydney,2022-06-16
3936,Judy Johnson,judy.johnson3936@example.com,48,Paris,2024-12-08
3937,Charlie Davis,charlie.davis3937@example.com,67,Kolkata,2022-04-27
3938,Eve Walker,eve.walker3938@example.com,27,Bangalore,2021-09-04
3939,Sam Taylor,sam.taylor3939@example.com,53,London,2022-06-16
3940,Heidi Davis,heidi.davis3940@example.com,54,Delhi,2024-04-11
3941,Ivan Anderson,ivan.anderson3941@example.com,51,Jaipur,2021-08-19
3942,Alice Brown,alice.brown3942@example.com,67,Pune,2020-05-19
3943,Karl Walker,karl.walker3943@example.com,41,Hyderabad,2024-05-01
3944,Oscar Martin,oscar.martin3944@example.com,74,Tokyo,2021-01-12
3945,Karl Wilson,karl.wilson3945@example.com,32,Mumbai,2022-01-11
3946,Karl Taylor,karl.taylor3946@example.com,61,Kolkata,2021-06-14
3947,Ivan Thomas,ivan.thomas3947@example.com,65,Hyderabad,2020-02-17
3948,Eve Johnson,eve.johnson3948@example.com,59,Toronto,2022-05-25
3949,Mike Lee,mike.lee3949@example.com,49,Pune,2020-04-08
3950,Quinn Smith,quinn.smith3950@example.com,50,Sydney,2020-02-03
3951,Sam Garcia,sam.garcia3951@example.com,20,Delhi,2024-11-23
3952,Karl Lee,karl.lee3952@example.com,52,Mumbai,2021-08-01
3953,Sam Davis,sam.davis3953@example.com,58,London,2024-02-13
3954,Charlie Thomas,charlie.thomas3954@example.com,23,Delhi,2024-05-17
3955,Diana Anderson,diana.anderson3955@example.com,28,Pune,2022-11-17
3956,Charlie Thomas,charlie.thomas3956@example.com,47,Bangalore,2023-08-24
3957,Grace Lee,grace.lee3957@example.com,22,Pune,2023-11-01
3958,Nina Walker,nina.walker3958@example.com,35,Mumbai,2022-07-13
3959,Eve Moore,eve.moore3959@example.com,39,London,2021-01-07
3960,Sam Davis,sam.davis3960@example.com,47,Delhi,2024-05-18
3961,Nina Hall,nina.hall3961@example.com,19,Toronto,2023-03-23
3962,Judy Smith,judy.smith3962@example.com,57,Jaipur,2022-03-09
3963,Alice Smith,alice.smith3963@example.com,32,Sydney,2022-05-24
3964,Eve Miller,eve.miller3964@example.com,72,Tokyo,2023-04-11
3965,Karl Anderson,karl.anderson3965@example.com,47,Chennai,2023-09-24
3966,Grace Lee,grace.lee3966@example.com,70,Bangalore,2025-03-10
3967,Lena Hall,lena.hall3967@example.com,74,Kolkata,2024-11-11
3968,Sam Brown,sam.brown3968@example.com,30,Pune,2020-10-30
3969,Grace Miller,grace.miller3969@example.com,29,London,2020-02-23
3970,Rita Thomas,rita.thomas3970@example.com,72,New York,2024-05-15
3971,Eve Anderson,eve.anderson3971@example.com,40,London,2021-11-01
3972,Karl Hall,karl.hall3972@example.com,32,Chennai,2021-03-03
3973,Grace Miller,grace.miller3973@example.com,28,Toronto,2021-07-09
3974,Heidi Hall,heidi.hall3974@example.com,31,Pune,2021-12-28
3975,Alice Brown,alice.brown3975@example.com,74,Hyderabad,2025-04-18
3976,Oscar Johnson,oscar.johnson3976@example.com,71,Toronto,2020-02-22
3977,Oscar Walker,oscar.walker3977@example.com,65,Jaipur,2024-02-24
3978,Grace Garcia,grace.garcia3978@example.com,21,Mumbai,2022-06-17
3979,Mike Taylor,mike.taylor3979@example.com,31,Pune,2022-02-18
3980,Sam Walker,sam.walker3980@example.com,25,London,2025-06-08
3981,Frank Anderson,frank.anderson3981@example.com,55,Kolkata,2022-11-23
3982,Diana Brown,diana.brown3982@example.com,66,Tokyo,2020-09-03
3983,Pam Martin,pam.martin3983@example.com,56,Sydney,2024-03-15
3984,Karl Garcia,karl.garcia3984@example.com,30,Tokyo,2020-07-04
3985,Quinn Davis,quinn.davis3985@example.com,48,Berlin,2022-11-07
3986,Diana Wilson,diana.wilson3986@example.com,19,New York,2022-02-17
3987,Nina Garcia,nina.garcia3987@example.com,72,London,2021-12-27
3988,Lena Miller,lena.miller3988@example.com,71,London,2022-06-08
3989,Judy Taylor,judy.taylor3989@example.com,62,London,2023-08-25
3990,Mike Hall,mike.hall3990@example.com,48,New York,2025-05-02
3991,Ivan Martin,ivan.martin3991@example.com,59,Hyderabad,2021-10-24
3992,Bob Brown,bob.brown3992@example.com,72,Tokyo,2020-12-29
3993,Sam Smith,sam.smith3993@example.com,26,Delhi,2020-11-14
3994,Eve Martin,eve.martin3994@example.com,48,Pune,2020-03-20
3995,Bob Thomas,bob.thomas3995@example.com,69,Tokyo,2024-11-09
3996,Judy Davis,judy.davis3996@example.com,57,Toronto,2024-08-13
3997,Frank Garcia,frank.garcia3997@example.com,29,Paris,2025-04-01
3998,Quinn Brown,quinn.brown3998@example.com,65,Pune,2024-07-17
3999,Frank Davis,frank.davis3999@example.com,74,Hyderabad,2020-08-12
4000,Frank Smith,frank.smith4000@example.com,49,Tokyo,2021-09-18
4001,Mike Moore,mike.moore4001@example.com,41,Hyderabad,2024-09-19
4002,Ivan Thomas,ivan.thomas4002@example.com,38,New York,2024-05-23
4003,Alice Davis,alice.davis4003@example.com,19,Hyderabad,2022-08-21
4004,Bob Martin,bob.martin4004@example.com,73,Paris,2025-02-14
4005,Nina Smith,nina.smith4005@example.com,52,Toronto,2024-04-10
4006,Tina Martin,tina.martin4006@example.com,51,Paris,2020-11-19
4007,Diana Smith,diana.smith4007@example.com,40,Hyderabad,2021-04-01
4008,Charlie Garcia,charlie.garcia4008@example.com,22,London,2025-06-06
4009,Pam Wilson,pam.wilson4009@example.com,44,Jaipur,2025-01-13
4010,Rita Wilson,rita.wilson4010@example.com,26,Jaipur,2023-05-20
4011,Alice Miller,alice.miller4011@example.com,48,Mumbai,2025-01-16
4012,Ivan Brown,ivan.brown4012@example.com,38,Chennai,2023-01-10
4013,Lena Thomas,lena.thomas4013@example.com,60,Kolkata,2020-07-16
4014,Pam Wilson,pam.wilson4014@example.com,65,Jaipur,2024-10-10
4015,Sam Taylor,sam.taylor4015@example.com,26,Tokyo,2022-11-20
4016,Eve Lee,eve.lee4016@example.com,27,Tokyo,2023-09-12
4017,Charlie Martin,charlie.martin4017@example.com,24,Kolkata,2022-04-07
4018,Judy Hall,judy.hall4018@example.com,57,London,2021-05-26
4019,Heidi Miller,heidi.miller4019@example.com,29,Kolkata,2023-09-12
4020,Judy Davis,judy.davis4020@example.com,63,Mumbai,2023-09-30
4021,Sam Anderson,sam.anderson4021@example.com,51,Bangalore,2024-12-14
4022,Ivan Lee,ivan.lee4022@example.com,75,Paris,2021-11-02
4023,Nina Davis,nina.davis4023@example.com,60,Paris,2023-04-01
4024,Bob Martin,bob.martin4024@example.com,75,Pune,2022-02-27
4025,Bob Lee,bob.lee4025@example.com,30,Paris,2020-01-30
4026,Eve Moore,eve.moore4026@example.com,20,Jaipur,2024-06-15
4027,Heidi Brown,heidi.brown4027@example.com,43,Sydney,2020-01-24
4028,Sam Wilson,sam.wilson4028@example.com,48,Jaipur,2021-12-05
4029,Grace Moore,grace.moore4029@example.com,73,Jaipur,2025-06-11
4030,Sam Garcia,sam.garcia4030@example.com,46,Tokyo,2022-07-17
4031,Tina Miller,tina.miller4031@example.com,52,Mumbai,2020-08-29
4032,Ivan Moore,ivan.moore4032@example.com,67,Delhi,2025-03-07
4033,Karl Davis,karl.davis4033@example.com,75,Paris,2021-06-06
4034,Karl Lee,karl.lee4034@example.com,73,Mumbai,2024-04-30
4035,Rita Wilson,rita.wilson4035@example.com,60,London,2023-09-30
4036,Karl Lee,karl.lee4036@example.com,51,Berlin,2020-05-09
4037,Lena Garcia,lena.garcia4037@example.com,59,New York,2025-05-29
4038,Rita Brown,rita.brown4038@example.com,24,Tokyo,2025-06-19
4039,Oscar Walker,oscar.walker4039@example.com,25,London,2023-02-01
4040,Judy Brown,judy.brown4040@example.com,73,Sydney,2021-09-20
4041,Oscar Garcia,oscar.garcia4041@example.com,53,London,2025-06-01
4042,Quinn Brown,quinn.brown4042@example.com,43,Jaipur,2025-04-11
4043,Quinn Taylor,quinn.taylor4043@example.com,27,Jaipur,2023-10-25
4044,Heidi Lee,heidi.lee4044@example.com,19,Tokyo,2024-02-11
4045,Lena Anderson,lena.anderson4045@example.com,56,Pune,2020-11-06
4046,Sam Walker,sam.walker4046@example.com,51,Delhi,2020-04-06
4047,Rita Davis,rita.davis4047@example.com,52,Tokyo,2023-11-21
4048,Quinn Brown,quinn.brown4048@example.com,41,Paris,2020-07-24
4049,Frank Moore,frank.moore4049@example.com,58,Jaipur,2023-06-20
4050,Heidi Walker,heidi.walker4050@example.com,66,Kolkata,2020-11-07
4051,Rita Thomas,rita.thomas4051@example.com,45,Jaipur,2021-02-18
4052,Ivan Smith,ivan.smith4052@example.com,43,Berlin,2022-03-09
4053,Quinn Garcia,quinn.garcia4053@example.com,75,Mumbai,2022-08-16
4054,Karl Brown,karl.brown4054@example.com,64,Berlin,2020-01-01
4055,Charlie Miller,charlie.miller4055@example.com,63,Delhi,2023-09-30
4056,Judy Taylor,judy.taylor4056@example.com,64,Bangalore,2023-05-01
4057,Charlie Smith,charlie.smith4057@example.com,66,Toronto,2020-10-14
4058,Eve Wilson,eve.wilson4058@example.com,70,Paris,2024-04-14
4059,Heidi Garcia,heidi.garcia4059@example.com,68,Paris,2023-08-16
4060,Nina Garcia,nina.garcia4060@example.com,55,Tokyo,2021-05-24
4061,Lena Johnson,lena.johnson4061@example.com,32,Berlin,2020-10-14
4062,Mike Johnson,mike.johnson4062@example.com,64,Kolkata,2023-04-14
4063,Eve Taylor,eve.taylor4063@example.com,46,Paris,2023-10-08
4064,Ivan Lee,ivan.lee4064@example.com,38,New York,2023-07-28
4065,Diana Anderson,diana.anderson4065@example.com,37,Delhi,2020-07-29
4066,Tina Wilson,tina.wilson4066@example.com,32,Chennai,2022-06-16
4067,Judy Walker,judy.walker4067@example.com,25,Delhi,2024-03-01
4068,Tina Wilson,tina.wilson4068@example.com,27,London,2024-12-07
4069,Karl Hall,karl.hall4069@example.com,35,New York,2022-02-20
4070,Ivan Johnson,ivan.johnson4070@example.com,58,Mumbai,2022-05-22
4071,Sam Brown,sam.brown4071@example.com,74,Kolkata,2023-11-17
4072,Pam Lee,pam.lee4072@example.com,36,Tokyo,2022-12-06
4073,Diana Johnson,diana.johnson4073@example.com,64,Bangalore,2025-05-19
4074,Tina Walker,tina.walker4074@example.com,41,Tokyo,2024-11-15
4075,Pam Walker,pam.walker4075@example.com,62,Toronto,2022-05-13
4076,Bob Moore,bob.moore4076@example.com,24,Jaipur,2024-04-25
4077,Ivan Walker,ivan.walker4077@example.com,64,Kolkata,2021-07-18
4078,Ivan Moore,ivan.moore4078@example.com,50,Sydney,2022-05-09
4079,Ivan Davis,ivan.davis4079@example.com,23,New York,2020-07-26
4080,Pam Taylor,pam.taylor4080@example.com,55,Mumbai,2021-03-29
4081,Sam Garcia,sam.garcia4081@example.com,60,Berlin,2020-07-31
4082,Pam Anderson,pam.anderson4082@example.com,56,Jaipur,2023-03-04
4083,Mike Thomas,mike.thomas4083@example.com,51,Jaipur,2025-03-09
4084,Mike Smith,mike.smith4084@example.com,56,London,2023-04-24
4085,Diana Thomas,diana.thomas4085@example.com,24,London,2025-06-02
4086,Heidi Davis,heidi.davis4086@example.com,55,Chennai,2023-12-23
4087,Tina Garcia,tina.garcia4087@example.com,70,Toronto,2024-01-11
4088,Bob Davis,bob.davis4088@example.com,59,Pune,2022-06-20
4089,Oscar Thomas,oscar.thomas4089@example.com,73,Delhi,2020-03-17
4090,Mike Walker,mike.walker4090@example.com,69,Chennai,2024-03-04
4091,Nina Moore,nina.moore4091@example.com,19,Tokyo,2023-03-07
4092,Frank Smith,frank.smith4092@example.com,58,Sydney,2020-07-21
4093,Judy Hall,judy.hall4093@example.com,44,Pune,2020-02-28
4094,Oscar Walker,oscar.walker4094@example.com,75,Berlin,2022-01-04
4095,Lena Davis,lena.davis4095@example.com,33,Berlin,2022-07-02
4096,Bob Davis,bob.davis4096@example.com,47,Kolkata,2023-07-24
4097,Ivan Lee,ivan.lee4097@example.com,68,Paris,2021-03-04
4098,Rita Lee,rita.lee4098@example.com,73,Delhi,2023-08-20
4099,Karl Martin,karl.martin4099@example.com,43,Pune,2021-12-14
4100,Frank Walker,frank.walker4100@example.com,49,Jaipur,2020-07-01
4101,Karl Davis,karl.davis4101@example.com,57,Delhi,2024-02-24
4102,Heidi Davis,heidi.davis4102@example.com,71,Berlin,2020-07-26
4103,Charlie Moore,charlie.moore4103@example.com,43,Sydney,2023-06-27
4104,Pam Moore,pam.moore4104@example.com,29,Pune,2022-02-22
4105,Grace Miller,grace.miller4105@example.com,72,Kolkata,2022-09-21
4106,Lena Davis,lena.davis4106@example.com,69,Mumbai,2025-01-08
4107,Lena Lee,lena.lee4107@example.com,28,Paris,2021-10-23
4108,Alice Johnson,alice.johnson4108@example.com,30,Bangalore,2021-09-27
4109,Quinn Martin,quinn.martin4109@example.com,59,Delhi,2021-08-29
4110,Rita Anderson,rita.anderson4110@example.com,29,Toronto,2023-06-20
4111,Charlie Taylor,charlie.taylor4111@example.com,23,London,2023-12-28
4112,Tina Hall,tina.hall4112@example.com,74,Chennai,2022-04-08
4113,Ivan Brown,ivan.brown4113@example.com,63,Sydney,2022-12-27
4114,Lena Garcia,lena.garcia4114@example.com,26,Hyderabad,2022-02-27
4115,Diana Walker,diana.walker4115@example.com,65,Jaipur,2024-11-29
4116,Judy Thomas,judy.thomas4116@example.com,54,London,2021-10-25
4117,Heidi Wilson,heidi.wilson4117@example.com,70,New York,2021-05-18
4118,Rita Brown,rita.brown4118@example.com,60,Berlin,2020-02-23
4119,Pam Taylor,pam.taylor4119@example.com,71,Kolkata,2021-03-24
4120,Heidi Hall,heidi.hall4120@example.com,32,Mumbai,2023-08-19
4121,Grace Brown,grace.brown4121@example.com,18,Berlin,2021-05-14
4122,Alice Walker,alice.walker4122@example.com,57,Mumbai,2024-09-12
4123,Oscar Garcia,oscar.garcia4123@example.com,53,Delhi,2023-03-09
4124,Grace Garcia,grace.garcia4124@example.com,29,Jaipur,2022-11-28
4125,Sam Garcia,sam.garcia4125@example.com,58,Bangalore,2024-12-24
4126,Mike Martin,mike.martin4126@example.com,34,Kolkata,2024-06-19
4127,Lena Lee,lena.lee4127@example.com,69,Berlin,2022-06-02
4128,Lena Davis,lena.davis4128@example.com,75,Hyderabad,2025-04-02
4129,Heidi Davis,heidi.davis4129@example.com,52,Sydney,2020-06-06
4130,Eve Davis,eve.davis4130@example.com,73,Jaipur,2023-12-09
4131,Heidi Lee,heidi.lee4131@example.com,52,Bangalore,2020-09-20
4132,Diana Hall,diana.hall4132@example.com,68,Delhi,2023-12-21
4133,Pam Anderson,pam.anderson4133@example.com,38,London,2024-07-11
4134,Tina Taylor,tina.taylor4134@example.com,64,Sydney,2024-01-09
4135,Rita Walker,rita.walker4135@example.com,32,Mumbai,2021-07-05
4136,Sam Walker,sam.walker4136@example.com,21,Mumbai,2023-06-21
4137,Oscar Wilson,oscar.wilson4137@example.com,55,Toronto,2020-05-12
4138,Frank Smith,frank.smith4138@example.com,53,Mumbai,2023-02-18
4139,Bob Hall,bob.hall4139@example.com,40,Mumbai,2024-11-11
4140,Eve Johnson,eve.johnson4140@example.com,61,Sydney,2020-05-13
4141,Ivan Thomas,ivan.thomas4141@example.com,34,Hyderabad,2024-01-30
4142,Alice Martin,alice.martin4142@example.com,56,Mumbai,2022-06-01
4143,Eve Garcia,eve.garcia4143@example.com,31,Chennai,2022-07-14
4144,Judy Anderson,judy.anderson4144@example.com,62,Chennai,2021-09-15
4145,Karl Taylor,karl.taylor4145@example.com,54,Pune,2024-11-28
4146,Quinn Garcia,quinn.garcia4146@example.com,27,Pune,2023-01-10
4147,Sam Davis,sam.davis4147@example.com,73,New York,2025-06-11
4148,Tina Smith,tina.smith4148@example.com,63,Pune,2022-01-03
4149,Sam Johnson,sam.johnson4149@example.com,67,London,2023-06-11
4150,Charlie Anderson,charlie.anderson4150@example.com,44,Kolkata,2020-11-26
4151,Grace Taylor,grace.taylor4151@example.com,56,Pune,2024-04-03
4152,Frank Walker,frank.walker4152@example.com,29,New York,2023-08-22
4153,Pam Martin,pam.martin4153@example.com,25,Sydney,2020-07-01
4154,Diana Garcia,diana.garcia4154@example.com,54,Kolkata,2025-04-27
4155,Mike Lee,mike.lee4155@example.com,44,Toronto,2023-11-27
4156,Pam Brown,pam.brown4156@example.com,72,Sydney,2021-01-09
4157,Diana Miller,diana.miller4157@example.com,40,Paris,2023-12-19
4158,Nina Hall,nina.hall4158@example.com,34,Mumbai,2020-07-04
4159,Frank Miller,frank.miller4159@example.com,43,Tokyo,2021-04-09
4160,Lena Moore,lena.moore4160@example.com,58,London,2021-11-26
4161,Oscar Lee,oscar.lee4161@example.com,24,Delhi,2021-06-11
4162,Alice Hall,alice.hall4162@example.com,56,New York,2023-02-14
4163,Bob Moore,bob.moore4163@example.com,41,London,2020-12-11
4164,Alice Anderson,alice.anderson4164@example.com,18,New York,2021-10-31
4165,Mike Miller,mike.miller4165@example.com,19,Pune,2025-01-27
4166,Sam Thomas,sam.thomas4166@example.com,41,Jaipur,2020-05-22
4167,Frank Taylor,frank.taylor4167@example.com,58,Bangalore,2022-10-17
4168,Frank Anderson,frank.anderson4168@example.com,31,Sydney,2020-07-17
4169,Eve Thomas,eve.thomas4169@example.com,41,Bangalore,2020-12-28
4170,Oscar Martin,oscar.martin4170@example.com,72,Hyderabad,2024-04-30
4171,Frank Anderson,frank.anderson4171@example.com,27,Jaipur,2024-08-04
4172,Oscar Smith,oscar.smith4172@example.com,57,New York,2025-03-30
4173,Rita Hall,rita.hall4173@example.com,68,London,2024-07-11
4174,Judy Hall,judy.hall4174@example.com,36,London,2021-12-15
4175,Frank Thomas,frank.thomas4175@example.com,51,Paris,2025-01-17
4176,Diana Wilson,diana.wilson4176@example.com,30,Bangalore,2020-11-13
4177,Tina Hall,tina.hall4177@example.com,39,Mumbai,2025-03-16
4178,Rita Walker,rita.walker4178@example.com,42,Pune,2022-07-06
4179,Diana Moore,diana.moore4179@example.com,53,London,2021-11-23
4180,Heidi Davis,heidi.davis4180@example.com,27,Tokyo,2025-05-20
4181,Pam Taylor,pam.taylor4181@example.com,68,Toronto,2020-03-26
4182,Lena Smith,lena.smith4182@example.com,48,Pune,2024-09-23
4183,Sam Johnson,sam.johnson4183@example.com,72,Delhi,2020-07-05
4184,Karl Hall,karl.hall4184@example.com,51,Bangalore,2023-03-23
4185,Rita Anderson,rita.anderson4185@example.com,43,Pune,2023-01-23
4186,Grace Miller,grace.miller4186@example.com,38,Paris,2022-07-06
4187,Grace Miller,grace.miller4187@example.com,58,Toronto,2022-04-07
4188,Nina Garcia,nina.garcia4188@example.com,23,Mumbai,2020-02-18
4189,Pam Johnson,pam.johnson4189@example.com,38,Delhi,2022-09-18
4190,Tina Garcia,tina.garcia4190@example.com,37,Mumbai,2024-05-29
4191,Judy Lee,judy.lee4191@example.com,61,Kolkata,2020-04-22
4192,Quinn Walker,quinn.walker4192@example.com,20,Tokyo,2025-04-23
4193,Charlie Miller,charlie.miller4193@example.com,75,Bangalore,2024-03-11
4194,Sam Anderson,sam.anderson4194@example.com,29,Chennai,2021-10-04
4195,Bob Anderson,bob.anderson4195@example.com,19,New York,2025-06-02
4196,Judy Garcia,judy.garcia4196@example.com,30,Sydney,2025-05-28
4197,Rita Smith,rita.smith4197@example.com,70,Jaipur,2023-11-02
4198,Nina Martin,nina.martin4198@example.com,50,Delhi,2024-10-05
4199,Frank Anderson,frank.anderson4199@example.com,41,Chennai,2023-12-02
4200,Bob Hall,bob.hall4200@example.com,31,London,2022-07-25
4201,Frank Hall,frank.hall4201@example.com,32,Kolkata,2021-10-17
4202,Charlie Martin,charlie.martin4202@example.com,31,Mumbai,2021-02-27
4203,Sam Moore,sam.moore4203@example.com,57,New York,2020-04-02
4204,Mike Taylor,mike.taylor4204@example.com,75,Kolkata,2020-08-26
4205,Judy Smith,judy.smith4205@example.com,75,Tokyo,2023-09-12
4206,Karl Brown,karl.brown4206@example.com,42,Jaipur,2021-04-12
4207,Lena Hall,lena.hall4207@example.com,71,Toronto,2020-04-01
4208,Eve Brown,eve.brown4208@example.com,56,Tokyo,2023-06-27
4209,Ivan Hall,ivan.hall4209@example.com,45,Chennai,2023-03-14
4210,Judy Taylor,judy.taylor4210@example.com,74,Chennai,2024-02-17
4211,Ivan Garcia,ivan.garcia4211@example.com,62,New York,2022-05-01
4212,Nina Garcia,nina.garcia4212@example.com,35,Jaipur,2025-01-19
4213,Grace Walker,grace.walker4213@example.com,67,Mumbai,2021-06-03
4214,Tina Smith,tina.smith4214@example.com,58,Kolkata,2022-03-20
4215,Bob Martin,bob.martin4215@example.com,67,Mumbai,2020-09-20
4216,Heidi Johnson,heidi.johnson4216@example.com,58,London,2020-08-24
4217,Frank Hall,frank.hall4217@example.com,68,Mumbai,2020-05-16
4218,Frank Anderson,frank.anderson4218@example.com,38,Paris,2025-04-16
4219,Ivan Moore,ivan.moore4219@example.com,63,Hyderabad,2023-11-24
4220,Mike Miller,mike.miller4220@example.com,52,Berlin,2021-08-06
4221,Sam Miller,sam.miller4221@example.com,24,Pune,2020-09-01
4222,Mike Walker,mike.walker4222@example.com,74,Hyderabad,2021-02-17
4223,Charlie Anderson,charlie.anderson4223@example.com,72,Mumbai,2021-02-15
4224,Eve Anderson,eve.anderson4224@example.com,20,Mumbai,2022-09-07
4225,Diana Johnson,diana.johnson4225@example.com,32,New York,2024-09-02
4226,Mike Brown,mike.brown4226@example.com,23,Pune,2023-11-21
4227,Charlie Taylor,charlie.taylor4227@example.com,45,Bangalore,2022-01-29
4228,Oscar Martin,oscar.martin4228@example.com,27,Mumbai,2023-05-07
4229,Bob Moore,bob.moore4229@example.com,50,Pune,2025-06-18
4230,Grace Lee,grace.lee4230@example.com,31,Kolkata,2021-10-13
4231,Bob Thomas,bob.thomas4231@example.com,18,Paris,2021-11-30
4232,Ivan Hall,ivan.hall4232@example.com,29,Sydney,2022-08-04
4233,Grace Hall,grace.hall4233@example.com,59,New York,2022-03-12
4234,Mike Brown,mike.brown4234@example.com,36,Delhi,2020-05-10
4235,Heidi Brown,heidi.brown4235@example.com,58,Tokyo,2021-11-18
4236,Oscar Smith,oscar.smith4236@example.com,73,Mumbai,2020-05-22
4237,Heidi Thomas,heidi.thomas4237@example.com,51,Berlin,2023-02-14
4238,Frank Brown,frank.brown4238@example.com,53,Sydney,2020-04-26
4239,Diana Moore,diana.moore4239@example.com,22,Toronto,2022-11-26
4240,Rita Smith,rita.smith4240@example.com,57,Kolkata,2020-12-13
4241,Karl Davis,karl.davis4241@example.com,20,Paris,2025-01-20
4242,Diana Moore,diana.moore4242@example.com,32,New York,2022-02-19
4243,Alice Thomas,alice.thomas4243@example.com,21,Jaipur,2022-03-04
4244,Sam Johnson,sam.johnson4244@example.com,72,Tokyo,2024-04-09
4245,Bob Thomas,bob.thomas4245@example.com,52,London,2020-02-10
4246,Pam Hall,pam.hall4246@example.com,54,Chennai,2022-03-01
4247,Judy Moore,judy.moore4247@example.com,57,Toronto,2022-07-09
4248,Heidi Moore,heidi.moore4248@example.com,49,Bangalore,2021-05-27
4249,Lena Moore,lena.moore4249@example.com,47,Mumbai,2025-02-25
4250,Eve Wilson,eve.wilson4250@example.com,52,Hyderabad,2022-01-07
4251,Heidi Brown,heidi.brown4251@example.com,36,Chennai,2024-02-06
4252,Frank Garcia,frank.garcia4252@example.com,34,Hyderabad,2020-11-24
4253,Lena Martin,lena.martin4253@example.com,19,Toronto,2024-07-07
4254,Judy Brown,judy.brown4254@example.com,20,Mumbai,2022-04-20
4255,Rita Walker,rita.walker4255@example.com,32,Toronto,2020-09-13
4256,Lena Taylor,lena.taylor4256@example.com,43,Toronto,2024-12-14
4257,Nina Wilson,nina.wilson4257@example.com,64,Mumbai,2022-06-28
4258,Mike Wilson,mike.wilson4258@example.com,41,Sydney,2021-10-29
4259,Mike Brown,mike.brown4259@example.com,64,Delhi,2021-02-25
4260,Heidi Taylor,heidi.taylor4260@example.com,63,Tokyo,2023-03-10
4261,Grace Walker,grace.walker4261@example.com,64,Chennai,2024-05-24
4262,Tina Davis,tina.davis4262@example.com,75,Mumbai,2023-01-27
4263,Nina Davis,nina.davis4263@example.com,59,Berlin,2021-03-13
4264,Mike Brown,mike.brown4264@example.com,48,London,2023-01-16
4265,Oscar Miller,oscar.miller4265@example.com,75,Jaipur,2025-05-11
4266,Tina Garcia,tina.garcia4266@example.com,21,Tokyo,2021-03-20
4267,Karl Anderson,karl.anderson4267@example.com,74,Paris,2023-09-12
4268,Mike Hall,mike.hall4268@example.com,51,Toronto,2021-01-04
4269,Oscar Smith,oscar.smith4269@example.com,62,Tokyo,2022-03-01
4270,Sam Moore,sam.moore4270@example.com,29,Berlin,2024-03-07
4271,Sam Lee,sam.lee4271@example.com,27,Chennai,2022-04-03
4272,Sam Lee,sam.lee4272@example.com,69,Tokyo,2020-11-04
4273,Nina Davis,nina.davis4273@example.com,47,Tokyo,2024-11-12
4274,Eve Lee,eve.lee4274@example.com,49,Sydney,2023-06-04
4275,Tina Anderson,tina.anderson4275@example.com,65,Chennai,2024-11-28
4276,Bob Moore,bob.moore4276@example.com,24,Pune,2020-05-13
4277,Charlie Smith,charlie.smith4277@example.com,18,Hyderabad,2024-10-31
4278,Bob Davis,bob.davis4278@example.com,72,London,2021-10-03
4279,Lena Taylor,lena.taylor4279@example.com,65,Paris,2025-05-15
4280,Grace Miller,grace.miller4280@example.com,71,London,2022-01-13
4281,Tina Hall,tina.hall4281@example.com,38,Bangalore,2025-01-26
4282,Oscar Wilson,oscar.wilson4282@example.com,39,Kolkata,2020-12-24
4283,Judy Miller,judy.miller4283@example.com,24,Pune,2023-02-24
4284,Frank Hall,frank.hall4284@example.com,74,Paris,2020-11-30
4285,Nina Johnson,nina.johnson4285@example.com,52,Hyderabad,2023-06-20
4286,Nina Brown,nina.brown4286@example.com,53,Delhi,2023-07-11
4287,Pam Martin,pam.martin4287@example.com,35,Kolkata,2024-10-02
4288,Heidi Johnson,heidi.johnson4288@example.com,60,Paris,2025-02-05
4289,Oscar Johnson,oscar.johnson4289@example.com,66,New York,2020-10-04
4290,Mike Wilson,mike.wilson4290@example.com,42,Mumbai,2020-12-15
4291,Alice Thomas,alice.thomas4291@example.com,62,Jaipur,2022-01-12
4292,Oscar Thomas,oscar.thomas4292@example.com,54,Paris,2022-07-05
4293,Alice Wilson,alice.wilson4293@example.com,60,Bangalore,2021-12-05
4294,Karl Johnson,karl.johnson4294@example.com,74,Sydney,2020-05-21
4295,Frank Brown,frank.brown4295@example.com,57,Berlin,2023-10-19
4296,Mike Hall,mike.hall4296@example.com,27,London,2025-03-29
4297,Grace Moore,grace.moore4297@example.com,38,Berlin,2023-12-27
4298,Charlie Davis,charlie.davis4298@example.com,56,Pune,2022-10-10
4299,Alice Thomas,alice.thomas4299@example.com,75,Bangalore,2022-05-05
4300,Frank Davis,frank.davis4300@example.com,72,Berlin,2021-01-28
4301,Quinn Miller,quinn.miller4301@example.com,51,Hyderabad,2025-02-18
4302,Alice Wilson,alice.wilson4302@example.com,38,Hyderabad,2020-12-07
4303,Bob Moore,bob.moore4303@example.com,33,Kolkata,2021-09-19
4304,Ivan Wilson,ivan.wilson4304@example.com,45,Sydney,2020-03-23
4305,Ivan Martin,ivan.martin4305@example.com,66,Chennai,2022-07-27
4306,Charlie Davis,charlie.davis4306@example.com,53,New York,2020-09-24
4307,Tina Smith,tina.smith4307@example.com,65,Bangalore,2020-02-09
4308,Judy Garcia,judy.garcia4308@example.com,30,Hyderabad,2022-08-20
4309,Mike Garcia,mike.garcia4309@example.com,20,Kolkata,2023-10-08
4310,Ivan Martin,ivan.martin4310@example.com,42,Sydney,2022-01-21
4311,Quinn Walker,quinn.walker4311@example.com,68,Toronto,2022-04-13
4312,Karl Brown,karl.brown4312@example.com,40,Kolkata,2021-06-19
4313,Rita Taylor,rita.taylor4313@example.com,49,Berlin,2021-06-30
4314,Charlie Hall,charlie.hall4314@example.com,46,Hyderabad,2023-10-07
4315,Charlie Lee,charlie.lee4315@example.com,60,Hyderabad,2021-10-14
4316,Quinn Hall,quinn.hall4316@example.com,25,New York,2024-07-18
4317,Eve Lee,eve.lee4317@example.com,66,London,2021-05-12
4318,Charlie Brown,charlie.brown4318@example.com,41,London,2020-11-11
4319,Sam Lee,sam.lee4319@example.com,33,Pune,2020-06-27
4320,Charlie Smith,charlie.smith4320@example.com,64,New York,2024-02-17
4321,Karl Walker,karl.walker4321@example.com,57,London,2020-11-15
4322,Sam Moore,sam.moore4322@example.com,73,Mumbai,2023-07-16
4323,Karl Lee,karl.lee4323@example.com,60,London,2023-06-08
4324,Diana Smith,diana.smith4324@example.com,63,Paris,2021-02-12
4325,Charlie Brown,charlie.brown4325@example.com,23,Kolkata,2025-05-02
4326,Charlie Smith,charlie.smith4326@example.com,45,Pune,2023-11-05
4327,Heidi Taylor,heidi.taylor4327@example.com,21,Kolkata,2020-06-11
4328,Mike Davis,mike.davis4328@example.com,58,Delhi,2021-01-29
4329,Pam Walker,pam.walker4329@example.com,30,Kolkata,2022-10-11
4330,Tina Martin,tina.martin4330@example.com,29,Mumbai,2021-08-12
4331,Sam Walker,sam.walker4331@example.com,73,New York,2022-06-25
4332,Frank Anderson,frank.anderson4332@example.com,18,London,2020-12-26
4333,Grace Miller,grace.miller4333@example.com,27,Hyderabad,2023-01-15
4334,Sam Taylor,sam.taylor4334@example.com,62,London,2023-12-10
4335,Charlie Taylor,charlie.taylor4335@example.com,29,Jaipur,2021-10-20
4336,Heidi Brown,heidi.brown4336@example.com,43,Chennai,2024-09-08
4337,Sam Miller,sam.miller4337@example.com,56,Toronto,2022-11-03
4338,Judy Taylor,judy.taylor4338@example.com,45,Berlin,2024-08-15
4339,Lena Martin,lena.martin4339@example.com,33,Delhi,2020-01-15
4340,Ivan Miller,ivan.miller4340@example.com,66,Paris,2020-05-12
4341,Bob Johnson,bob.johnson4341@example.com,49,Sydney,2025-01-22
4342,Bob Thomas,bob.thomas4342@example.com,66,Jaipur,2022-05-30
4343,Charlie Moore,charlie.moore4343@example.com,66,Hyderabad,2024-01-06
4344,Oscar Smith,oscar.smith4344@example.com,65,Chennai,2020-06-29
4345,Karl Thomas,karl.thomas4345@example.com,67,Hyderabad,2025-02-15
4346,Lena Martin,lena.martin4346@example.com,61,Bangalore,2023-10-20
4347,Charlie Thomas,charlie.thomas4347@example.com,34,Kolkata,2024-09-15
4348,Karl Wilson,karl.wilson4348@example.com,40,Kolkata,2024-07-18
4349,Pam Davis,pam.davis4349@example.com,49,Berlin,2024-04-12
4350,Pam Davis,pam.davis4350@example.com,52,Kolkata,2021-01-24
4351,Heidi Thomas,heidi.thomas4351@example.com,28,New York,2023-11-15
4352,Lena Garcia,lena.garcia4352@example.com,47,Hyderabad,2022-08-03
4353,Karl Hall,karl.hall4353@example.com,68,Jaipur,2025-04-19
4354,Mike Wilson,mike.wilson4354@example.com,73,Hyderabad,2022-08-09
4355,Oscar Brown,oscar.brown4355@example.com,27,Kolkata,2024-03-17
4356,Mike Garcia,mike.garcia4356@example.com,19,Jaipur,2020-10-12
4357,Karl Garcia,karl.garcia4357@example.com,73,Chennai,2020-11-01
4358,Mike Davis,mike.davis4358@example.com,18,Toronto,2024-06-08
4359,Frank Brown,frank.brown4359@example.com,55,Paris,2021-03-20
4360,Diana Smith,diana.smith4360@example.com,43,Mumbai,2020-11-02
4361,Ivan Davis,ivan.davis4361@example.com,30,New York,2022-10-15
4362,Mike Brown,mike.brown4362@example.com,37,Jaipur,2025-05-10
4363,Rita Miller,rita.miller4363@example.com,32,Tokyo,2022-09-23
4364,Tina Martin,tina.martin4364@example.com,49,Toronto,2022-06-10
4365,Frank Wilson,frank.wilson4365@example.com,60,New York,2021-12-24
4366,Diana Johnson,diana.johnson4366@example.com,38,Kolkata,2022-09-03
4367,Tina Miller,tina.miller4367@example.com,27,Tokyo,2022-11-28
4368,Pam Lee,pam.lee4368@example.com,31,Toronto,2022-10-01
4369,Alice Miller,alice.miller4369@example.com,58,Paris,2021-11-24
4370,Judy Moore,judy.moore4370@example.com,57,Toronto,2023-06-06
4371,Diana Thomas,diana.thomas4371@example.com,26,Delhi,2021-07-31
4372,Karl Martin,karl.martin4372@example.com,41,Pune,2023-11-11
4373,Eve Davis,eve.davis4373@example.com,54,Mumbai,2020-05-09
4374,Alice Wilson,alice.wilson4374@example.com,41,Toronto,2021-05-19
4375,Grace Davis,grace.davis4375@example.com,62,Tokyo,2025-02-06
4376,Karl Moore,karl.moore4376@example.com,75,Mumbai,2024-05-30
4377,Ivan Anderson,ivan.anderson4377@example.com,39,Bangalore,2024-06-13
4378,Karl Martin,karl.martin4378@example.com,30,Hyderabad,2020-09-17
4379,Karl Lee,karl.lee4379@example.com,58,Bangalore,2025-06-11
4380,Heidi Martin,heidi.martin4380@example.com,55,Bangalore,2021-04-30
4381,Heidi Wilson,heidi.wilson4381@example.com,54,Mumbai,2024-12-28
4382,Alice Davis,alice.davis4382@example.com,50,Hyderabad,2020-07-14
4383,Mike Lee,mike.lee4383@example.com,27,Bangalore,2021-10-20
4384,Charlie Anderson,charlie.anderson4384@example.com,49,Mumbai,2023-05-19
4385,Ivan Johnson,ivan.johnson4385@example.com,46,Toronto,2024-05-11
4386,Grace Lee,grace.lee4386@example.com,67,Berlin,2023-12-28
4387,Eve Davis,eve.davis4387@example.com,72,Pune,2020-04-30
4388,Pam Taylor,pam.taylor4388@example.com,32,Chennai,2020-01-07
4389,Karl Davis,karl.davis4389@example.com,70,Bangalore,2022-09-15
4390,Rita Brown,rita.brown4390@example.com,68,Berlin,2025-05-13
4391,Karl Wilson,karl.wilson4391@example.com,38,Bangalore,2024-12-13
4392,Rita Taylor,rita.taylor4392@example.com,70,Pune,2023-08-15
4393,Grace Hall,grace.hall4393@example.com,56,Bangalore,2020-09-03
4394,Judy Martin,judy.martin4394@example.com,21,Kolkata,2024-12-17
4395,Grace Anderson,grace.anderson4395@example.com,69,Delhi,2021-08-01
4396,Heidi Lee,heidi.lee4396@example.com,42,Toronto,2023-12-05
4397,Alice Miller,alice.miller4397@example.com,34,Tokyo,2020-10-22
4398,Judy Smith,judy.smith4398@example.com,19,Chennai,2023-08-11
4399,Nina Johnson,nina.johnson4399@example.com,41,Mumbai,2024-05-07
4400,Eve Wilson,eve.wilson4400@example.com,58,Toronto,2023-02-11
4401,Frank Thomas,frank.thomas4401@example.com,46,Pune,2021-10-05
4402,Diana Hall,diana.hall4402@example.com,35,Mumbai,2021-07-19
4403,Grace Martin,grace.martin4403@example.com,56,Mumbai,2021-08-06
4404,Frank Thomas,frank.thomas4404@example.com,26,Sydney,2025-05-12
4405,Alice Johnson,alice.johnson4405@example.com,21,Jaipur,2021-10-30
4406,Rita Wilson,rita.wilson4406@example.com,41,Paris,2021-10-07
4407,Mike Anderson,mike.anderson4407@example.com,19,Chennai,2022-06-08
4408,Karl Garcia,karl.garcia4408@example.com,29,Sydney,2023-06-09
4409,Bob Moore,bob.moore4409@example.com,36,Sydney,2023-03-04
4410,Sam Smith,sam.smith4410@example.com,74,Delhi,2020-04-24
4411,Eve Wilson,eve.wilson4411@example.com,22,Hyderabad,2020-05-19
4412,Eve Brown,eve.brown4412@example.com,24,Delhi,2020-11-30
4413,Heidi Johnson,heidi.johnson4413@example.com,66,Sydney,2025-06-14
4414,Lena Davis,lena.davis4414@example.com,23,Toronto,2021-12-04
4415,Charlie Wilson,charlie.wilson4415@example.com,43,Delhi,2020-05-07
4416,Quinn Garcia,quinn.garcia4416@example.com,59,Pune,2022-03-21
4417,Eve Anderson,eve.anderson4417@example.com,70,London,2024-07-25
4418,Grace Wilson,grace.wilson4418@example.com,28,London,2024-04-11
4419,Ivan Taylor,ivan.taylor4419@example.com,33,New York,2023-08-13
4420,Rita Smith,rita.smith4420@example.com,21,Chennai,2024-09-22
4421,Heidi Wilson,heidi.wilson4421@example.com,20,New York,2021-03-24
4422,Heidi Brown,heidi.brown4422@example.com,73,Paris,2022-10-22
4423,Karl Davis,karl.davis4423@example.com,42,Pune,2023-07-23
4424,Mike Smith,mike.smith4424@example.com,50,Pune,2021-08-16
4425,Pam Smith,pam.smith4425@example.com,60,Kolkata,2023-11-28
4426,Nina Anderson,nina.anderson4426@example.com,22,New York,2021-02-13
4427,Sam Smith,sam.smith4427@example.com,31,Tokyo,2023-04-08
4428,Pam Smith,pam.smith4428@example.com,40,Kolkata,2020-06-14
4429,Sam Hall,sam.hall4429@example.com,41,Delhi,2025-01-14
4430,Frank Garcia,frank.garcia4430@example.com,31,Paris,2023-01-03
4431,Alice Hall,alice.hall4431@example.com,58,Kolkata,2023-06-29
4432,Judy Miller,judy.miller4432@example.com,53,Sydney,2022-11-12
4433,Mike Brown,mike.brown4433@example.com,71,Tokyo,2024-03-24
4434,Tina Miller,tina.miller4434@example.com,39,Tokyo,2021-10-31
4435,Ivan Garcia,ivan.garcia4435@example.com,25,Chennai,2021-08-07
4436,Oscar Smith,oscar.smith4436@example.com,46,Bangalore,2025-06-04
4437,Quinn Lee,quinn.lee4437@example.com,43,Tokyo,2021-01-13
4438,Diana Smith,diana.smith4438@example.com,42,Pune,2020-08-06
4439,Grace Taylor,grace.taylor4439@example.com,66,Bangalore,2024-02-15
4440,Judy Walker,judy.walker4440@example.com,62,Chennai,2021-03-14
4441,Sam Walker,sam.walker4441@example.com,37,Sydney,2022-08-07
4442,Bob Moore,bob.moore4442@example.com,58,Tokyo,2023-03-06
4443,Ivan Taylor,ivan.taylor4443@example.com,50,New York,2021-09-26
4444,Alice Taylor,alice.taylor4444@example.com,71,Paris,2024-10-28
4445,Karl Taylor,karl.taylor4445@example.com,49,Kolkata,2022-03-06
4446,Karl Wilson,karl.wilson4446@example.com,43,Bangalore,2024-03-23
4447,Frank Hall,frank.hall4447@example.com,49,Mumbai,2023-02-22
4448,Tina Miller,tina.miller4448@example.com,68,Chennai,2024-10-21
4449,Heidi Johnson,heidi.johnson4449@example.com,57,London,2024-12-16
4450,Alice Walker,alice.walker4450@example.com,19,Bangalore,2020-04-12
4451,Alice Miller,alice.miller4451@example.com,18,Berlin,2022-06-30
4452,Mike Martin,mike.martin4452@example.com,54,Paris,2020-07-18
4453,Bob Davis,bob.davis4453@example.com,31,Chennai,2021-01-25
4454,Nina Martin,nina.martin4454@example.com,74,Sydney,2020-06-04
4455,Ivan Garcia,ivan.garcia4455@example.com,59,New York,2021-09-01
4456,Bob Hall,bob.hall4456@example.com,25,Berlin,2020-10-17
4457,Ivan Wilson,ivan.wilson4457@example.com,74,Pune,2025-02-16
4458,Grace Johnson,grace.johnson4458@example.com,58,Kolkata,2025-05-04
4459,Alice Hall,alice.hall4459@example.com,48,Paris,2020-01-30
4460,Diana Johnson,diana.johnson4460@example.com,64,Tokyo,2022-07-21
4461,Sam Martin,sam.martin4461@example.com,53,Berlin,2021-07-07
4462,Alice Martin,alice.martin4462@example.com,54,Mumbai,2020-05-09
4463,Eve Taylor,eve.taylor4463@example.com,22,Toronto,2023-10-20
4464,Mike Smith,mike.smith4464@example.com,20,Mumbai,2022-06-04
4465,Oscar Garcia,oscar.garcia4465@example.com,29,New York,2023-03-27
4466,Bob Moore,bob.moore4466@example.com,22,Pune,2024-11-29
4467,Ivan Martin,ivan.martin4467@example.com,36,Kolkata,2022-09-08
4468,Grace Lee,grace.lee4468@example.com,35,New York,2023-10-06
4469,Ivan Walker,ivan.walker4469@example.com,30,Tokyo,2023-11-13
4470,Oscar Lee,oscar.lee4470@example.com,18,Chennai,2020-03-31
4471,Sam Walker,sam.walker4471@example.com,72,Toronto,2023-02-18
4472,Pam Lee,pam.lee4472@example.com,32,Kolkata,2024-10-03
4473,Bob Miller,bob.miller4473@example.com,41,London,2023-05-09
4474,Lena Wilson,lena.wilson4474@example.com,70,Mumbai,2023-01-20
4475,Frank Davis,frank.davis4475@example.com,60,Hyderabad,2022-01-30
4476,Rita Anderson,rita.anderson4476@example.com,27,Sydney,2024-02-14
4477,Lena Garcia,lena.garcia4477@example.com,29,Bangalore,2022-04-02
4478,Lena Wilson,lena.wilson4478@example.com,40,Pune,2021-08-21
4479,Eve Walker,eve.walker4479@example.com,61,Pune,2024-12-26
4480,Pam Moore,pam.moore4480@example.com,52,Toronto,2022-01-07
4481,Nina Johnson,nina.johnson4481@example.com,56,Berlin,2024-12-17
4482,Eve Davis,eve.davis4482@example.com,40,Chennai,2022-08-13
4483,Oscar Lee,oscar.lee4483@example.com,52,Jaipur,2023-10-25
4484,Frank Hall,frank.hall4484@example.com,20,Sydney,2022-11-03
4485,Eve Thomas,eve.thomas4485@example.com,39,Delhi,2023-07-19
4486,Frank Walker,frank.walker4486@example.com,69,Bangalore,2020-10-12
4487,Grace Walker,grace.walker4487@example.com,62,Toronto,2020-06-16
4488,Nina Hall,nina.hall4488@example.com,25,Delhi,2023-01-19
4489,Bob Anderson,bob.anderson4489@example.com,24,Bangalore,2020-01-09
4490,Ivan Hall,ivan.hall4490@example.com,53,Chennai,2025-04-13
4491,Frank Martin,frank.martin4491@example.com,32,Chennai,2023-12-24
4492,Karl Wilson,karl.wilson4492@example.com,25,Sydney,2024-02-07
4493,Lena Anderson,lena.anderson4493@example.com,43,Delhi,2023-09-07
4494,Mike Taylor,mike.taylor4494@example.com,54,Sydney,2024-03-15
4495,Nina Martin,nina.martin4495@example.com,66,London,2021-04-07
4496,Oscar Brown,oscar.brown4496@example.com,71,Kolkata,2025-01-07
4497,Grace Martin,grace.martin4497@example.com,18,Hyderabad,2024-06-13
4498,Quinn Lee,quinn.lee4498@example.com,24,Mumbai,2020-10-22
4499,Charlie Martin,charlie.martin4499@example.com,37,Tokyo,2024-03-27
4500,Mike Miller,mike.miller4500@example.com,70,Tokyo,2023-01-14
4501,Diana Walker,diana.walker4501@example.com,30,New York,2020-02-03
4502,Alice Miller,alice.miller4502@example.com,25,Tokyo,2021-01-15
4503,Charlie Johnson,charlie.johnson4503@example.com,34,Mumbai,2025-05-01
4504,Diana Garcia,diana.garcia4504@example.com,40,Chennai,2022-04-05
4505,Alice Martin,alice.martin4505@example.com,56,Berlin,2021-12-03
4506,Mike Davis,mike.davis4506@example.com,31,Berlin,2022-05-27
4507,Tina Thomas,tina.thomas4507@example.com,48,Chennai,2023-06-13
4508,Sam Smith,sam.smith4508@example.com,61,Mumbai,2025-06-23
4509,Bob Wilson,bob.wilson4509@example.com,38,Sydney,2020-03-04
4510,Ivan Martin,ivan.martin4510@example.com,48,Jaipur,2024-06-21
4511,Mike Lee,mike.lee4511@example.com,52,Pune,2020-07-19
4512,Nina Martin,nina.martin4512@example.com,55,Bangalore,2024-12-08
4513,Lena Moore,lena.moore4513@example.com,49,New York,2022-02-17
4514,Bob Wilson,bob.wilson4514@example.com,66,Hyderabad,2020-06-26
4515,Pam Miller,pam.miller4515@example.com,52,London,2020-06-18
4516,Heidi Martin,heidi.martin4516@example.com,71,Kolkata,2023-07-16
4517,Diana Wilson,diana.wilson4517@example.com,42,Kolkata,2021-11-21
4518,Heidi Thomas,heidi.thomas4518@example.com,48,New York,2021-10-23
4519,Judy Anderson,judy.anderson4519@example.com,67,Kolkata,2024-10-16
4520,Oscar Taylor,oscar.taylor4520@example.com,57,Toronto,2020-07-13
4521,Alice Moore,alice.moore4521@example.com,26,Bangalore,2024-11-01
4522,Alice Hall,alice.hall4522@example.com,50,Mumbai,2020-05-21
4523,Quinn Brown,quinn.brown4523@example.com,47,Berlin,2023-11-28
4524,Sam Garcia,sam.garcia4524@example.com,69,Hyderabad,2023-01-02
4525,Bob Miller,bob.miller4525@example.com,55,London,2023-11-30
4526,Quinn Wilson,quinn.wilson4526@example.com,29,Hyderabad,2022-07-14
4527,Judy Walker,judy.walker4527@example.com,28,New York,2021-08-17
4528,Tina Davis,tina.davis4528@example.com,45,London,2023-11-07
4529,Eve Walker,eve.walker4529@example.com,22,Tokyo,2022-09-14
4530,Pam Taylor,pam.taylor4530@example.com,18,Toronto,2024-05-07
4531,Frank Lee,frank.lee4531@example.com,42,New York,2021-09-11
4532,Frank Taylor,frank.taylor4532@example.com,39,Jaipur,2023-10-30
4533,Sam Walker,sam.walker4533@example.com,49,Tokyo,2024-01-01
4534,Oscar Lee,oscar.lee4534@example.com,62,Hyderabad,2020-08-25
4535,Diana Brown,diana.brown4535@example.com,26,Paris,2024-02-25
4536,Tina Thomas,tina.thomas4536@example.com,19,Mumbai,2022-10-13
4537,Lena Lee,lena.lee4537@example.com,62,Toronto,2020-02-12
4538,Quinn Hall,quinn.hall4538@example.com,62,Sydney,2023-07-24
4539,Rita Johnson,rita.johnson4539@example.com,44,Mumbai,2020-03-09
4540,Ivan Garcia,ivan.garcia4540@example.com,53,Kolkata,2022-05-14
4541,Charlie Johnson,charlie.johnson4541@example.com,23,Berlin,2024-12-02
4542,Lena Wilson,lena.wilson4542@example.com,43,Delhi,2025-02-25
4543,Heidi Hall,heidi.hall4543@example.com,74,Paris,2020-09-04
4544,Alice Brown,alice.brown4544@example.com,23,Bangalore,2021-01-17
4545,Grace Wilson,grace.wilson4545@example.com,60,Delhi,2022-02-03
4546,Rita Miller,rita.miller4546@example.com,48,London,2025-06-11
4547,Frank Thomas,frank.thomas4547@example.com,44,London,2023-02-20
4548,Bob Taylor,bob.taylor4548@example.com,30,Paris,2021-09-07
4549,Eve Martin,eve.martin4549@example.com,62,Toronto,2020-01-23
4550,Lena Smith,lena.smith4550@example.com,50,Pune,2020-01-25
4551,Diana Anderson,diana.anderson4551@example.com,60,Berlin,2023-04-14
4552,Quinn Smith,quinn.smith4552@example.com,37,Hyderabad,2024-07-19
4553,Eve Davis,eve.davis4553@example.com,33,Jaipur,2022-09-10
4554,Grace Taylor,grace.taylor4554@example.com,60,Mumbai,2022-09-06
4555,Pam Taylor,pam.taylor4555@example.com,24,Paris,2022-03-05
4556,Rita Moore,rita.moore4556@example.com,58,Delhi,2024-10-24
4557,Charlie Brown,charlie.brown4557@example.com,60,Paris,2024-10-22
4558,Quinn Brown,quinn.brown4558@example.com,73,Pune,2020-05-19
4559,Pam Anderson,pam.anderson4559@example.com,22,Bangalore,2020-12-03
4560,Heidi Moore,heidi.moore4560@example.com,66,Toronto,2024-09-15
4561,Lena Taylor,lena.taylor4561@example.com,70,Berlin,2022-04-12
4562,Bob Lee,bob.lee4562@example.com,45,New York,2024-11-18
4563,Karl Lee,karl.lee4563@example.com,43,New York,2021-01-29
4564,Lena Garcia,lena.garcia4564@example.com,46,Bangalore,2024-09-08
4565,Heidi Martin,heidi.martin4565@example.com,26,Mumbai,2023-06-13
4566,Quinn Hall,quinn.hall4566@example.com,44,Chennai,2024-11-20
4567,Frank Taylor,frank.taylor4567@example.com,56,Delhi,2021-08-12
4568,Pam Lee,pam.lee4568@example.com,22,Toronto,2023-05-13
4569,Alice Garcia,alice.garcia4569@example.com,22,Delhi,2020-06-22
4570,Eve Lee,eve.lee4570@example.com,59,New York,2022-01-26
4571,Ivan Garcia,ivan.garcia4571@example.com,35,Mumbai,2023-08-24
4572,Karl Miller,karl.miller4572@example.com,71,Delhi,2023-05-24
4573,Karl Hall,karl.hall4573@example.com,37,Jaipur,2025-04-26
4574,Pam Anderson,pam.anderson4574@example.com,49,Toronto,2024-03-31
4575,Sam Martin,sam.martin4575@example.com,53,Hyderabad,2023-10-29
4576,Tina Thomas,tina.thomas4576@example.com,60,Pune,2023-03-21
4577,Eve Wilson,eve.wilson4577@example.com,39,London,2023-11-17
4578,Pam Davis,pam.davis4578@example.com,52,Delhi,2023-06-16
4579,Charlie Miller,charlie.miller4579@example.com,58,Berlin,2025-03-28
4580,Ivan Walker,ivan.walker4580@example.com,36,Bangalore,2022-11-17
4581,Heidi Davis,heidi.davis4581@example.com,75,Sydney,2025-01-31
4582,Heidi Thomas,heidi.thomas4582@example.com,30,Sydney,2025-06-14
4583,Judy Taylor,judy.taylor4583@example.com,70,Sydney,2022-11-26
4584,Nina Miller,nina.miller4584@example.com,34,Bangalore,2022-05-18
4585,Grace Lee,grace.lee4585@example.com,57,Hyderabad,2024-05-30
4586,Eve Lee,eve.lee4586@example.com,67,Kolkata,2021-08-27
4587,Grace Moore,grace.moore4587@example.com,61,Sydney,2023-12-30
4588,Rita Anderson,rita.anderson4588@example.com,38,Tokyo,2024-06-22
4589,Oscar Thomas,oscar.thomas4589@example.com,51,Paris,2020-08-28
4590,Judy Moore,judy.moore4590@example.com,33,Tokyo,2023-05-09
4591,Karl Brown,karl.brown4591@example.com,74,Chennai,2024-07-16
4592,Pam Davis,pam.davis4592@example.com,33,Toronto,2022-09-18
4593,Ivan Hall,ivan.hall4593@example.com,54,Mumbai,2023-01-05
4594,Karl Brown,karl.brown4594@example.com,34,Bangalore,2020-05-27
4595,Ivan Johnson,ivan.johnson4595@example.com,42,Jaipur,2023-02-01
4596,Mike Smith,mike.smith4596@example.com,22,Tokyo,2024-07-20
4597,Ivan Hall,ivan.hall4597@example.com,49,Mumbai,2025-03-29
4598,Rita Thomas,rita.thomas4598@example.com,70,Berlin,2022-11-12
4599,Sam Garcia,sam.garcia4599@example.com,30,Berlin,2020-04-14
4600,Nina Moore,nina.moore4600@example.com,49,Bangalore,2020-08-09
4601,Pam Garcia,pam.garcia4601@example.com,42,Sydney,2020-09-01
4602,Eve Brown,eve.brown4602@example.com,25,Sydney,2024-04-05
4603,Bob Smith,bob.smith4603@example.com,72,London,2021-07-22
4604,Diana Anderson,diana.anderson4604@example.com,52,Berlin,2020-09-17
4605,Diana Hall,diana.hall4605@example.com,65,Chennai,2022-05-16
4606,Grace Smith,grace.smith4606@example.com,75,Chennai,2023-03-06
4607,Bob Smith,bob.smith4607@example.com,25,Sydney,2025-06-23
4608,Tina Martin,tina.martin4608@example.com,35,Berlin,2022-05-30
4609,Heidi Taylor,heidi.taylor4609@example.com,32,Bangalore,2023-05-21
4610,Sam Lee,sam.lee4610@example.com,35,Hyderabad,2023-02-05
4611,Lena Walker,lena.walker4611@example.com,33,Paris,2020-02-17
4612,Rita Thomas,rita.thomas4612@example.com,38,Pune,2021-03-26
4613,Frank Lee,frank.lee4613@example.com,70,Toronto,2021-02-20
4614,Rita Thomas,rita.thomas4614@example.com,19,Paris,2020-07-05
4615,Sam Martin,sam.martin4615@example.com,57,Berlin,2024-07-15
4616,Pam Johnson,pam.johnson4616@example.com,24,Tokyo,2024-09-27
4617,Nina Taylor,nina.taylor4617@example.com,33,Mumbai,2023-06-02
4618,Frank Hall,frank.hall4618@example.com,29,Hyderabad,2021-03-27
4619,Ivan Johnson,ivan.johnson4619@example.com,18,Tokyo,2023-10-06
4620,Judy Garcia,judy.garcia4620@example.com,55,Jaipur,2023-05-13
4621,Mike Wilson,mike.wilson4621@example.com,31,Tokyo,2020-07-24
4622,Charlie Garcia,charlie.garcia4622@example.com,63,Mumbai,2022-06-25
4623,Eve Martin,eve.martin4623@example.com,74,Toronto,2024-10-08
4624,Tina Lee,tina.lee4624@example.com,42,New York,2023-01-13
4625,Ivan Taylor,ivan.taylor4625@example.com,74,Chennai,2022-10-03
4626,Nina Lee,nina.lee4626@example.com,74,Delhi,2021-12-02
4627,Karl Smith,karl.smith4627@example.com,49,Delhi,2023-06-14
4628,Mike Walker,mike.walker4628@example.com,46,Bangalore,2021-02-24
4629,Lena Brown,lena.brown4629@example.com,63,London,2023-05-15
4630,Mike Brown,mike.brown4630@example.com,68,Toronto,2021-02-28
4631,Grace Davis,grace.davis4631@example.com,40,Toronto,2021-07-15
4632,Heidi Martin,heidi.martin4632@example.com,36,Hyderabad,2021-04-17
4633,Mike Thomas,mike.thomas4633@example.com,74,Mumbai,2025-05-21
4634,Alice Moore,alice.moore4634@example.com,54,Tokyo,2023-08-14
4635,Charlie Wilson,charlie.wilson4635@example.com,63,Pune,2020-02-14
4636,Mike Thomas,mike.thomas4636@example.com,40,Sydney,2022-02-19
4637,Alice Wilson,alice.wilson4637@example.com,45,Kolkata,2022-07-01
4638,Nina Johnson,nina.johnson4638@example.com,45,Berlin,2021-12-14
4639,Heidi Miller,heidi.miller4639@example.com,41,Hyderabad,2021-06-16
4640,Pam Brown,pam.brown4640@example.com,28,Tokyo,2024-10-14
4641,Sam Moore,sam.moore4641@example.com,51,Bangalore,2022-12-23
4642,Grace Walker,grace.walker4642@example.com,20,Toronto,2022-01-16
4643,Bob Lee,bob.lee4643@example.com,32,London,2023-12-19
4644,Frank Johnson,frank.johnson4644@example.com,57,Kolkata,2023-02-06
4645,Bob Miller,bob.miller4645@example.com,23,Delhi,2025-03-23
4646,Ivan Wilson,ivan.wilson4646@example.com,27,Berlin,2020-10-17
4647,Nina Miller,nina.miller4647@example.com,73,Hyderabad,2021-01-15
4648,Heidi Garcia,heidi.garcia4648@example.com,37,Paris,2022-12-02
4649,Charlie Taylor,charlie.taylor4649@example.com,73,London,2023-06-25
4650,Bob Thomas,bob.thomas4650@example.com,59,Pune,2024-05-25
4651,Frank Miller,frank.miller4651@example.com,53,Mumbai,2025-04-13
4652,Nina Hall,nina.hall4652@example.com,28,Tokyo,2020-02-05
4653,Grace Thomas,grace.thomas4653@example.com,63,London,2020-05-17
4654,Diana Miller,diana.miller4654@example.com,70,Pune,2021-01-01
4655,Rita Johnson,rita.johnson4655@example.com,67,Mumbai,2023-02-07
4656,Lena Martin,lena.martin4656@example.com,29,Paris,2022-12-28
4657,Frank Taylor,frank.taylor4657@example.com,68,New York,2021-10-28
4658,Frank Lee,frank.lee4658@example.com,35,Delhi,2024-07-23
4659,Alice Anderson,alice.anderson4659@example.com,50,Hyderabad,2020-04-26
4660,Mike Brown,mike.brown4660@example.com,28,New York,2022-08-18
4661,Eve Walker,eve.walker4661@example.com,26,Tokyo,2024-10-30
4662,Tina Walker,tina.walker4662@example.com,41,Bangalore,2024-05-22
4663,Ivan Wilson,ivan.wilson4663@example.com,33,Mumbai,2020-12-24
4664,Diana Martin,diana.martin4664@example.com,33,Paris,2023-08-03
4665,Tina Lee,tina.lee4665@example.com,20,London,2022-02-11
4666,Eve Smith,eve.smith4666@example.com,36,Mumbai,2022-12-19
4667,Pam Moore,pam.moore4667@example.com,66,Toronto,2023-02-01
4668,Rita Martin,rita.martin4668@example.com,43,Hyderabad,2022-12-11
4669,Oscar Moore,oscar.moore4669@example.com,51,Sydney,2024-05-29
4670,Tina Thomas,tina.thomas4670@example.com,63,Jaipur,2024-03-14
4671,Mike Lee,mike.lee4671@example.com,34,Delhi,2025-04-02
4672,Nina Brown,nina.brown4672@example.com,50,Jaipur,2022-10-20
4673,Eve Lee,eve.lee4673@example.com,20,Tokyo,2020-05-30
4674,Tina Davis,tina.davis4674@example.com,71,Berlin,2020-08-24
4675,Tina Hall,tina.hall4675@example.com,44,Toronto,2022-02-08
4676,Judy Davis,judy.davis4676@example.com,19,Sydney,2022-09-24
4677,Grace Lee,grace.lee4677@example.com,19,Tokyo,2022-06-10
4678,Eve Wilson,eve.wilson4678@example.com,73,Bangalore,2024-06-06
4679,Eve Moore,eve.moore4679@example.com,68,Berlin,2022-03-22
4680,Heidi Brown,heidi.brown4680@example.com,19,Hyderabad,2021-04-10
4681,Oscar Miller,oscar.miller4681@example.com,49,Toronto,2022-08-13
4682,Oscar Davis,oscar.davis4682@example.com,74,Tokyo,2022-08-06
4683,Eve Garcia,eve.garcia4683@example.com,21,Tokyo,2025-04-24
4684,Eve Hall,eve.hall4684@example.com,58,Hyderabad,2020-07-26
4685,Judy Davis,judy.davis4685@example.com,21,Sydney,2022-08-10
4686,Mike Hall,mike.hall4686@example.com,59,Jaipur,2022-06-06
4687,Charlie Thomas,charlie.thomas4687@example.com,36,Sydney,2024-08-08
4688,Quinn Anderson,quinn.anderson4688@example.com,48,New York,2025-03-27
4689,Pam Johnson,pam.johnson4689@example.com,40,Sydney,2021-01-31
4690,Judy Hall,judy.hall4690@example.com,50,Paris,2020-01-23
4691,Diana Brown,diana.brown4691@example.com,65,Kolkata,2023-02-24
4692,Ivan Smith,ivan.smith4692@example.com,19,Delhi,2021-03-23
4693,Quinn Davis,quinn.davis4693@example.com,19,Mumbai,2022-04-06
4694,Karl Lee,karl.lee4694@example.com,57,Mumbai,2021-12-11
4695,Tina Davis,tina.davis4695@example.com,36,Sydney,2020-04-14
4696,Quinn Thomas,quinn.thomas4696@example.com,25,Hyderabad,2022-06-16
4697,Pam Garcia,pam.garcia4697@example.com,66,Delhi,2020-03-15
4698,Rita Martin,rita.martin4698@example.com,65,Bangalore,2022-11-02
4699,Charlie Brown,charlie.brown4699@example.com,70,Toronto,2021-11-07
4700,Oscar Martin,oscar.martin4700@example.com,64,Chennai,2021-07-01
4701,Eve Brown,eve.brown4701@example.com,66,Hyderabad,2021-02-06
4702,Charlie Thomas,charlie.thomas4702@example.com,42,Berlin,2022-03-18
4703,Heidi Smith,heidi.smith4703@example.com,20,Berlin,2020-01-25
4704,Eve Taylor,eve.taylor4704@example.com,44,Bangalore,2021-01-31
4705,Nina Lee,nina.lee4705@example.com,70,Hyderabad,2020-11-06
4706,Nina Anderson,nina.anderson4706@example.com,54,Berlin,2025-02-19
4707,Grace Smith,grace.smith4707@example.com,22,Paris,2024-10-24
4708,Bob Miller,bob.miller4708@example.com,64,Mumbai,2024-05-30
4709,Charlie Taylor,charlie.taylor4709@example.com,47,Hyderabad,2020-12-05
4710,Pam Johnson,pam.johnson4710@example.com,23,Chennai,2022-07-30
4711,Karl Thomas,karl.thomas4711@example.com,64,Sydney,2024-10-08
4712,Pam Miller,pam.miller4712@example.com,54,Delhi,2023-01-27
4713,Karl Moore,karl.moore4713@example.com,60,Sydney,2022-12-14
4714,Eve Moore,eve.moore4714@example.com,61,Jaipur,2024-01-07
4715,Sam Anderson,sam.anderson4715@example.com,61,Berlin,2024-07-09
4716,Tina Lee,tina.lee4716@example.com,75,Tokyo,2021-04-08
4717,Alice Garcia,alice.garcia4717@example.com,48,Berlin,2021-11-03
4718,Quinn Miller,quinn.miller4718@example.com,49,Kolkata,2022-04-08
4719,Bob Thomas,bob.thomas4719@example.com,37,Pune,2024-11-02
4720,Ivan Johnson,ivan.johnson4720@example.com,70,Paris,2023-02-10
4721,Heidi Walker,heidi.walker4721@example.com,68,Tokyo,2024-12-08
4722,Heidi Wilson,heidi.wilson4722@example.com,75,Paris,2025-03-11
4723,Diana Martin,diana.martin4723@example.com,52,Delhi,2022-01-13
4724,Nina Martin,nina.martin4724@example.com,43,Toronto,2023-03-06
4725,Karl Miller,karl.miller4725@example.com,23,Tokyo,2020-11-28
4726,Tina Wilson,tina.wilson4726@example.com,60,London,2024-05-06
4727,Karl Hall,karl.hall4727@example.com,74,New York,2022-06-11
4728,Mike Walker,mike.walker4728@example.com,45,Paris,2022-04-28
4729,Pam Smith,pam.smith4729@example.com,39,Sydney,2020-08-30
4730,Judy Taylor,judy.taylor4730@example.com,49,Hyderabad,2022-10-04
4731,Mike Thomas,mike.thomas4731@example.com,31,Toronto,2022-05-30
4732,Heidi Miller,heidi.miller4732@example.com,33,Bangalore,2024-07-05
4733,Frank Davis,frank.davis4733@example.com,28,Bangalore,2021-10-31
4734,Sam Garcia,sam.garcia4734@example.com,72,London,2020-07-25
4735,Charlie Johnson,charlie.johnson4735@example.com,68,Kolkata,2020-01-18
4736,Eve Anderson,eve.anderson4736@example.com,45,Mumbai,2025-01-10
4737,Charlie Hall,charlie.hall4737@example.com,68,Pune,2023-11-29
4738,Eve Smith,eve.smith4738@example.com,18,Mumbai,2020-12-29
4739,Bob Brown,bob.brown4739@example.com,36,Jaipur,2022-01-21
4740,Lena Moore,lena.moore4740@example.com,54,London,2020-03-23
4741,Frank Hall,frank.hall4741@example.com,37,Sydney,2020-07-23
4742,Bob Thomas,bob.thomas4742@example.com,23,New York,2023-06-12
4743,Alice Walker,alice.walker4743@example.com,30,Pune,2020-12-14
4744,Mike Walker,mike.walker4744@example.com,49,London,2021-07-01
4745,Sam Miller,sam.miller4745@example.com,57,Jaipur,2022-12-13
4746,Charlie Walker,charlie.walker4746@example.com,57,Berlin,2020-10-10
4747,Charlie Wilson,charlie.wilson4747@example.com,56,Jaipur,2021-06-16
4748,Frank Moore,frank.moore4748@example.com,67,Kolkata,2022-11-20
4749,Diana Wilson,diana.wilson4749@example.com,56,Tokyo,2023-11-12
4750,Judy Smith,judy.smith4750@example.com,43,Jaipur,2021-11-24
4751,Frank Martin,frank.martin4751@example.com,48,Pune,2022-07-15
4752,Lena Anderson,lena.anderson4752@example.com,37,Berlin,2023-08-31
4753,Mike Garcia,mike.garcia4753@example.com,69,Hyderabad,2021-04-26
4754,Judy Moore,judy.moore4754@example.com,38,Tokyo,2021-05-07
4755,Oscar Brown,oscar.brown4755@example.com,63,Paris,2020-03-16
4756,Charlie Smith,charlie.smith4756@example.com,55,Hyderabad,2020-08-29
4757,Eve Johnson,eve.johnson4757@example.com,46,Paris,2020-11-01
4758,Charlie Miller,charlie.miller4758@example.com,67,Sydney,2023-11-09
4759,Karl Thomas,karl.thomas4759@example.com,33,Kolkata,2022-09-13
4760,Nina Garcia,nina.garcia4760@example.com,25,Hyderabad,2023-08-12
4761,Rita Martin,rita.martin4761@example.com,55,Berlin,2025-04-03
4762,Grace Hall,grace.hall4762@example.com,48,Chennai,2020-03-10
4763,Lena Brown,lena.brown4763@example.com,43,Tokyo,2021-12-07
4764,Charlie Smith,charlie.smith4764@example.com,20,Jaipur,2024-10-13
4765,Ivan Garcia,ivan.garcia4765@example.com,29,Jaipur,2022-10-16
4766,Oscar Moore,oscar.moore4766@example.com,43,Pune,2023-12-23
4767,Karl Wilson,karl.wilson4767@example.com,26,Jaipur,2021-10-31
4768,Nina Moore,nina.moore4768@example.com,38,Hyderabad,2024-03-19
4769,Sam Walker,sam.walker4769@example.com,62,Paris,2020-01-16
4770,Frank Miller,frank.miller4770@example.com,44,London,2022-09-24
4771,Karl Brown,karl.brown4771@example.com,20,Hyderabad,2020-10-14
4772,Heidi Anderson,heidi.anderson4772@example.com,56,Mumbai,2025-05-14
4773,Ivan Hall,ivan.hall4773@example.com,30,Kolkata,2021-01-04
4774,Nina Smith,nina.smith4774@example.com,67,New York,2023-07-17
4775,Lena Martin,lena.martin4775@example.com,39,Pune,2023-06-13
4776,Lena Davis,lena.davis4776@example.com,18,London,2022-09-15
4777,Quinn Taylor,quinn.taylor4777@example.com,31,Paris,2021-11-11
4778,Quinn Miller,quinn.miller4778@example.com,51,Toronto,2024-12-26
4779,Quinn Thomas,quinn.thomas4779@example.com,57,Hyderabad,2023-06-07
4780,Grace Garcia,grace.garcia4780@example.com,67,Kolkata,2024-06-26
4781,Bob Wilson,bob.wilson4781@example.com,64,Bangalore,2023-01-25
4782,Judy Anderson,judy.anderson4782@example.com,66,Mumbai,2020-04-01
4783,Judy Davis,judy.davis4783@example.com,19,Toronto,2023-04-21
4784,Charlie Wilson,charlie.wilson4784@example.com,71,Hyderabad,2022-05-04
4785,Oscar Hall,oscar.hall4785@example.com,74,Bangalore,2023-03-17
4786,Heidi Hall,heidi.hall4786@example.com,38,Jaipur,2023-04-25
4787,Heidi Wilson,heidi.wilson4787@example.com,34,Berlin,2024-12-30
4788,Bob Walker,bob.walker4788@example.com,32,Chennai,2025-01-26
4789,Sam Miller,sam.miller4789@example.com,43,Berlin,2020-01-09
4790,Quinn Taylor,quinn.taylor4790@example.com,20,Tokyo,2025-05-03
4791,Oscar Taylor,oscar.taylor4791@example.com,43,New York,2022-05-30
4792,Bob Johnson,bob.johnson4792@example.com,69,Pune,2021-07-14
4793,Rita Walker,rita.walker4793@example.com,75,Delhi,2025-04-08
4794,Nina Smith,nina.smith4794@example.com,50,Jaipur,2025-05-04
4795,Judy Lee,judy.lee4795@example.com,56,Chennai,2020-04-14
4796,Pam Thomas,pam.thomas4796@example.com,31,Delhi,2023-09-16
4797,Rita Miller,rita.miller4797@example.com,67,London,2024-10-17
4798,Heidi Hall,heidi.hall4798@example.com,42,Delhi,2024-01-26
4799,Karl Brown,karl.brown4799@example.com,52,Chennai,2021-02-14
4800,Alice Moore,alice.moore4800@example.com,45,London,2021-11-04
4801,Heidi Wilson,heidi.wilson4801@example.com,19,London,2020-09-22
4802,Ivan Brown,ivan.brown4802@example.com,60,Berlin,2023-10-07
4803,Ivan Garcia,ivan.garcia4803@example.com,28,Hyderabad,2022-05-23
4804,Grace Martin,grace.martin4804@example.com,28,Sydney,2020-07-18
4805,Judy Miller,judy.miller4805@example.com,52,Kolkata,2023-01-28
4806,Charlie Johnson,charlie.johnson4806@example.com,27,Jaipur,2020-09-05
4807,Alice Taylor,alice.taylor4807@example.com,22,Pune,2024-04-26
4808,Ivan Brown,ivan.brown4808@example.com,25,Pune,2022-07-13
4809,Karl Johnson,karl.johnson4809@example.com,50,Pune,2024-09-06
4810,Rita Wilson,rita.wilson4810@example.com,50,London,2022-09-12
4811,Tina Miller,tina.miller4811@example.com,68,London,2021-12-30
4812,Charlie Davis,charlie.davis4812@example.com,29,Toronto,2024-07-09
4813,Grace Anderson,grace.anderson4813@example.com,34,Kolkata,2020-02-07
4814,Tina Lee,tina.lee4814@example.com,68,Pune,2020-06-25
4815,Charlie Brown,charlie.brown4815@example.com,27,Sydney,2020-11-24
4816,Quinn Walker,quinn.walker4816@example.com,62,Delhi,2021-02-01
4817,Pam Hall,pam.hall4817@example.com,66,Chennai,2021-12-20
4818,Alice Davis,alice.davis4818@example.com,72,Toronto,2024-06-11
4819,Nina Johnson,nina.johnson4819@example.com,69,Delhi,2024-05-07
4820,Mike Taylor,mike.taylor4820@example.com,28,Tokyo,2023-06-25
4821,Pam Lee,pam.lee4821@example.com,55,Kolkata,2023-11-29
4822,Charlie Martin,charlie.martin4822@example.com,32,Jaipur,2023-09-07
4823,Pam Anderson,pam.anderson4823@example.com,67,Mumbai,2022-03-04
4824,Karl Moore,karl.moore4824@example.com,41,Tokyo,2025-01-17
4825,Bob Smith,bob.smith4825@example.com,46,Tokyo,2020-01-08
4826,Sam Davis,sam.davis4826@example.com,19,Chennai,2025-03-27
4827,Lena Moore,lena.moore4827@example.com,39,Toronto,2024-03-15
4828,Alice Davis,alice.davis4828@example.com,73,Mumbai,2020-06-23
4829,Eve Walker,eve.walker4829@example.com,24,Bangalore,2022-12-02
4830,Rita Lee,rita.lee4830@example.com,25,Bangalore,2020-10-05
4831,Pam Wilson,pam.wilson4831@example.com,53,Delhi,2024-01-26
4832,Karl Johnson,karl.johnson4832@example.com,57,Pune,2020-03-07
4833,Karl Taylor,karl.taylor4833@example.com,37,Delhi,2024-08-10
4834,Nina Miller,nina.miller4834@example.com,20,Jaipur,2020-08-06
4835,Bob Miller,bob.miller4835@example.com,60,Paris,2023-11-26
4836,Ivan Walker,ivan.walker4836@example.com,42,Paris,2021-07-28
4837,Karl Walker,karl.walker4837@example.com,44,London,2025-06-20
4838,Quinn Davis,quinn.davis4838@example.com,22,Mumbai,2021-09-23
4839,Judy Garcia,judy.garcia4839@example.com,19,New York,2021-08-06
4840,Karl Brown,karl.brown4840@example.com,63,London,2024-11-15
4841,Eve Hall,eve.hall4841@example.com,51,Bangalore,2023-05-12
4842,Diana Davis,diana.davis4842@example.com,25,London,2025-06-19
4843,Ivan Lee,ivan.lee4843@example.com,39,Sydney,2024-12-24
4844,Diana Brown,diana.brown4844@example.com,54,Tokyo,2023-04-07
4845,Charlie Taylor,charlie.taylor4845@example.com,21,Berlin,2021-09-29
4846,Rita Lee,rita.lee4846@example.com,52,Hyderabad,2024-10-25
4847,Charlie Lee,charlie.lee4847@example.com,63,Delhi,2025-03-30
4848,Sam Walker,sam.walker4848@example.com,62,Delhi,2021-08-31
4849,Rita Moore,rita.moore4849@example.com,37,London,2025-01-07
4850,Mike Lee,mike.lee4850@example.com,20,Berlin,2025-02-24
4851,Nina Johnson,nina.johnson4851@example.com,60,Sydney,2021-07-05
4852,Bob Brown,bob.brown4852@example.com,22,London,2025-04-27
4853,Sam Smith,sam.smith4853@example.com,24,Hyderabad,2022-09-03
4854,Bob Wilson,bob.wilson4854@example.com,69,Sydney,2022-04-11
4855,Rita Johnson,rita.johnson4855@example.com,34,Paris,2023-04-25
4856,Rita Hall,rita.hall4856@example.com,68,Tokyo,2020-06-16
4857,Karl Brown,karl.brown4857@example.com,29,Chennai,2025-02-23
4858,Sam Martin,sam.martin4858@example.com,73,London,2023-07-15
4859,Alice Wilson,alice.wilson4859@example.com,31,Kolkata,2023-12-21
4860,Eve Brown,eve.brown4860@example.com,65,Jaipur,2024-11-04
4861,Quinn Taylor,quinn.taylor4861@example.com,44,New York,2023-10-27
4862,Quinn Hall,quinn.hall4862@example.com,35,Bangalore,2024-06-15
4863,Grace Wilson,grace.wilson4863@example.com,53,Tokyo,2020-05-01
4864,Nina Taylor,nina.taylor4864@example.com,57,Chennai,2022-03-06
4865,Grace Walker,grace.walker4865@example.com,51,Berlin,2021-12-06
4866,Eve Garcia,eve.garcia4866@example.com,55,Toronto,2025-02-08
4867,Sam Miller,sam.miller4867@example.com,35,Tokyo,2023-06-16
4868,Diana Martin,diana.martin4868@example.com,44,Berlin,2023-08-20
4869,Tina Wilson,tina.wilson4869@example.com,18,London,2022-04-10
4870,Sam Taylor,sam.taylor4870@example.com,65,Berlin,2023-11-16
4871,Eve Thomas,eve.thomas4871@example.com,29,Jaipur,2023-08-05
4872,Sam Johnson,sam.johnson4872@example.com,60,Tokyo,2020-09-28
4873,Bob Taylor,bob.taylor4873@example.com,33,Kolkata,2020-04-05
4874,Charlie Moore,charlie.moore4874@example.com,43,Paris,2025-05-30
4875,Grace Miller,grace.miller4875@example.com,25,Bangalore,2020-01-06
4876,Grace Martin,grace.martin4876@example.com,25,Jaipur,2023-11-26
4877,Alice Garcia,alice.garcia4877@example.com,24,Sydney,2021-02-26
4878,Oscar Brown,oscar.brown4878@example.com,27,Kolkata,2023-08-20
4879,Diana Walker,diana.walker4879@example.com,41,Sydney,2022-04-21
4880,Mike Moore,mike.moore4880@example.com,51,Chennai,2021-07-17
4881,Oscar Moore,oscar.moore4881@example.com,30,Jaipur,2023-07-24
4882,Eve Taylor,eve.taylor4882@example.com,42,Sydney,2021-01-20
4883,Heidi Wilson,heidi.wilson4883@example.com,49,Berlin,2022-06-14
4884,Bob Miller,bob.miller4884@example.com,18,Toronto,2022-08-07
4885,Frank Smith,frank.smith4885@example.com,68,Hyderabad,2024-09-03
4886,Bob Martin,bob.martin4886@example.com,47,Delhi,2021-08-15
4887,Grace Garcia,grace.garcia4887@example.com,25,Hyderabad,2021-08-11
4888,Eve Miller,eve.miller4888@example.com,35,Paris,2022-05-22
4889,Alice Wilson,alice.wilson4889@example.com,68,Pune,2022-12-20
4890,Charlie Thomas,charlie.thomas4890@example.com,47,Sydney,2021-09-12
4891,Heidi Wilson,heidi.wilson4891@example.com,30,Kolkata,2024-11-04
4892,Ivan Walker,ivan.walker4892@example.com,48,Toronto,2021-07-06
4893,Frank Wilson,frank.wilson4893@example.com,32,Mumbai,2025-01-27
4894,Eve Smith,eve.smith4894@example.com,67,Tokyo,2023-08-14
4895,Pam Garcia,pam.garcia4895@example.com,32,Delhi,2022-11-09
4896,Eve Johnson,eve.johnson4896@example.com,35,Kolkata,2022-01-29
4897,Quinn Miller,quinn.miller4897@example.com,62,London,2021-07-10
4898,Quinn Lee,quinn.lee4898@example.com,37,Kolkata,2022-04-06
4899,Alice Johnson,alice.johnson4899@example.com,54,Hyderabad,2020-08-07
4900,Heidi Hall,heidi.hall4900@example.com,36,Berlin,2024-07-16
4901,Heidi Lee,heidi.lee4901@example.com,60,Hyderabad,2023-02-12
4902,Tina Thomas,tina.thomas4902@example.com,69,Hyderabad,2022-12-21
4903,Frank Moore,frank.moore4903@example.com,49,Delhi,2020-01-07
4904,Eve Smith,eve.smith4904@example.com,38,Pune,2023-11-13
4905,Rita Garcia,rita.garcia4905@example.com,54,Sydney,2020-01-03
4906,Pam Taylor,pam.taylor4906@example.com,29,London,2024-02-09
4907,Judy Martin,judy.martin4907@example.com,66,Toronto,2021-05-29
4908,Ivan Thomas,ivan.thomas4908@example.com,30,Chennai,2022-04-03
4909,Tina Thomas,tina.thomas4909@example.com,54,Sydney,2020-07-15
4910,Mike Wilson,mike.wilson4910@example.com,57,Tokyo,2024-12-28
4911,Heidi Davis,heidi.davis4911@example.com,20,Jaipur,2021-11-19
4912,Lena Wilson,lena.wilson4912@example.com,66,Tokyo,2022-12-26
4913,Karl Wilson,karl.wilson4913@example.com,32,Toronto,2025-05-14
4914,Rita Smith,rita.smith4914@example.com,62,London,2020-07-30
4915,Sam Hall,sam.hall4915@example.com,26,Tokyo,2022-04-21
4916,Bob Taylor,bob.taylor4916@example.com,47,Toronto,2022-12-31
4917,Charlie Johnson,charlie.johnson4917@example.com,61,Delhi,2022-06-22
4918,Eve Taylor,eve.taylor4918@example.com,65,Tokyo,2021-03-23
4919,Lena Johnson,lena.johnson4919@example.com,20,Berlin,2020-01-24
4920,Sam Garcia,sam.garcia4920@example.com,25,Berlin,2023-08-09
4921,Sam Hall,sam.hall4921@example.com,46,Hyderabad,2021-03-04
4922,Charlie Davis,charlie.davis4922@example.com,33,Bangalore,2020-08-31
4923,Charlie Lee,charlie.lee4923@example.com,34,Pune,2023-05-10
4924,Rita Martin,rita.martin4924@example.com,58,Pune,2021-05-08
4925,Bob Wilson,bob.wilson4925@example.com,62,Berlin,2023-01-13
4926,Frank Moore,frank.moore4926@example.com,66,Kolkata,2024-02-01
4927,Alice Hall,alice.hall4927@example.com,71,Mumbai,2024-07-31
4928,Grace Lee,grace.lee4928@example.com,44,Hyderabad,2021-11-08
4929,Diana Johnson,diana.johnson4929@example.com,50,Bangalore,2021-04-14
4930,Sam Miller,sam.miller4930@example.com,18,Toronto,2023-11-27
4931,Lena Hall,lena.hall4931@example.com,40,Pune,2022-07-15
4932,Rita Martin,rita.martin4932@example.com,28,New York,2024-02-22
4933,Diana Moore,diana.moore4933@example.com,54,New York,2023-09-28
4934,Ivan Taylor,ivan.taylor4934@example.com,29,Jaipur,2020-11-17
4935,Heidi Martin,heidi.martin4935@example.com,20,Kolkata,2021-01-02
4936,Grace Walker,grace.walker4936@example.com,31,Tokyo,2020-09-28
4937,Judy Wilson,judy.wilson4937@example.com,21,Chennai,2022-07-09
4938,Heidi Thomas,heidi.thomas4938@example.com,26,New York,2020-08-29
4939,Grace Davis,grace.davis4939@example.com,58,Pune,2024-12-07
4940,Judy Walker,judy.walker4940@example.com,61,Toronto,2020-11-11
4941,Charlie Walker,charlie.walker4941@example.com,75,Paris,2022-08-28
4942,Mike Smith,mike.smith4942@example.com,28,Sydney,2020-03-12
4943,Rita Brown,rita.brown4943@example.com,61,Jaipur,2025-01-02
4944,Nina Johnson,nina.johnson4944@example.com,23,Pune,2020-11-18
4945,Grace Johnson,grace.johnson4945@example.com,27,Toronto,2020-08-10
4946,Nina Taylor,nina.taylor4946@example.com,62,Jaipur,2020-12-06
4947,Ivan Martin,ivan.martin4947@example.com,51,Kolkata,2023-02-10
4948,Quinn Hall,quinn.hall4948@example.com,55,Hyderabad,2025-05-23
4949,Sam Davis,sam.davis4949@example.com,74,Mumbai,2020-11-18
4950,Tina Anderson,tina.anderson4950@example.com,60,Bangalore,2021-03-17
4951,Oscar Garcia,oscar.garcia4951@example.com,29,Bangalore,2024-09-09
4952,Oscar Miller,oscar.miller4952@example.com,38,Berlin,2023-05-26
4953,Grace Hall,grace.hall4953@example.com,64,Pune,2024-04-29
4954,Alice Taylor,alice.taylor4954@example.com,43,Berlin,2022-02-08
4955,Rita Wilson,rita.wilson4955@example.com,23,Jaipur,2023-04-05
4956,Diana Lee,diana.lee4956@example.com,62,Paris,2025-01-18
4957,Bob Taylor,bob.taylor4957@example.com,65,Kolkata,2022-12-28
4958,Diana Anderson,diana.anderson4958@example.com,48,Toronto,2025-02-05
4959,Sam Martin,sam.martin4959@example.com,65,Jaipur,2020-10-03
4960,Bob Anderson,bob.anderson4960@example.com,29,Delhi,2024-11-28
4961,Heidi Lee,heidi.lee4961@example.com,26,Tokyo,2025-02-02
4962,Bob Anderson,bob.anderson4962@example.com,72,Bangalore,2023-01-18
4963,Charlie Taylor,charlie.taylor4963@example.com,52,Delhi,2020-06-20
4964,Karl Anderson,karl.anderson4964@example.com,52,London,2021-06-15
4965,Ivan Davis,ivan.davis4965@example.com,53,Paris,2024-08-22
4966,Frank Smith,frank.smith4966@example.com,45,Mumbai,2024-10-07
4967,Grace Brown,grace.brown4967@example.com,69,Pune,2021-03-27
4968,Charlie Anderson,charlie.anderson4968@example.com,27,Bangalore,2022-06-24
4969,Charlie Garcia,charlie.garcia4969@example.com,64,Chennai,2023-01-24
4970,Charlie Martin,charlie.martin4970@example.com,66,Sydney,2022-08-01
4971,Frank Moore,frank.moore4971@example.com,35,Jaipur,2021-11-22
4972,Alice Smith,alice.smith4972@example.com,66,New York,2024-05-16
4973,Alice Lee,alice.lee4973@example.com,60,Kolkata,2020-02-19
4974,Alice Johnson,alice.johnson4974@example.com,38,Paris,2024-03-31
4975,Sam Johnson,sam.johnson4975@example.com,23,Kolkata,2021-01-24
4976,Pam Lee,pam.lee4976@example.com,24,Mumbai,2024-05-23
4977,Rita Moore,rita.moore4977@example.com,41,New York,2024-05-31
4978,Tina Smith,tina.smith4978@example.com,64,Paris,2021-12-24
4979,Karl Garcia,karl.garcia4979@example.com,61,London,2024-06-15
4980,Quinn Moore,quinn.moore4980@example.com,36,Pune,2021-08-21
4981,Ivan Brown,ivan.brown4981@example.com,23,Delhi,2024-07-22
4982,Eve Thomas,eve.thomas4982@example.com,60,Bangalore,2023-01-10
4983,Pam Miller,pam.miller4983@example.com,49,Delhi,2025-02-07
4984,Charlie Brown,charlie.brown4984@example.com,29,Jaipur,2024-04-12
4985,Judy Anderson,judy.anderson4985@example.com,57,Pune,2020-03-27
4986,Karl Garcia,karl.garcia4986@example.com,48,New York,2022-11-04
4987,Nina Wilson,nina.wilson4987@example.com,19,New York,2023-05-12
4988,Bob Smith,bob.smith4988@example.com,60,Berlin,2024-12-19
4989,Heidi Garcia,heidi.garcia4989@example.com,40,Chennai,2021-11-30
4990,Charlie Davis,charlie.davis4990@example.com,64,Delhi,2021-07-17
4991,Quinn Brown,quinn.brown4991@example.com,43,Toronto,2023-02-27
4992,Diana Taylor,diana.taylor4992@example.com,44,Paris,2024-06-21
4993,Ivan Anderson,ivan.anderson4993@example.com,32,Sydney,2022-01-26
4994,Bob Davis,bob.davis4994@example.com,37,Jaipur,2020-12-14
4995,Sam Garcia,sam.garcia4995@example.com,64,New York,2023-02-05
4996,Bob Moore,bob.moore4996@example.com,48,New York,2022-04-12
4997,Grace Taylor,grace.taylor4997@example.com,44,Bangalore,2024-10-19
4998,Tina Anderson,tina.anderson4998@example.com,47,Bangalore,2021-12-28
4999,Alice Lee,alice.lee4999@example.com,57,Pune,2023-07-27
5000,Quinn Brown,quinn.brown5000@example.com,26,London,2020-05-04
5001,Ivan Lee,ivan.lee5001@example.com,21,Hyderabad,2020-09-07
5002,Mike Miller,mike.miller5002@example.com,71,Delhi,2020-09-11
5003,Rita Hall,rita.hall5003@example.com,51,Kolkata,2020-01-11
5004,Ivan Moore,ivan.moore5004@example.com,64,Berlin,2025-05-24
5005,Frank Anderson,frank.anderson5005@example.com,48,Mumbai,2024-12-08
5006,Heidi Anderson,heidi.anderson5006@example.com,30,Toronto,2024-01-10
5007,Grace Anderson,grace.anderson5007@example.com,59,London,2022-03-29
5008,Ivan Taylor,ivan.taylor5008@example.com,27,Chennai,2020-05-14
5009,Eve Martin,eve.martin5009@example.com,43,Bangalore,2023-10-20
5010,Judy Martin,judy.martin5010@example.com,28,Delhi,2023-03-16
5011,Judy Garcia,judy.garcia5011@example.com,37,Paris,2020-02-12
5012,Heidi Hall,heidi.hall5012@example.com,44,Pune,2024-01-08
5013,Eve Davis,eve.davis5013@example.com,64,Kolkata,2024-09-26
5014,Quinn Garcia,quinn.garcia5014@example.com,31,London,2021-09-26
5015,Ivan Johnson,ivan.johnson5015@example.com,47,Jaipur,2020-03-24
5016,Mike Miller,mike.miller5016@example.com,58,Toronto,2020-11-16
5017,Lena Lee,lena.lee5017@example.com,41,Pune,2021-08-18
5018,Bob Brown,bob.brown5018@example.com,43,Pune,2021-04-14
5019,Lena Davis,lena.davis5019@example.com,52,Chennai,2021-01-17
5020,Judy Taylor,judy.taylor5020@example.com,73,Hyderabad,2024-02-02
5021,Alice Moore,alice.moore5021@example.com,23,Mumbai,2022-02-11
5022,Judy Garcia,judy.garcia5022@example.com,68,Berlin,2024-11-02
5023,Judy Anderson,judy.anderson5023@example.com,54,Jaipur,2022-12-22
5024,Quinn Hall,quinn.hall5024@example.com,19,Pune,2021-04-07
5025,Diana Davis,diana.davis5025@example.com,33,Delhi,2023-11-29
5026,Quinn Anderson,quinn.anderson5026@example.com,29,Jaipur,2021-07-18
5027,Karl Martin,karl.martin5027@example.com,26,Mumbai,2023-06-03
5028,Bob Moore,bob.moore5028@example.com,62,Sydney,2020-03-17
5029,Judy Moore,judy.moore5029@example.com,58,New York,2024-10-12
5030,Judy Taylor,judy.taylor5030@example.com,31,Hyderabad,2021-03-18
5031,Grace Lee,grace.lee5031@example.com,70,Sydney,2021-02-01
5032,Quinn Miller,quinn.miller5032@example.com,55,Sydney,2024-12-14
5033,Diana Garcia,diana.garcia5033@example.com,64,Tokyo,2024-07-10
5034,Eve Lee,eve.lee5034@example.com,24,London,2020-07-12
5035,Tina Wilson,tina.wilson5035@example.com,51,Mumbai,2024-01-17
5036,Diana Anderson,diana.anderson5036@example.com,21,Bangalore,2025-06-21
5037,Grace Taylor,grace.taylor5037@example.com,55,London,2023-07-16
5038,Grace Wilson,grace.wilson5038@example.com,31,Paris,2022-04-09
5039,Karl Taylor,karl.taylor5039@example.com,20,Hyderabad,2022-04-12
5040,Bob Martin,bob.martin5040@example.com,22,London,2025-02-23
5041,Tina Lee,tina.lee5041@example.com,50,Mumbai,2024-04-02
5042,Karl Garcia,karl.garcia5042@example.com,24,Mumbai,2025-05-21
5043,Quinn Walker,quinn.walker5043@example.com,44,Pune,2023-02-05
5044,Quinn Hall,quinn.hall5044@example.com,18,New York,2025-02-09
5045,Frank Taylor,frank.taylor5045@example.com,70,New York,2024-07-18
5046,Alice Thomas,alice.thomas5046@example.com,24,Sydney,2024-05-13
5047,Nina Johnson,nina.johnson5047@example.com,53,Paris,2024-09-11
5048,Tina Anderson,tina.anderson5048@example.com,18,Tokyo,2023-11-10
5049,Mike Davis,mike.davis5049@example.com,48,Chennai,2023-12-10
5050,Pam Miller,pam.miller5050@example.com,64,Berlin,2024-08-12
5051,Tina Johnson,tina.johnson5051@example.com,64,Hyderabad,2022-04-30
5052,Alice Hall,alice.hall5052@example.com,57,Chennai,2021-03-13
5053,Mike Davis,mike.davis5053@example.com,57,Pune,2021-12-09
5054,Eve Hall,eve.hall5054@example.com,21,London,2021-09-29
5055,Tina Johnson,tina.johnson5055@example.com,69,London,2024-11-18
5056,Quinn Moore,quinn.moore5056@example.com,67,Bangalore,2021-08-10
5057,Diana Anderson,diana.anderson5057@example.com,36,Tokyo,2021-04-18
5058,Mike Anderson,mike.anderson5058@example.com,48,Sydney,2024-09-12
5059,Alice Thomas,alice.thomas5059@example.com,26,Pune,2022-04-14
5060,Grace Brown,grace.brown5060@example.com,70,Kolkata,2020-11-18
5061,Grace Thomas,grace.thomas5061@example.com,56,Delhi,2020-10-29
5062,Charlie Taylor,charlie.taylor5062@example.com,46,Berlin,2021-11-17
5063,Karl Garcia,karl.garcia5063@example.com,22,London,2021-06-06
5064,Bob Martin,bob.martin5064@example.com,65,Jaipur,2024-02-05
5065,Judy Brown,judy.brown5065@example.com,51,Delhi,2022-04-14
5066,Bob Walker,bob.walker5066@example.com,41,Chennai,2020-02-13
5067,Karl Taylor,karl.taylor5067@example.com,49,Hyderabad,2022-03-20
5068,Nina Garcia,nina.garcia5068@example.com,68,Kolkata,2020-04-04
5069,Quinn Martin,quinn.martin5069@example.com,24,London,2024-03-08
5070,Eve Garcia,eve.garcia5070@example.com,67,Jaipur,2020-02-06
5071,Bob Taylor,bob.taylor5071@example.com,73,New York,2022-12-01
5072,Grace Davis,grace.davis5072@example.com,42,Toronto,2024-12-16
5073,Tina Johnson,tina.johnson5073@example.com,70,Jaipur,2024-04-11
5074,Alice Garcia,alice.garcia5074@example.com,27,Chennai,2022-07-22
5075,Charlie Davis,charlie.davis5075@example.com,65,Tokyo,2020-07-23
5076,Frank Lee,frank.lee5076@example.com,31,Berlin,2025-01-12
5077,Karl Davis,karl.davis5077@example.com,21,Jaipur,2022-05-30
5078,Quinn Anderson,quinn.anderson5078@example.com,29,Toronto,2023-03-17
5079,Diana Wilson,diana.wilson5079@example.com,58,Jaipur,2022-09-20
5080,Nina Lee,nina.lee5080@example.com,53,Chennai,2025-01-22
5081,Eve Thomas,eve.thomas5081@example.com,31,Delhi,2024-08-29
5082,Ivan Miller,ivan.miller5082@example.com,65,New York,2020-08-25
5083,Heidi Miller,heidi.miller5083@example.com,75,Delhi,2020-01-11
5084,Quinn Wilson,quinn.wilson5084@example.com,67,Tokyo,2021-12-02
5085,Judy Taylor,judy.taylor5085@example.com,48,Jaipur,2023-09-28
5086,Rita Martin,rita.martin5086@example.com,75,Delhi,2020-10-06
5087,Nina Smith,nina.smith5087@example.com,31,Tokyo,2023-08-14
5088,Lena Thomas,lena.thomas5088@example.com,64,London,2020-04-19
5089,Diana Moore,diana.moore5089@example.com,41,Mumbai,2023-11-16
5090,Alice Thomas,alice.thomas5090@example.com,70,New York,2022-11-05
5091,Lena Thomas,lena.thomas5091@example.com,55,Kolkata,2020-05-12
5092,Judy Miller,judy.miller5092@example.com,54,Paris,2025-03-29
5093,Alice Martin,alice.martin5093@example.com,46,Berlin,2023-04-08
5094,Frank Garcia,frank.garcia5094@example.com,66,Bangalore,2023-12-17
5095,Sam Thomas,sam.thomas5095@example.com,58,Toronto,2024-04-19
5096,Tina Thomas,tina.thomas5096@example.com,69,Toronto,2024-11-15
5097,Judy Walker,judy.walker5097@example.com,53,Chennai,2023-05-23
5098,Tina Martin,tina.martin5098@example.com,64,Chennai,2023-10-21
5099,Oscar Johnson,oscar.johnson5099@example.com,74,Delhi,2021-08-28
5100,Eve Anderson,eve.anderson5100@example.com,68,Sydney,2023-04-01
5101,Mike Moore,mike.moore5101@example.com,54,Tokyo,2020-10-27
5102,Karl Thomas,karl.thomas5102@example.com,24,Berlin,2020-02-13
5103,Quinn Hall,quinn.hall5103@example.com,37,Bangalore,2023-06-21
5104,Grace Brown,grace.brown5104@example.com,74,Tokyo,2020-08-09
5105,Frank Walker,frank.walker5105@example.com,67,Pune,2024-08-05
5106,Heidi Miller,heidi.miller5106@example.com,67,Paris,2024-05-08
5107,Nina Garcia,nina.garcia5107@example.com,54,Delhi,2025-05-21
5108,Bob Garcia,bob.garcia5108@example.com,57,Kolkata,2020-02-17
5109,Rita Wilson,rita.wilson5109@example.com,27,Toronto,2023-08-04
5110,Diana Wilson,diana.wilson5110@example.com,66,Toronto,2025-06-14
5111,Alice Moore,alice.moore5111@example.com,46,Paris,2024-03-14
5112,Grace Miller,grace.miller5112@example.com,53,Kolkata,2021-04-12
5113,Quinn Thomas,quinn.thomas5113@example.com,32,Sydney,2023-10-04
5114,Tina Hall,tina.hall5114@example.com,41,Chennai,2021-05-14
5115,Quinn Brown,quinn.brown5115@example.com,60,Hyderabad,2023-02-23
5116,Alice Walker,alice.walker5116@example.com,70,Berlin,2024-08-22
5117,Alice Hall,alice.hall5117@example.com,40,Toronto,2024-12-22
5118,Diana Brown,diana.brown5118@example.com,75,Kolkata,2023-03-05
5119,Tina Garcia,tina.garcia5119@example.com,39,New York,2023-01-29
5120,Eve Garcia,eve.garcia5120@example.com,55,Pune,2022-01-04
5121,Rita Moore,rita.moore5121@example.com,27,Toronto,2023-09-15
5122,Ivan Johnson,ivan.johnson5122@example.com,68,Delhi,2022-02-22
5123,Sam Garcia,sam.garcia5123@example.com,40,Toronto,2023-07-14
5124,Charlie Hall,charlie.hall5124@example.com,71,Tokyo,2020-01-31
5125,Rita Wilson,rita.wilson5125@example.com,69,Toronto,2020-07-20
5126,Eve Lee,eve.lee5126@example.com,30,Pune,2022-12-18
5127,Karl Thomas,karl.thomas5127@example.com,39,Hyderabad,2024-03-16
5128,Diana Miller,diana.miller5128@example.com,71,Tokyo,2024-05-10
5129,Ivan Garcia,ivan.garcia5129@example.com,52,Paris,2021-05-07
5130,Sam Lee,sam.lee5130@example.com,67,Berlin,2024-10-06
5131,Quinn Miller,quinn.miller5131@example.com,58,Hyderabad,2020-03-24
5132,Alice Walker,alice.walker5132@example.com,28,Mumbai,2024-03-20
5133,Heidi Smith,heidi.smith5133@example.com,18,Chennai,2024-10-11
5134,Quinn Garcia,quinn.garcia5134@example.com,56,Toronto,2025-02-01
5135,Mike Johnson,mike.johnson5135@example.com,21,London,2024-09-03
5136,Mike Anderson,mike.anderson5136@example.com,30,London,2020-06-15
5137,Grace Walker,grace.walker5137@example.com,57,Sydney,2024-08-13
5138,Alice Smith,alice.smith5138@example.com,22,Toronto,2022-12-16
5139,Bob Thomas,bob.thomas5139@example.com,59,Berlin,2020-06-13
5140,Judy Moore,judy.moore5140@example.com,56,London,2024-10-22
5141,Karl Smith,karl.smith5141@example.com,47,Toronto,2024-05-03
5142,Frank Walker,frank.walker5142@example.com,58,Delhi,2021-02-05
5143,Sam Wilson,sam.wilson5143@example.com,59,Toronto,2023-07-08
5144,Eve Smith,eve.smith5144@example.com,64,Sydney,2021-03-27
5145,Ivan Miller,ivan.miller5145@example.com,19,Hyderabad,2022-10-11
5146,Oscar Wilson,oscar.wilson5146@example.com,56,Berlin,2022-03-11
5147,Frank Smith,frank.smith5147@example.com,63,Mumbai,2024-12-18
5148,Eve Martin,eve.martin5148@example.com,43,Pune,2024-11-02
5149,Nina Moore,nina.moore5149@example.com,26,Bangalore,2020-10-07
5150,Lena Smith,lena.smith5150@example.com,53,Pune,2020-07-07
5151,Pam Martin,pam.martin5151@example.com,58,Jaipur,2022-08-29
5152,Mike Hall,mike.hall5152@example.com,21,Paris,2023-03-03
5153,Tina Johnson,tina.johnson5153@example.com,67,Pune,2021-06-23
5154,Alice Garcia,alice.garcia5154@example.com,51,Chennai,2022-12-28
5155,Ivan Johnson,ivan.johnson5155@example.com,30,Tokyo,2021-02-19
5156,Oscar Taylor,oscar.taylor5156@example.com,23,Hyderabad,2020-09-28
5157,Karl Davis,karl.davis5157@example.com,63,Hyderabad,2020-12-16
5158,Grace Davis,grace.davis5158@example.com,43,London,2022-08-14
5159,Rita Hall,rita.hall5159@example.com,23,Mumbai,2020-01-22
5160,Grace Walker,grace.walker5160@example.com,75,Hyderabad,2020-12-02
5161,Diana Johnson,diana.johnson5161@example.com,56,Paris,2020-01-01
5162,Mike Johnson,mike.johnson5162@example.com,32,Pune,2022-05-14
5163,Heidi Walker,heidi.walker5163@example.com,50,Chennai,2021-10-12
5164,Eve Wilson,eve.wilson5164@example.com,49,Delhi,2023-03-20
5165,Lena Garcia,lena.garcia5165@example.com,25,Tokyo,2021-03-22
5166,Oscar Johnson,oscar.johnson5166@example.com,75,Chennai,2023-01-21
5167,Judy Miller,judy.miller5167@example.com,34,Bangalore,2020-04-10
5168,Frank Walker,frank.walker5168@example.com,55,Sydney,2020-04-07
5169,Eve Walker,eve.walker5169@example.com,43,Berlin,2022-11-11
5170,Bob Walker,bob.walker5170@example.com,24,Toronto,2021-07-18
5171,Judy Smith,judy.smith5171@example.com,33,Mumbai,2021-02-23
5172,Ivan Walker,ivan.walker5172@example.com,24,Toronto,2022-08-21
5173,Rita Johnson,rita.johnson5173@example.com,27,Hyderabad,2022-08-06
5174,Pam Moore,pam.moore5174@example.com,50,Paris,2025-02-17
5175,Frank Johnson,frank.johnson5175@example.com,18,Jaipur,2020-11-26
5176,Charlie Hall,charlie.hall5176@example.com,49,Hyderabad,2024-08-07
5177,Sam Anderson,sam.anderson5177@example.com,70,Paris,2020-07-28
5178,Grace Miller,grace.miller5178@example.com,51,Hyderabad,2025-06-17
5179,Nina Brown,nina.brown5179@example.com,54,Delhi,2021-11-27
5180,Pam Lee,pam.lee5180@example.com,64,Chennai,2023-05-27
5181,Oscar Taylor,oscar.taylor5181@example.com,66,Toronto,2024-11-09
5182,Heidi Walker,heidi.walker5182@example.com,70,Delhi,2021-05-12
5183,Diana Walker,diana.walker5183@example.com,50,Paris,2023-01-18
5184,Karl Garcia,karl.garcia5184@example.com,19,Sydney,2021-04-13
5185,Sam Lee,sam.lee5185@example.com,46,Kolkata,2020-02-16
5186,Pam Lee,pam.lee5186@example.com,62,Bangalore,2023-01-20
5187,Nina Garcia,nina.garcia5187@example.com,61,Hyderabad,2020-08-31
5188,Oscar Wilson,oscar.wilson5188@example.com,62,New York,2022-04-04
5189,Pam Taylor,pam.taylor5189@example.com,75,Toronto,2022-11-27
5190,Eve Walker,eve.walker5190@example.com,68,New York,2022-01-17
5191,Alice Garcia,alice.garcia5191@example.com,52,Paris,2020-06-21
5192,Frank Brown,frank.brown5192@example.com,32,Chennai,2021-12-16
5193,Karl Moore,karl.moore5193@example.com,28,London,2022-03-16
5194,Lena Smith,lena.smith5194@example.com,67,Sydney,2023-01-09
5195,Oscar Hall,oscar.hall5195@example.com,24,Chennai,2021-06-26
5196,Mike Thomas,mike.thomas5196@example.com,27,Kolkata,2020-05-29
5197,Quinn Moore,quinn.moore5197@example.com,67,Hyderabad,2020-12-22
5198,Charlie Thomas,charlie.thomas5198@example.com,26,Sydney,2023-03-08
5199,Mike Wilson,mike.wilson5199@example.com,66,Bangalore,2025-05-09
5200,Bob Anderson,bob.anderson5200@example.com,55,Delhi,2024-05-01
5201,Ivan Taylor,ivan.taylor5201@example.com,45,Bangalore,2023-06-01
5202,Rita Miller,rita.miller5202@example.com,68,Delhi,2024-11-12
5203,Alice Brown,alice.brown5203@example.com,26,Hyderabad,2025-02-24
5204,Bob Walker,bob.walker5204@example.com,39,Pune,2020-03-10
5205,Tina Martin,tina.martin5205@example.com,64,Tokyo,2023-09-18
5206,Rita Garcia,rita.garcia5206@example.com,64,Bangalore,2024-01-07
5207,Ivan Anderson,ivan.anderson5207@example.com,36,Chennai,2020-09-23
5208,Judy Hall,judy.hall5208@example.com,56,Sydney,2024-09-28
5209,Tina Anderson,tina.anderson5209@example.com,53,Chennai,2020-05-15
5210,Charlie Miller,charlie.miller5210@example.com,40,Mumbai,2023-07-06
5211,Rita Anderson,rita.anderson5211@example.com,47,Pune,2024-03-18
5212,Bob Martin,bob.martin5212@example.com,59,Mumbai,2020-07-06
5213,Lena Hall,lena.hall5213@example.com,29,Tokyo,2025-01-07
5214,Rita Garcia,rita.garcia5214@example.com,46,Toronto,2022-09-05
5215,Grace Anderson,grace.anderson5215@example.com,67,Chennai,2021-01-17
5216,Alice Hall,alice.hall5216@example.com,57,Mumbai,2021-07-16
5217,Mike Lee,mike.lee5217@example.com,22,Bangalore,2020-05-10
5218,Oscar Wilson,oscar.wilson5218@example.com,57,Delhi,2022-10-05
5219,Mike Anderson,mike.anderson5219@example.com,27,Jaipur,2023-07-01
5220,Sam Hall,sam.hall5220@example.com,45,Delhi,2022-10-15
5221,Eve Walker,eve.walker5221@example.com,71,Paris,2021-10-17
5222,Quinn Thomas,quinn.thomas5222@example.com,30,Mumbai,2024-03-15
5223,Bob Lee,bob.lee5223@example.com,59,Delhi,2021-10-13
5224,Quinn Smith,quinn.smith5224@example.com,43,Chennai,2021-01-16
5225,Heidi Davis,heidi.davis5225@example.com,21,Kolkata,2021-07-05
5226,Alice Moore,alice.moore5226@example.com,75,Jaipur,2022-01-08
5227,Mike Garcia,mike.garcia5227@example.com,64,Bangalore,2021-11-10
5228,Oscar Thomas,oscar.thomas5228@example.com,20,New York,2023-10-10
5229,Diana Brown,diana.brown5229@example.com,35,Hyderabad,2023-01-14
5230,Frank Lee,frank.lee5230@example.com,65,Sydney,2024-10-11
5231,Lena Miller,lena.miller5231@example.com,34,Paris,2025-03-28
5232,Quinn Garcia,quinn.garcia5232@example.com,47,Bangalore,2022-03-18
5233,Grace Brown,grace.brown5233@example.com,40,Jaipur,2024-07-27
5234,Tina Miller,tina.miller5234@example.com,29,Chennai,2021-05-20
5235,Eve Moore,eve.moore5235@example.com,52,Kolkata,2023-03-25
5236,Ivan Lee,ivan.lee5236@example.com,43,Jaipur,2024-11-09
5237,Heidi Walker,heidi.walker5237@example.com,30,Delhi,2025-05-21
5238,Sam Hall,sam.hall5238@example.com,24,Sydney,2022-04-09
5239,Frank Miller,frank.miller5239@example.com,23,Chennai,2023-10-25
5240,Karl Brown,karl.brown5240@example.com,52,Pune,2021-11-22
5241,Pam Brown,pam.brown5241@example.com,39,Toronto,2020-12-09
5242,Sam Brown,sam.brown5242@example.com,43,Bangalore,2021-03-29
5243,Heidi Davis,heidi.davis5243@example.com,51,Bangalore,2024-05-19
5244,Lena Johnson,lena.johnson5244@example.com,32,Jaipur,2025-04-08
5245,Quinn Johnson,quinn.johnson5245@example.com,53,Kolkata,2022-03-12
5246,Lena Davis,lena.davis5246@example.com,19,Chennai,2022-09-29
5247,Quinn Miller,quinn.miller5247@example.com,42,Jaipur,2023-02-18
5248,Karl Smith,karl.smith5248@example.com,57,Sydney,2024-03-28
5249,Pam Lee,pam.lee5249@example.com,61,Berlin,2024-08-16
5250,Ivan Taylor,ivan.taylor5250@example.com,18,Tokyo,2021-09-19
5251,Tina Johnson,tina.johnson5251@example.com,74,Chennai,2025-01-04
5252,Quinn Walker,quinn.walker5252@example.com,54,London,2025-03-12
5253,Diana Hall,diana.hall5253@example.com,48,Bangalore,2022-09-18
5254,Frank Smith,frank.smith5254@example.com,30,Delhi,2024-09-02
5255,Karl Thomas,karl.thomas5255@example.com,33,Berlin,2024-06-12
5256,Bob Johnson,bob.johnson5256@example.com,71,Sydney,2021-03-06
5257,Mike Miller,mike.miller5257@example.com,23,Sydney,2021-08-24
5258,Oscar Johnson,oscar.johnson5258@example.com,38,Jaipur,2021-11-02
5259,Grace Johnson,grace.johnson5259@example.com,31,Kolkata,2020-12-21
5260,Lena Thomas,lena.thomas5260@example.com,74,Tokyo,2024-08-01
5261,Nina Wilson,nina.wilson5261@example.com,64,Jaipur,2025-04-30
5262,Quinn Johnson,quinn.johnson5262@example.com,33,Pune,2022-05-22
5263,Oscar Walker,oscar.walker5263@example.com,38,New York,2020-02-02
5264,Tina Miller,tina.miller5264@example.com,72,Paris,2023-11-28
5265,Diana Miller,diana.miller5265@example.com,67,Pune,2020-06-27
5266,Bob Lee,bob.lee5266@example.com,40,Paris,2022-07-24
5267,Mike Thomas,mike.thomas5267@example.com,51,London,2023-11-26
5268,Sam Anderson,sam.anderson5268@example.com,48,Delhi,2020-05-03
5269,Tina Martin,tina.martin5269@example.com,71,Paris,2024-03-31
5270,Pam Smith,pam.smith5270@example.com,35,Sydney,2020-09-22
5271,Heidi Walker,heidi.walker5271@example.com,50,Delhi,2023-02-16
5272,Lena Garcia,lena.garcia5272@example.com,28,Hyderabad,2020-10-07
5273,Karl Anderson,karl.anderson5273@example.com,69,Hyderabad,2024-07-15
5274,Nina Garcia,nina.garcia5274@example.com,21,Sydney,2024-11-04
5275,Sam Anderson,sam.anderson5275@example.com,44,Pune,2024-03-24
5276,Oscar Anderson,oscar.anderson5276@example.com,46,Berlin,2021-09-03
5277,Frank Brown,frank.brown5277@example.com,49,Kolkata,2021-11-22
5278,Quinn Davis,quinn.davis5278@example.com,65,Hyderabad,2023-10-02
5279,Ivan Anderson,ivan.anderson5279@example.com,58,Sydney,2024-02-09
5280,Sam Garcia,sam.garcia5280@example.com,41,Pune,2024-11-10
5281,Karl Lee,karl.lee5281@example.com,63,Jaipur,2023-06-10
5282,Judy Brown,judy.brown5282@example.com,50,Paris,2021-09-15
5283,Tina Hall,tina.hall5283@example.com,25,London,2024-07-21
5284,Nina Davis,nina.davis5284@example.com,19,Paris,2025-03-24
5285,Alice Hall,alice.hall5285@example.com,20,New York,2020-11-15
5286,Judy Davis,judy.davis5286@example.com,58,Tokyo,2023-04-15
5287,Heidi Johnson,heidi.johnson5287@example.com,33,Paris,2023-08-09
5288,Diana Lee,diana.lee5288@example.com,38,Jaipur,2021-10-11
5289,Charlie Taylor,charlie.taylor5289@example.com,18,Sydney,2021-11-27
5290,Pam Smith,pam.smith5290@example.com,51,Tokyo,2023-07-21
5291,Nina Anderson,nina.anderson5291@example.com,65,Paris,2023-10-28
5292,Diana Miller,diana.miller5292@example.com,37,Berlin,2024-10-09
5293,Quinn Anderson,quinn.anderson5293@example.com,57,Toronto,2022-03-01
5294,Sam Thomas,sam.thomas5294@example.com,63,Mumbai,2020-10-22
5295,Pam Walker,pam.walker5295@example.com,62,Hyderabad,2021-03-30
5296,Nina Wilson,nina.wilson5296@example.com,75,Chennai,2024-06-03
5297,Oscar Martin,oscar.martin5297@example.com,36,Chennai,2022-04-26
5298,Eve Martin,eve.martin5298@example.com,18,Paris,2022-01-20
5299,Quinn Martin,quinn.martin5299@example.com,63,Paris,2025-02-25
5300,Lena Miller,lena.miller5300@example.com,31,London,2022-12-12
5301,Grace Lee,grace.lee5301@example.com,70,Paris,2023-12-20
5302,Rita Lee,rita.lee5302@example.com,70,London,2024-02-18
5303,Eve Taylor,eve.taylor5303@example.com,71,London,2020-09-15
5304,Grace Thomas,grace.thomas5304@example.com,27,Hyderabad,2024-09-18
5305,Alice Moore,alice.moore5305@example.com,37,Bangalore,2020-07-08
5306,Bob Garcia,bob.garcia5306@example.com,65,New York,2024-12-18
5307,Charlie Anderson,charlie.anderson5307@example.com,33,Toronto,2021-06-21
5308,Pam Brown,pam.brown5308@example.com,31,Kolkata,2023-02-06
5309,Oscar Davis,oscar.davis5309@example.com,19,Delhi,2020-12-04
5310,Pam Garcia,pam.garcia5310@example.com,51,Kolkata,2020-06-27
5311,Oscar Brown,oscar.brown5311@example.com,68,Paris,2025-01-16
5312,Lena Wilson,lena.wilson5312@example.com,47,Sydney,2021-06-17
5313,Lena Anderson,lena.anderson5313@example.com,58,Berlin,2022-09-17
5314,Eve Garcia,eve.garcia5314@example.com,27,Jaipur,2023-03-15
5315,Bob Davis,bob.davis5315@example.com,27,Bangalore,2020-07-03
5316,Quinn Walker,quinn.walker5316@example.com,67,Jaipur,2023-10-03
5317,Oscar Garcia,oscar.garcia5317@example.com,75,Chennai,2023-02-08
5318,Heidi Martin,heidi.martin5318@example.com,24,Toronto,2020-04-18
5319,Rita Walker,rita.walker5319@example.com,29,Kolkata,2022-06-19
5320,Diana Moore,diana.moore5320@example.com,48,Paris,2020-05-09
5321,Oscar Moore,oscar.moore5321@example.com,31,Tokyo,2022-06-26
5322,Grace Hall,grace.hall5322@example.com,54,Chennai,2023-04-08
5323,Frank Walker,frank.walker5323@example.com,19,Sydney,2021-01-07
5324,Frank Brown,frank.brown5324@example.com,54,Bangalore,2025-02-05
5325,Tina Taylor,tina.taylor5325@example.com,65,Toronto,2024-12-10
5326,Frank Johnson,frank.johnson5326@example.com,64,Toronto,2024-06-25
5327,Karl Moore,karl.moore5327@example.com,72,Bangalore,2020-06-03
5328,Judy Taylor,judy.taylor5328@example.com,53,Delhi,2020-10-21
5329,Heidi Hall,heidi.hall5329@example.com,28,Sydney,2023-08-30
5330,Lena Martin,lena.martin5330@example.com,33,Pune,2023-03-28
5331,Rita Taylor,rita.taylor5331@example.com,38,Delhi,2025-04-08
5332,Judy Miller,judy.miller5332@example.com,44,London,2022-09-28
5333,Oscar Martin,oscar.martin5333@example.com,65,Hyderabad,2022-10-06
5334,Heidi Brown,heidi.brown5334@example.com,69,Toronto,2021-08-16
5335,Heidi Smith,heidi.smith5335@example.com,54,Sydney,2021-06-18
5336,Ivan Thomas,ivan.thomas5336@example.com,69,Pune,2022-10-17
5337,Tina Martin,tina.martin5337@example.com,64,London,2021-01-04
5338,Oscar Thomas,oscar.thomas5338@example.com,70,Jaipur,2024-10-28
5339,Sam Wilson,sam.wilson5339@example.com,18,Paris,2023-03-15
5340,Frank Wilson,frank.wilson5340@example.com,22,Paris,2020-04-23
5341,Karl Taylor,karl.taylor5341@example.com,60,Hyderabad,2023-05-05
5342,Oscar Lee,oscar.lee5342@example.com,51,Hyderabad,2022-10-16
5343,Diana Taylor,diana.taylor5343@example.com,49,Kolkata,2025-01-07
5344,Karl Brown,karl.brown5344@example.com,55,Delhi,2025-04-21
5345,Quinn Taylor,quinn.taylor5345@example.com,26,Paris,2020-02-27
5346,Diana Brown,diana.brown5346@example.com,68,Sydney,2022-03-24
5347,Bob Anderson,bob.anderson5347@example.com,30,Paris,2020-03-18
5348,Bob Miller,bob.miller5348@example.com,66,Delhi,2022-09-28
5349,Tina Lee,tina.lee5349@example.com,61,Hyderabad,2022-08-11
5350,Quinn Anderson,quinn.anderson5350@example.com,50,Jaipur,2023-03-11
5351,Oscar Davis,oscar.davis5351@example.com,61,Tokyo,2023-11-20
5352,Lena Moore,lena.moore5352@example.com,50,Sydney,2021-01-13
5353,Heidi Moore,heidi.moore5353@example.com,52,Toronto,2025-03-07
5354,Bob Lee,bob.lee5354@example.com,71,Hyderabad,2024-03-17
5355,Bob Taylor,bob.taylor5355@example.com,19,Berlin,2021-09-10
5356,Heidi Hall,heidi.hall5356@example.com,42,Chennai,2020-06-16
5357,Sam Walker,sam.walker5357@example.com,68,Bangalore,2021-10-18
5358,Diana Wilson,diana.wilson5358@example.com,22,Sydney,2024-09-06
5359,Frank Taylor,frank.taylor5359@example.com,73,Kolkata,2023-03-14
5360,Charlie Smith,charlie.smith5360@example.com,67,Paris,2023-08-09
5361,Sam Brown,sam.brown5361@example.com,67,Hyderabad,2024-02-03
5362,Sam Martin,sam.martin5362@example.com,40,Chennai,2020-02-19
5363,Charlie Miller,charlie.miller5363@example.com,30,Mumbai,2021-07-21
5364,Quinn Taylor,quinn.taylor5364@example.com,21,Bangalore,2024-08-13
5365,Grace Hall,grace.hall5365@example.com,18,Bangalore,2022-05-01
5366,Pam Johnson,pam.johnson5366@example.com,31,Chennai,2023-04-30
5367,Pam Johnson,pam.johnson5367@example.com,56,London,2020-10-24
5368,Mike Smith,mike.smith5368@example.com,58,Paris,2024-02-07
5369,Eve Johnson,eve.johnson5369@example.com,31,Paris,2020-08-29
5370,Oscar Garcia,oscar.garcia5370@example.com,47,Pune,2023-09-14
5371,Eve Smith,eve.smith5371@example.com,25,Bangalore,2024-04-28
5372,Charlie Johnson,charlie.johnson5372@example.com,25,Toronto,2022-04-04
5373,Diana Brown,diana.brown5373@example.com,29,New York,2020-09-04
5374,Tina Martin,tina.martin5374@example.com,20,Mumbai,2020-10-05
5375,Karl Moore,karl.moore5375@example.com,65,Hyderabad,2022-12-19
5376,Oscar Hall,oscar.hall5376@example.com,33,Tokyo,2025-03-10
5377,Tina Martin,tina.martin5377@example.com,64,Tokyo,2020-03-16
5378,Judy Thomas,judy.thomas5378@example.com,30,Toronto,2022-02-17
5379,Karl Taylor,karl.taylor5379@example.com,52,New York,2023-09-14
5380,Frank Wilson,frank.wilson5380@example.com,59,Hyderabad,2023-09-24
5381,Judy Lee,judy.lee5381@example.com,51,London,2020-11-02
5382,Judy Brown,judy.brown5382@example.com,24,London,2021-08-05
5383,Alice Lee,alice.lee5383@example.com,53,Chennai,2022-03-19
5384,Quinn Brown,quinn.brown5384@example.com,39,Jaipur,2020-01-18
5385,Sam Moore,sam.moore5385@example.com,38,Paris,2020-11-03
5386,Tina Miller,tina.miller5386@example.com,42,Paris,2020-02-05
5387,Sam Taylor,sam.taylor5387@example.com,62,Jaipur,2022-01-21
5388,Lena Martin,lena.martin5388@example.com,42,Jaipur,2024-06-07
5389,Charlie Lee,charlie.lee5389@example.com,65,Kolkata,2023-09-03
5390,Alice Lee,alice.lee5390@example.com,31,Kolkata,2023-09-27
5391,Sam Thomas,sam.thomas5391@example.com,40,Paris,2024-05-14
5392,Sam Wilson,sam.wilson5392@example.com,70,New York,2024-05-08
5393,Diana Taylor,diana.taylor5393@example.com,47,London,2020-10-17
5394,Ivan Taylor,ivan.taylor5394@example.com,45,Hyderabad,2022-01-05
5395,Rita Davis,rita.davis5395@example.com,52,Sydney,2022-03-04
5396,Judy Lee,judy.lee5396@example.com,26,Tokyo,2024-09-29
5397,Alice Miller,alice.miller5397@example.com,22,Hyderabad,2024-02-29
5398,Eve Smith,eve.smith5398@example.com,27,Mumbai,2025-03-20
5399,Bob Garcia,bob.garcia5399@example.com,25,Sydney,2023-06-11
5400,Frank Wilson,frank.wilson5400@example.com,32,Delhi,2022-10-10
5401,Ivan Smith,ivan.smith5401@example.com,28,Bangalore,2023-06-22
5402,Bob Wilson,bob.wilson5402@example.com,64,Kolkata,2025-05-28
5403,Charlie Garcia,charlie.garcia5403@example.com,45,Jaipur,2023-04-24
5404,Alice Garcia,alice.garcia5404@example.com,32,Paris,2020-09-16
5405,Judy Anderson,judy.anderson5405@example.com,59,Hyderabad,2020-08-07
5406,Karl Davis,karl.davis5406@example.com,34,Jaipur,2020-11-20
5407,Alice Taylor,alice.taylor5407@example.com,62,Kolkata,2024-11-09
5408,Judy Smith,judy.smith5408@example.com,33,New York,2020-09-12
5409,Alice Thomas,alice.thomas5409@example.com,41,Hyderabad,2025-01-27
5410,Mike Wilson,mike.wilson5410@example.com,54,Hyderabad,2024-04-22
5411,Oscar Davis,oscar.davis5411@example.com,45,Hyderabad,2024-05-30
5412,Judy Thomas,judy.thomas5412@example.com,22,Sydney,2022-06-25
5413,Sam Moore,sam.moore5413@example.com,67,Sydney,2022-01-31
5414,Judy Garcia,judy.garcia5414@example.com,71,Paris,2025-04-20
5415,Heidi Miller,heidi.miller5415@example.com,48,Jaipur,2020-08-05
5416,Eve Walker,eve.walker5416@example.com,69,Berlin,2022-08-03
5417,Nina Smith,nina.smith5417@example.com,25,New York,2023-02-10
5418,Bob Lee,bob.lee5418@example.com,25,Pune,2024-05-23
5419,Quinn Johnson,quinn.johnson5419@example.com,20,Tokyo,2020-02-24
5420,Nina Anderson,nina.anderson5420@example.com,32,London,2022-07-09
5421,Mike Miller,mike.miller5421@example.com,66,London,2022-09-28
5422,Frank Garcia,frank.garcia5422@example.com,51,New York,2023-01-19
5423,Alice Anderson,alice.anderson5423@example.com,24,Pune,2024-01-28
5424,Lena Wilson,lena.wilson5424@example.com,24,Paris,2023-04-28
5425,Alice Walker,alice.walker5425@example.com,64,London,2025-06-18
5426,Karl Martin,karl.martin5426@example.com,21,Mumbai,2020-06-21
5427,Grace Anderson,grace.anderson5427@example.com,20,Toronto,2022-07-16
5428,Diana Taylor,diana.taylor5428@example.com,21,Mumbai,2023-12-30
5429,Heidi Davis,heidi.davis5429@example.com,23,New York,2024-07-23
5430,Judy Davis,judy.davis5430@example.com,51,Berlin,2022-10-04
5431,Judy Taylor,judy.taylor5431@example.com,69,Toronto,2020-12-24
5432,Diana Martin,diana.martin5432@example.com,30,New York,2020-02-05
5433,Sam Garcia,sam.garcia5433@example.com,29,Sydney,2022-12-24
5434,Quinn Moore,quinn.moore5434@example.com,40,Mumbai,2022-05-22
5435,Nina Thomas,nina.thomas5435@example.com,34,Mumbai,2020-03-01
5436,Grace Johnson,grace.johnson5436@example.com,53,New York,2021-11-14
5437,Grace Moore,grace.moore5437@example.com,69,Jaipur,2024-05-10
5438,Grace Thomas,grace.thomas5438@example.com,43,Paris,2024-08-11
5439,Oscar Hall,oscar.hall5439@example.com,34,Jaipur,2022-06-14
5440,Mike Garcia,mike.garcia5440@example.com,70,Paris,2020-06-10
5441,Lena Thomas,lena.thomas5441@example.com,22,Delhi,2021-05-07
5442,Eve Martin,eve.martin5442@example.com,72,Mumbai,2020-02-08
5443,Bob Smith,bob.smith5443@example.com,35,Toronto,2022-04-29
5444,Nina Johnson,nina.johnson5444@example.com,37,Sydney,2023-07-07
5445,Sam Smith,sam.smith5445@example.com,66,London,2024-06-16
5446,Diana Smith,diana.smith5446@example.com,46,Bangalore,2022-09-21
5447,Oscar Johnson,oscar.johnson5447@example.com,34,New York,2020-02-10
5448,Ivan Thomas,ivan.thomas5448@example.com,33,Delhi,2024-04-22
5449,Rita Johnson,rita.johnson5449@example.com,70,Kolkata,2023-02-26
5450,Ivan Thomas,ivan.thomas5450@example.com,18,Sydney,2021-05-25
5451,Charlie Davis,charlie.davis5451@example.com,68,Paris,2020-03-27
5452,Ivan Thomas,ivan.thomas5452@example.com,56,Delhi,2020-03-18
5453,Sam Miller,sam.miller5453@example.com,59,Jaipur,2023-05-09
5454,Pam Hall,pam.hall5454@example.com,43,Pune,2023-05-26
5455,Quinn Wilson,quinn.wilson5455@example.com,58,Tokyo,2023-08-20
5456,Charlie Taylor,charlie.taylor5456@example.com,47,Bangalore,2022-06-18
5457,Diana Walker,diana.walker5457@example.com,44,Toronto,2023-05-19
5458,Rita Martin,rita.martin5458@example.com,36,London,2022-04-21
5459,Mike Johnson,mike.johnson5459@example.com,27,Tokyo,2022-09-20
5460,Judy Smith,judy.smith5460@example.com,49,Mumbai,2023-03-15
5461,Ivan Taylor,ivan.taylor5461@example.com,32,Jaipur,2020-12-22
5462,Karl Garcia,karl.garcia5462@example.com,29,Tokyo,2024-02-18
5463,Quinn Moore,quinn.moore5463@example.com,55,Bangalore,2021-08-15
5464,Sam Thomas,sam.thomas5464@example.com,25,Bangalore,2022-07-02
5465,Alice Johnson,alice.johnson5465@example.com,63,Jaipur,2025-02-08
5466,Ivan Brown,ivan.brown5466@example.com,74,Toronto,2024-10-02
5467,Eve Smith,eve.smith5467@example.com,31,Mumbai,2020-04-14
5468,Quinn Wilson,quinn.wilson5468@example.com,70,Hyderabad,2023-01-12
5469,Frank Johnson,frank.johnson5469@example.com,23,Toronto,2020-04-22
5470,Frank Moore,frank.moore5470@example.com,60,Chennai,2020-02-26
5471,Ivan Johnson,ivan.johnson5471@example.com,72,Hyderabad,2025-01-21
5472,Rita Lee,rita.lee5472@example.com,23,Tokyo,2022-01-26
5473,Tina Thomas,tina.thomas5473@example.com,50,Bangalore,2022-10-30
5474,Sam Wilson,sam.wilson5474@example.com,75,Paris,2025-01-11
5475,Diana Johnson,diana.johnson5475@example.com,46,New York,2024-02-05
5476,Rita Anderson,rita.anderson5476@example.com,58,Bangalore,2025-05-29
5477,Judy Hall,judy.hall5477@example.com,60,Delhi,2020-03-03
5478,Charlie Anderson,charlie.anderson5478@example.com,43,Hyderabad,2021-06-16
5479,Judy Anderson,judy.anderson5479@example.com,26,Paris,2024-04-01
5480,Diana Wilson,diana.wilson5480@example.com,74,Hyderabad,2021-12-30
5481,Quinn Anderson,quinn.anderson5481@example.com,65,Hyderabad,2021-04-22
5482,Sam Wilson,sam.wilson5482@example.com,50,Sydney,2022-06-15
5483,Alice Anderson,alice.anderson5483@example.com,29,New York,2024-07-20
5484,Alice Miller,alice.miller5484@example.com,52,New York,2022-05-07
5485,Pam Davis,pam.davis5485@example.com,48,Chennai,2020-07-10
5486,Frank Walker,frank.walker5486@example.com,30,Toronto,2023-02-27
5487,Charlie Miller,charlie.miller5487@example.com,56,Toronto,2020-07-06
5488,Charlie Hall,charlie.hall5488@example.com,28,Delhi,2024-12-29
5489,Pam Moore,pam.moore5489@example.com,70,Bangalore,2021-07-07
5490,Frank Thomas,frank.thomas5490@example.com,60,Toronto,2023-02-20
5491,Quinn Brown,quinn.brown5491@example.com,47,Kolkata,2024-03-20
5492,Mike Thomas,mike.thomas5492@example.com,60,Hyderabad,2024-10-02
5493,Pam Moore,pam.moore5493@example.com,58,New York,2021-07-01
5494,Bob Thomas,bob.thomas5494@example.com,40,Tokyo,2024-01-01
5495,Diana Miller,diana.miller5495@example.com,75,Pune,2020-06-30
5496,Sam Garcia,sam.garcia5496@example.com,25,Sydney,2022-05-24
5497,Bob Wilson,bob.wilson5497@example.com,75,Delhi,2023-08-08
5498,Heidi Brown,heidi.brown5498@example.com,49,Berlin,2023-10-12
5499,Rita Anderson,rita.anderson5499@example.com,32,Sydney,2024-01-20
5500,Mike Davis,mike.davis5500@example.com,24,Pune,2025-03-21
5501,Oscar Thomas,oscar.thomas5501@example.com,69,Jaipur,2024-07-06
5502,Mike Brown,mike.brown5502@example.com,36,Chennai,2020-04-02
5503,Tina Hall,tina.hall5503@example.com,44,Kolkata,2023-08-03
5504,Judy Walker,judy.walker5504@example.com,57,Toronto,2022-02-24
5505,Rita Taylor,rita.taylor5505@example.com,64,Berlin,2025-03-31
5506,Tina Garcia,tina.garcia5506@example.com,19,Berlin,2022-07-16
5507,Quinn Miller,quinn.miller5507@example.com,27,London,2022-06-28
5508,Alice Brown,alice.brown5508@example.com,53,Sydney,2020-07-28
5509,Mike Brown,mike.brown5509@example.com,28,Hyderabad,2021-12-29
5510,Sam Lee,sam.lee5510@example.com,33,Jaipur,2023-07-14
5511,Nina Miller,nina.miller5511@example.com,52,Delhi,2020-09-13
5512,Alice Anderson,alice.anderson5512@example.com,54,Pune,2024-05-13
5513,Heidi Miller,heidi.miller5513@example.com,52,Toronto,2022-12-26
5514,Quinn Taylor,quinn.taylor5514@example.com,57,New York,2024-12-07
5515,Nina Brown,nina.brown5515@example.com,34,Toronto,2022-09-09
5516,Eve Lee,eve.lee5516@example.com,51,Mumbai,2023-05-17
5517,Sam Johnson,sam.johnson5517@example.com,45,New York,2023-06-30
5518,Charlie Johnson,charlie.johnson5518@example.com,37,London,2021-03-15
5519,Diana Thomas,diana.thomas5519@example.com,75,Pune,2024-01-24
5520,Heidi Davis,heidi.davis5520@example.com,60,Pune,2023-05-13
5521,Frank Walker,frank.walker5521@example.com,73,Tokyo,2024-01-03
5522,Nina Johnson,nina.johnson5522@example.com,32,Tokyo,2022-08-31
5523,Nina Hall,nina.hall5523@example.com,18,Sydney,2021-01-17
5524,Heidi Smith,heidi.smith5524@example.com,34,Sydney,2023-02-13
5525,Quinn Johnson,quinn.johnson5525@example.com,43,Sydney,2024-05-15
5526,Alice Hall,alice.hall5526@example.com,28,Sydney,2025-01-30
5527,Ivan Lee,ivan.lee5527@example.com,37,Mumbai,2020-10-23
5528,Ivan Johnson,ivan.johnson5528@example.com,57,London,2022-05-28
5529,Karl Moore,karl.moore5529@example.com,20,Jaipur,2021-01-30
5530,Judy Miller,judy.miller5530@example.com,19,Pune,2023-03-07
5531,Nina Garcia,nina.garcia5531@example.com,72,London,2022-08-20
5532,Pam Hall,pam.hall5532@example.com,65,London,2024-04-30
5533,Quinn Brown,quinn.brown5533@example.com,62,Berlin,2023-05-02
5534,Rita Thomas,rita.thomas5534@example.com,66,Delhi,2023-07-15
5535,Bob Anderson,bob.anderson5535@example.com,52,Hyderabad,2024-02-02
5536,Alice Walker,alice.walker5536@example.com,43,Mumbai,2024-09-02
5537,Rita Brown,rita.brown5537@example.com,24,Berlin,2020-06-12
5538,Oscar Miller,oscar.miller5538@example.com,44,Delhi,2024-10-02
5539,Diana Lee,diana.lee5539@example.com,32,Jaipur,2021-10-30
5540,Tina Brown,tina.brown5540@example.com,43,Chennai,2022-02-10
5541,Ivan Anderson,ivan.anderson5541@example.com,45,Bangalore,2023-09-20
5542,Rita Thomas,rita.thomas5542@example.com,69,Hyderabad,2021-05-24
5543,Sam Garcia,sam.garcia5543@example.com,62,Bangalore,2023-01-30
5544,Oscar Miller,oscar.miller5544@example.com,50,Toronto,2023-03-07
5545,Judy Martin,judy.martin5545@example.com,75,Jaipur,2020-07-03
5546,Karl Davis,karl.davis5546@example.com,55,Berlin,2021-10-04
5547,Bob Johnson,bob.johnson5547@example.com,25,Bangalore,2020-10-03
5548,Tina Moore,tina.moore5548@example.com,29,New York,2024-09-26
5549,Pam Davis,pam.davis5549@example.com,33,Kolkata,2025-03-17
5550,Mike Hall,mike.hall5550@example.com,62,New York,2021-12-20
5551,Diana Johnson,diana.johnson5551@example.com,48,London,2022-05-15
5552,Bob Taylor,bob.taylor5552@example.com,71,Bangalore,2023-01-06
5553,Rita Lee,rita.lee5553@example.com,43,Tokyo,2022-05-12
5554,Karl Taylor,karl.taylor5554@example.com,44,Kolkata,2023-08-19
5555,Eve Johnson,eve.johnson5555@example.com,50,Bangalore,2021-06-16
5556,Karl Davis,karl.davis5556@example.com,56,New York,2022-02-15
5557,Pam Smith,pam.smith5557@example.com,21,New York,2023-05-01
5558,Sam Miller,sam.miller5558@example.com,69,Paris,2021-09-03
5559,Quinn Thomas,quinn.thomas5559@example.com,34,Paris,2020-04-06
5560,Judy Hall,judy.hall5560@example.com,42,Toronto,2023-10-29
5561,Ivan Lee,ivan.lee5561@example.com,75,Kolkata,2024-10-30
5562,Rita Thomas,rita.thomas5562@example.com,45,Toronto,2022-10-15
5563,Nina Smith,nina.smith5563@example.com,38,Pune,2022-06-11
5564,Ivan Brown,ivan.brown5564@example.com,18,Jaipur,2024-06-06
5565,Judy Davis,judy.davis5565@example.com,45,Jaipur,2022-01-15
5566,Pam Lee,pam.lee5566@example.com,46,Sydney,2023-01-05
5567,Alice Thomas,alice.thomas5567@example.com,46,Pune,2025-05-05
5568,Judy Lee,judy.lee5568@example.com,38,Tokyo,2021-01-28
5569,Quinn Lee,quinn.lee5569@example.com,56,New York,2022-05-20
5570,Eve Taylor,eve.taylor5570@example.com,72,Pune,2022-01-26
5571,Ivan Lee,ivan.lee5571@example.com,43,Hyderabad,2022-02-19
5572,Eve Walker,eve.walker5572@example.com,58,Paris,2024-04-26
5573,Nina Davis,nina.davis5573@example.com,62,Berlin,2020-04-20
5574,Diana Garcia,diana.garcia5574@example.com,58,Sydney,2023-05-21
5575,Tina Davis,tina.davis5575@example.com,32,Hyderabad,2020-04-19
5576,Alice Martin,alice.martin5576@example.com,61,Toronto,2020-11-24
5577,Frank Johnson,frank.johnson5577@example.com,29,Paris,2021-08-25
5578,Frank Lee,frank.lee5578@example.com,69,Mumbai,2022-05-26
5579,Pam Martin,pam.martin5579@example.com,60,Mumbai,2021-09-28
5580,Mike Brown,mike.brown5580@example.com,66,Sydney,2023-06-09
5581,Charlie Garcia,charlie.garcia5581@example.com,19,London,2020-06-10
5582,Frank Miller,frank.miller5582@example.com,63,London,2020-07-08
5583,Lena Hall,lena.hall5583@example.com,72,Delhi,2024-07-27
5584,Ivan Anderson,ivan.anderson5584@example.com,69,Delhi,2023-08-02
5585,Mike Smith,mike.smith5585@example.com,18,Pune,2025-01-26
5586,Rita Smith,rita.smith5586@example.com,24,Mumbai,2023-04-20
5587,Quinn Garcia,quinn.garcia5587@example.com,48,Kolkata,2022-10-09
5588,Rita Brown,rita.brown5588@example.com,30,Jaipur,2020-06-11
5589,Frank Thomas,frank.thomas5589@example.com,56,Hyderabad,2025-04-12
5590,Lena Wilson,lena.wilson5590@example.com,68,Hyderabad,2020-01-28
5591,Ivan Wilson,ivan.wilson5591@example.com,26,Kolkata,2022-04-16
5592,Ivan Walker,ivan.walker5592@example.com,28,Chennai,2024-07-20
5593,Nina Johnson,nina.johnson5593@example.com,27,Kolkata,2020-08-15
5594,Frank Smith,frank.smith5594@example.com,31,Delhi,2021-05-29
5595,Heidi Martin,heidi.martin5595@example.com,66,Hyderabad,2022-09-07
5596,Karl Taylor,karl.taylor5596@example.com,45,Sydney,2023-11-27
5597,Sam Martin,sam.martin5597@example.com,42,Jaipur,2024-03-21
5598,Rita Smith,rita.smith5598@example.com,47,Delhi,2021-12-18
5599,Frank Davis,frank.davis5599@example.com,34,Delhi,2020-12-24
5600,Judy Brown,judy.brown5600@example.com,25,Chennai,2023-02-15
5601,Heidi Anderson,heidi.anderson5601@example.com,38,Hyderabad,2021-06-02
5602,Lena Lee,lena.lee5602@example.com,66,Berlin,2020-04-06
5603,Bob Moore,bob.moore5603@example.com,45,Berlin,2021-09-17
5604,Lena Miller,lena.miller5604@example.com,59,Mumbai,2021-11-24
5605,Eve Walker,eve.walker5605@example.com,30,Jaipur,2024-12-07
5606,Charlie Johnson,charlie.johnson5606@example.com,26,Tokyo,2020-11-11
5607,Oscar Miller,oscar.miller5607@example.com,67,Delhi,2023-06-13
5608,Pam Moore,pam.moore5608@example.com,57,Kolkata,2024-07-28
5609,Charlie Wilson,charlie.wilson5609@example.com,46,Hyderabad,2024-05-03
5610,Mike Lee,mike.lee5610@example.com,31,Tokyo,2023-09-22
5611,Judy Moore,judy.moore5611@example.com,59,Chennai,2024-02-29
5612,Frank Wilson,frank.wilson5612@example.com,28,New York,2021-01-27
5613,Rita Anderson,rita.anderson5613@example.com,42,Chennai,2020-12-13
5614,Charlie Hall,charlie.hall5614@example.com,48,Sydney,2024-01-02
5615,Alice Moore,alice.moore5615@example.com,52,New York,2024-06-28
5616,Charlie Thomas,charlie.thomas5616@example.com,68,Toronto,2025-05-24
5617,Heidi Walker,heidi.walker5617@example.com,20,Berlin,2021-11-04
5618,Grace Smith,grace.smith5618@example.com,42,Bangalore,2024-06-11
5619,Heidi Davis,heidi.davis5619@example.com,64,Delhi,2022-10-27
5620,Eve Miller,eve.miller5620@example.com,57,Hyderabad,2021-04-14
5621,Karl Walker,karl.walker5621@example.com,32,Hyderabad,2021-09-17
5622,Alice Smith,alice.smith5622@example.com,72,Hyderabad,2024-11-02
5623,Diana Anderson,diana.anderson5623@example.com,22,Kolkata,2024-11-22
5624,Mike Wilson,mike.wilson5624@example.com,48,Delhi,2021-08-09
5625,Quinn Hall,quinn.hall5625@example.com,22,Jaipur,2022-05-20
5626,Lena Brown,lena.brown5626@example.com,35,Berlin,2021-06-04
5627,Lena Miller,lena.miller5627@example.com,34,Toronto,2020-04-19
5628,Rita Taylor,rita.taylor5628@example.com,70,Delhi,2024-12-05
5629,Lena Martin,lena.martin5629@example.com,22,Mumbai,2023-05-19
5630,Tina Taylor,tina.taylor5630@example.com,46,Kolkata,2024-05-25
5631,Rita Johnson,rita.johnson5631@example.com,18,Chennai,2023-11-06
5632,Karl Taylor,karl.taylor5632@example.com,59,Bangalore,2020-09-09
5633,Eve Anderson,eve.anderson5633@example.com,47,Delhi,2022-11-15
5634,Ivan Walker,ivan.walker5634@example.com,52,Kolkata,2022-03-01
5635,Tina Thomas,tina.thomas5635@example.com,55,Toronto,2023-04-15
5636,Quinn Anderson,quinn.anderson5636@example.com,67,Paris,2024-12-17
5637,Tina Smith,tina.smith5637@example.com,37,Sydney,2022-09-12
5638,Sam Martin,sam.martin5638@example.com,26,Jaipur,2022-09-08
5639,Diana Miller,diana.miller5639@example.com,71,Mumbai,2023-10-26
5640,Eve Miller,eve.miller5640@example.com,42,Tokyo,2020-03-15
5641,Charlie Walker,charlie.walker5641@example.com,64,Bangalore,2023-01-11
5642,Mike Martin,mike.martin5642@example.com,34,Paris,2021-07-02
5643,Eve Hall,eve.hall5643@example.com,31,Jaipur,2023-02-14
5644,Heidi Thomas,heidi.thomas5644@example.com,46,Paris,2022-12-03
5645,Heidi Taylor,heidi.taylor5645@example.com,54,Pune,2020-07-30
5646,Eve Johnson,eve.johnson5646@example.com,59,Chennai,2023-01-30
5647,Pam Smith,pam.smith5647@example.com,43,Hyderabad,2024-07-31
5648,Frank Hall,frank.hall5648@example.com,54,Tokyo,2020-12-19
5649,Quinn Walker,quinn.walker5649@example.com,50,Hyderabad,2020-04-11
5650,Sam Anderson,sam.anderson5650@example.com,31,Paris,2020-10-25
5651,Diana Smith,diana.smith5651@example.com,70,London,2020-01-31
5652,Frank Taylor,frank.taylor5652@example.com,29,Hyderabad,2020-01-05
5653,Alice Johnson,alice.johnson5653@example.com,62,Delhi,2022-03-01
5654,Oscar Garcia,oscar.garcia5654@example.com,42,London,2020-04-02
5655,Alice Anderson,alice.anderson5655@example.com,71,Chennai,2023-05-07
5656,Rita Hall,rita.hall5656@example.com,69,Chennai,2022-09-11
5657,Mike Johnson,mike.johnson5657@example.com,18,Delhi,2020-06-20
5658,Judy Taylor,judy.taylor5658@example.com,41,Toronto,2024-06-19
5659,Charlie Miller,charlie.miller5659@example.com,21,Hyderabad,2024-01-23
5660,Heidi Hall,heidi.hall5660@example.com,53,Berlin,2025-03-16
5661,Karl Moore,karl.moore5661@example.com,33,Chennai,2025-04-16
5662,Charlie Thomas,charlie.thomas5662@example.com,50,Pune,2020-04-07
5663,Pam Miller,pam.miller5663@example.com,44,Pune,2024-03-18
5664,Rita Moore,rita.moore5664@example.com,26,Tokyo,2021-10-06
5665,Judy Garcia,judy.garcia5665@example.com,73,Bangalore,2021-10-09
5666,Diana Smith,diana.smith5666@example.com,18,Tokyo,2024-02-10
5667,Alice Wilson,alice.wilson5667@example.com,71,Pune,2022-04-07
5668,Frank Smith,frank.smith5668@example.com,41,Jaipur,2024-07-28
5669,Ivan Davis,ivan.davis5669@example.com,65,Bangalore,2022-02-15
5670,Oscar Walker,oscar.walker5670@example.com,22,Sydney,2020-02-10
5671,Bob Garcia,bob.garcia5671@example.com,45,Hyderabad,2023-09-30
5672,Mike Garcia,mike.garcia5672@example.com,35,London,2020-05-31
5673,Alice Hall,alice.hall5673@example.com,59,Toronto,2025-02-19
5674,Lena Miller,lena.miller5674@example.com,73,London,2023-12-22
5675,Charlie Martin,charlie.martin5675@example.com,71,Hyderabad,2025-04-14
5676,Heidi Miller,heidi.miller5676@example.com,18,Pune,2022-07-04
5677,Rita Davis,rita.davis5677@example.com,24,Toronto,2023-06-11
5678,Sam Miller,sam.miller5678@example.com,67,Bangalore,2022-08-19
5679,Bob Anderson,bob.anderson5679@example.com,57,New York,2022-01-22
5680,Rita Lee,rita.lee5680@example.com,30,Toronto,2022-05-09
5681,Rita Taylor,rita.taylor5681@example.com,36,Delhi,2020-10-15
5682,Mike Anderson,mike.anderson5682@example.com,64,Bangalore,2023-03-02
5683,Tina Garcia,tina.garcia5683@example.com,28,Toronto,2023-05-27
5684,Oscar Lee,oscar.lee5684@example.com,18,Delhi,2021-04-24
5685,Rita Garcia,rita.garcia5685@example.com,53,Delhi,2022-12-01
5686,Sam Johnson,sam.johnson5686@example.com,48,Delhi,2023-10-28
5687,Pam Lee,pam.lee5687@example.com,57,London,2022-01-15
5688,Alice Davis,alice.davis5688@example.com,69,Bangalore,2022-05-28
5689,Frank Davis,frank.davis5689@example.com,47,Jaipur,2020-06-07
5690,Sam Wilson,sam.wilson5690@example.com,75,Toronto,2020-02-17
5691,Tina Taylor,tina.taylor5691@example.com,26,New York,2025-04-15
5692,Charlie Brown,charlie.brown5692@example.com,45,Hyderabad,2023-12-07
5693,Lena Wilson,lena.wilson5693@example.com,72,Chennai,2022-12-05
5694,Sam Anderson,sam.anderson5694@example.com,71,Jaipur,2021-01-17
5695,Mike Smith,mike.smith5695@example.com,37,London,2023-02-07
5696,Alice Lee,alice.lee5696@example.com,75,Bangalore,2022-01-24
5697,Eve Johnson,eve.johnson5697@example.com,68,Mumbai,2022-01-09
5698,Karl Anderson,karl.anderson5698@example.com,38,London,2022-08-01
5699,Pam Wilson,pam.wilson5699@example.com,36,Kolkata,2020-07-03
5700,Eve Wilson,eve.wilson5700@example.com,36,Toronto,2023-05-18
5701,Frank Lee,frank.lee5701@example.com,22,London,2023-01-14
5702,Rita Brown,rita.brown5702@example.com,35,London,2023-05-31
5703,Sam Garcia,sam.garcia5703@example.com,26,Toronto,2021-06-29
5704,Frank Brown,frank.brown5704@example.com,27,Bangalore,2025-04-15
5705,Pam Davis,pam.davis5705@example.com,50,Bangalore,2020-06-01
5706,Oscar Smith,oscar.smith5706@example.com,69,Kolkata,2024-12-10
5707,Ivan Martin,ivan.martin5707@example.com,64,Sydney,2021-06-29
5708,Eve Johnson,eve.johnson5708@example.com,70,Delhi,2021-12-10
5709,Judy Davis,judy.davis5709@example.com,49,Jaipur,2024-09-06
5710,Bob Davis,bob.davis5710@example.com,45,Pune,2022-11-01
5711,Eve Smith,eve.smith5711@example.com,72,Bangalore,2020-10-16
5712,Eve Walker,eve.walker5712@example.com,73,Sydney,2022-10-14
5713,Alice Martin,alice.martin5713@example.com,54,New York,2025-04-05
5714,Bob Johnson,bob.johnson5714@example.com,58,Toronto,2021-03-25
5715,Karl Garcia,karl.garcia5715@example.com,35,New York,2022-07-29
5716,Frank Taylor,frank.taylor5716@example.com,70,Paris,2021-07-24
5717,Pam Brown,pam.brown5717@example.com,50,Paris,2025-02-26
5718,Rita Thomas,rita.thomas5718@example.com,38,Hyderabad,2024-01-16
5719,Ivan Smith,ivan.smith5719@example.com,21,London,2022-09-21
5720,Quinn Moore,quinn.moore5720@example.com,70,Delhi,2021-01-09
5721,Frank Martin,frank.martin5721@example.com,34,Kolkata,2022-07-15
5722,Heidi Johnson,heidi.johnson5722@example.com,26,Toronto,2020-05-28
5723,Mike Hall,mike.hall5723@example.com,52,Hyderabad,2025-03-22
5724,Lena Smith,lena.smith5724@example.com,48,London,2020-04-30
5725,Lena Anderson,lena.anderson5725@example.com,59,Kolkata,2024-03-22
5726,Bob Johnson,bob.johnson5726@example.com,25,Bangalore,2022-01-31
5727,Alice Thomas,alice.thomas5727@example.com,29,Jaipur,2022-08-07
5728,Diana Walker,diana.walker5728@example.com,60,London,2021-10-07
5729,Frank Garcia,frank.garcia5729@example.com,23,Kolkata,2024-12-07
5730,Bob Martin,bob.martin5730@example.com,41,Tokyo,2025-04-23
5731,Oscar Smith,oscar.smith5731@example.com,70,Bangalore,2020-10-05
5732,Grace Smith,grace.smith5732@example.com,20,Mumbai,2020-05-25
5733,Nina Thomas,nina.thomas5733@example.com,38,Chennai,2020-01-31
5734,Alice Wilson,alice.wilson5734@example.com,34,Hyderabad,2023-12-05
5735,Charlie Hall,charlie.hall5735@example.com,50,Bangalore,2024-05-27
5736,Judy Anderson,judy.anderson5736@example.com,63,Sydney,2023-12-02
5737,Judy Taylor,judy.taylor5737@example.com,69,Chennai,2020-10-15
5738,Sam Anderson,sam.anderson5738@example.com,47,Toronto,2023-04-29
5739,Rita Thomas,rita.thomas5739@example.com,31,Jaipur,2024-10-22
5740,Nina Davis,nina.davis5740@example.com,26,Bangalore,2021-06-10
5741,Ivan Wilson,ivan.wilson5741@example.com,67,London,2022-04-26
5742,Charlie Thomas,charlie.thomas5742@example.com,68,Kolkata,2022-11-20
5743,Eve Wilson,eve.wilson5743@example.com,30,Pune,2021-09-28
5744,Rita Johnson,rita.johnson5744@example.com,31,Hyderabad,2024-04-27
5745,Charlie Smith,charlie.smith5745@example.com,34,Sydney,2020-04-02
5746,Eve Davis,eve.davis5746@example.com,67,Delhi,2023-09-21
5747,Tina Garcia,tina.garcia5747@example.com,32,Chennai,2021-01-10
5748,Charlie Wilson,charlie.wilson5748@example.com,75,Berlin,2021-03-12
5749,Lena Wilson,lena.wilson5749@example.com,34,Delhi,2024-04-13
5750,Heidi Davis,heidi.davis5750@example.com,73,Hyderabad,2020-11-06
5751,Nina Anderson,nina.anderson5751@example.com,21,Toronto,2024-10-31
5752,Ivan Anderson,ivan.anderson5752@example.com,45,New York,2024-03-06
5753,Nina Wilson,nina.wilson5753@example.com,30,Bangalore,2023-01-27
5754,Heidi Martin,heidi.martin5754@example.com,34,Hyderabad,2021-09-05
5755,Rita Anderson,rita.anderson5755@example.com,30,Delhi,2021-09-13
5756,Frank Davis,frank.davis5756@example.com,69,Tokyo,2022-02-22
5757,Judy Garcia,judy.garcia5757@example.com,26,Delhi,2020-04-07
5758,Karl Davis,karl.davis5758@example.com,21,Mumbai,2024-07-29
5759,Oscar Hall,oscar.hall5759@example.com,35,Kolkata,2020-04-12
5760,Mike Davis,mike.davis5760@example.com,46,Bangalore,2021-11-18
5761,Lena Johnson,lena.johnson5761@example.com,41,Toronto,2020-11-22
5762,Grace Thomas,grace.thomas5762@example.com,29,Kolkata,2024-08-15
5763,Alice Thomas,alice.thomas5763@example.com,20,Delhi,2025-04-02
5764,Karl Hall,karl.hall5764@example.com,67,Sydney,2020-08-07
5765,Bob Wilson,bob.wilson5765@example.com,58,Kolkata,2021-09-25
5766,Alice Moore,alice.moore5766@example.com,56,London,2024-12-26
5767,Heidi Johnson,heidi.johnson5767@example.com,23,London,2022-08-05
5768,Quinn Garcia,quinn.garcia5768@example.com,24,Bangalore,2023-11-07
5769,Alice Brown,alice.brown5769@example.com,39,Pune,2021-08-27
5770,Oscar Moore,oscar.moore5770@example.com,42,New York,2023-11-07
5771,Frank Brown,frank.brown5771@example.com,58,New York,2022-04-11
5772,Tina Davis,tina.davis5772@example.com,32,Sydney,2024-08-01
5773,Ivan Martin,ivan.martin5773@example.com,23,Chennai,2020-12-28
5774,Alice Hall,alice.hall5774@example.com,23,Chennai,2020-10-03
5775,Frank Wilson,frank.wilson5775@example.com,75,Sydney,2024-05-26
5776,Sam Davis,sam.davis5776@example.com,73,New York,2020-01-22
5777,Frank Walker,frank.walker5777@example.com,44,Pune,2024-07-21
5778,Bob Johnson,bob.johnson5778@example.com,38,London,2021-11-21
5779,Grace Walker,grace.walker5779@example.com,64,Hyderabad,2021-01-09
5780,Lena Lee,lena.lee5780@example.com,59,Chennai,2023-11-06
5781,Sam Miller,sam.miller5781@example.com,46,Chennai,2024-12-28
5782,Tina Davis,tina.davis5782@example.com,20,Mumbai,2021-08-01
5783,Bob Walker,bob.walker5783@example.com,49,London,2024-04-15
5784,Oscar Martin,oscar.martin5784@example.com,30,Jaipur,2020-09-21
5785,Oscar Thomas,oscar.thomas5785@example.com,53,New York,2025-03-21
5786,Lena Martin,lena.martin5786@example.com,65,Bangalore,2023-10-12
5787,Lena Moore,lena.moore5787@example.com,19,Hyderabad,2021-04-17
5788,Charlie Smith,charlie.smith5788@example.com,18,Toronto,2021-08-12
5789,Tina Taylor,tina.taylor5789@example.com,37,Pune,2024-01-17
5790,Alice Taylor,alice.taylor5790@example.com,62,Hyderabad,2023-03-31
5791,Diana Smith,diana.smith5791@example.com,35,Sydney,2020-09-15
5792,Bob Hall,bob.hall5792@example.com,31,Toronto,2020-04-03
5793,Quinn Thomas,quinn.thomas5793@example.com,62,Pune,2021-08-05
5794,Charlie Johnson,charlie.johnson5794@example.com,52,Berlin,2023-07-07
5795,Tina Hall,tina.hall5795@example.com,24,Tokyo,2023-09-01
5796,Karl Hall,karl.hall5796@example.com,57,Bangalore,2024-12-31
5797,Frank Anderson,frank.anderson5797@example.com,40,Sydney,2024-04-05
5798,Heidi Hall,heidi.hall5798@example.com,41,Chennai,2023-03-07
5799,Karl Brown,karl.brown5799@example.com,20,Sydney,2022-03-05
5800,Charlie Smith,charlie.smith5800@example.com,21,Toronto,2025-05-27
5801,Pam Thomas,pam.thomas5801@example.com,54,New York,2023-08-12
5802,Alice Garcia,alice.garcia5802@example.com,54,Toronto,2025-04-15
5803,Rita Smith,rita.smith5803@example.com,22,Delhi,2022-03-03
5804,Oscar Wilson,oscar.wilson5804@example.com,34,New York,2024-05-12
5805,Heidi Wilson,heidi.wilson5805@example.com,50,Berlin,2023-11-23
5806,Eve Martin,eve.martin5806@example.com,74,Tokyo,2023-09-18
5807,Grace Thomas,grace.thomas5807@example.com,72,Berlin,2021-09-20
5808,Sam Martin,sam.martin5808@example.com,41,Jaipur,2021-04-05
5809,Alice Smith,alice.smith5809@example.com,43,Mumbai,2022-07-27
5810,Mike Lee,mike.lee5810@example.com,72,Jaipur,2020-11-17
5811,Karl Davis,karl.davis5811@example.com,18,Tokyo,2020-11-25
5812,Lena Walker,lena.walker5812@example.com,18,London,2022-10-07
5813,Grace Garcia,grace.garcia5813@example.com,38,Berlin,2020-09-23
5814,Mike Brown,mike.brown5814@example.com,36,London,2022-07-29
5815,Rita Miller,rita.miller5815@example.com,29,Bangalore,2020-05-05
5816,Frank Moore,frank.moore5816@example.com,54,Kolkata,2024-05-14
5817,Eve Taylor,eve.taylor5817@example.com,68,Tokyo,2021-09-22
5818,Karl Walker,karl.walker5818@example.com,24,London,2020-02-01
5819,Bob Thomas,bob.thomas5819@example.com,20,Chennai,2025-01-07
5820,Nina Walker,nina.walker5820@example.com,61,New York,2021-12-30
5821,Heidi Smith,heidi.smith5821@example.com,58,Pune,2025-05-18
5822,Rita Anderson,rita.anderson5822@example.com,44,Delhi,2021-06-02
5823,Heidi Smith,heidi.smith5823@example.com,27,Hyderabad,2025-01-23
5824,Diana Johnson,diana.johnson5824@example.com,42,Toronto,2022-06-28
5825,Heidi Lee,heidi.lee5825@example.com,26,Bangalore,2025-03-14
5826,Alice Miller,alice.miller5826@example.com,75,Chennai,2021-11-16
5827,Oscar Davis,oscar.davis5827@example.com,66,Hyderabad,2023-02-26
5828,Rita Lee,rita.lee5828@example.com,52,Mumbai,2021-10-24
5829,Sam Walker,sam.walker5829@example.com,29,London,2020-12-16
5830,Sam Martin,sam.martin5830@example.com,55,Pune,2022-05-17
5831,Judy Brown,judy.brown5831@example.com,43,New York,2021-04-17
5832,Heidi Garcia,heidi.garcia5832@example.com,60,Pune,2024-12-11
5833,Frank Lee,frank.lee5833@example.com,18,Hyderabad,2023-11-22
5834,Eve Wilson,eve.wilson5834@example.com,41,Sydney,2022-12-02
5835,Frank Johnson,frank.johnson5835@example.com,34,Mumbai,2022-08-06
5836,Alice Martin,alice.martin5836@example.com,56,Paris,2020-01-03
5837,Oscar Johnson,oscar.johnson5837@example.com,23,Pune,2021-12-06
5838,Frank Taylor,frank.taylor5838@example.com,63,Pune,2023-02-01
5839,Alice Brown,alice.brown5839@example.com,30,Toronto,2023-12-05
5840,Frank Johnson,frank.johnson5840@example.com,59,Pune,2023-05-30
5841,Frank Johnson,frank.johnson5841@example.com,40,Hyderabad,2025-02-07
5842,Quinn Lee,quinn.lee5842@example.com,25,Delhi,2023-03-19
5843,Pam Martin,pam.martin5843@example.com,18,Chennai,2022-01-19
5844,Sam Johnson,sam.johnson5844@example.com,45,London,2024-05-01
5845,Diana Anderson,diana.anderson5845@example.com,45,Tokyo,2023-01-01
5846,Lena Davis,lena.davis5846@example.com,53,Delhi,2020-06-16
5847,Sam Hall,sam.hall5847@example.com,38,Bangalore,2024-03-15
5848,Oscar Martin,oscar.martin5848@example.com,48,Paris,2023-12-12
5849,Diana Garcia,diana.garcia5849@example.com,53,Delhi,2020-04-01
5850,Bob Lee,bob.lee5850@example.com,67,Sydney,2025-02-21
5851,Heidi Wilson,heidi.wilson5851@example.com,52,Pune,2024-07-13
5852,Tina Walker,tina.walker5852@example.com,31,London,2023-01-26
5853,Mike Thomas,mike.thomas5853@example.com,27,Delhi,2025-02-03
5854,Sam Wilson,sam.wilson5854@example.com,75,Paris,2024-07-03
5855,Quinn Miller,quinn.miller5855@example.com,39,Hyderabad,2021-09-28
5856,Bob Moore,bob.moore5856@example.com,24,Delhi,2020-10-09
5857,Frank Martin,frank.martin5857@example.com,66,Mumbai,2020-11-28
5858,Alice Smith,alice.smith5858@example.com,29,Delhi,2021-03-13
5859,Tina Miller,tina.miller5859@example.com,52,Paris,2023-07-04
5860,Heidi Brown,heidi.brown5860@example.com,60,Paris,2020-05-01
5861,Ivan Johnson,ivan.johnson5861@example.com,35,Berlin,2022-09-24
5862,Ivan Moore,ivan.moore5862@example.com,31,Kolkata,2020-09-26
5863,Quinn Martin,quinn.martin5863@example.com,25,London,2022-05-13
5864,Lena Thomas,lena.thomas5864@example.com,56,Kolkata,2021-02-05
5865,Alice Moore,alice.moore5865@example.com,26,Kolkata,2023-07-08
5866,Alice Brown,alice.brown5866@example.com,20,Chennai,2021-03-01
5867,Bob Miller,bob.miller5867@example.com,63,Kolkata,2020-11-01
5868,Heidi Walker,heidi.walker5868@example.com,26,Paris,2024-01-08
5869,Oscar Wilson,oscar.wilson5869@example.com,40,Jaipur,2025-03-20
5870,Eve Martin,eve.martin5870@example.com,74,London,2021-05-14
5871,Lena Martin,lena.martin5871@example.com,30,New York,2025-01-14
5872,Eve Anderson,eve.anderson5872@example.com,23,Toronto,2021-11-18
5873,Bob Garcia,bob.garcia5873@example.com,34,Toronto,2021-02-07
5874,Alice Moore,alice.moore5874@example.com,70,New York,2021-12-06
5875,Tina Taylor,tina.taylor5875@example.com,71,Mumbai,2022-07-24
5876,Oscar Davis,oscar.davis5876@example.com,43,Hyderabad,2023-04-12
5877,Diana Thomas,diana.thomas5877@example.com,52,Tokyo,2020-09-27
5878,Charlie Moore,charlie.moore5878@example.com,19,Chennai,2020-11-27
5879,Tina Johnson,tina.johnson5879@example.com,44,Chennai,2024-12-14
5880,Charlie Wilson,charlie.wilson5880@example.com,37,Toronto,2024-11-06
5881,Tina Smith,tina.smith5881@example.com,73,Paris,2023-04-07
5882,Quinn Taylor,quinn.taylor5882@example.com,25,Pune,2020-02-29
5883,Ivan Taylor,ivan.taylor5883@example.com,71,Kolkata,2023-01-13
5884,Ivan Johnson,ivan.johnson5884@example.com,57,Toronto,2022-03-13
5885,Frank Brown,frank.brown5885@example.com,54,London,2024-06-29
5886,Grace Johnson,grace.johnson5886@example.com,44,Mumbai,2020-01-29
5887,Quinn Smith,quinn.smith5887@example.com,41,Toronto,2023-02-15
5888,Lena Walker,lena.walker5888@example.com,44,Jaipur,2025-06-08
5889,Mike Wilson,mike.wilson5889@example.com,66,Hyderabad,2024-12-29
5890,Bob Garcia,bob.garcia5890@example.com,32,Kolkata,2022-03-17
5891,Eve Johnson,eve.johnson5891@example.com,54,Delhi,2024-07-04
5892,Mike Davis,mike.davis5892@example.com,41,New York,2021-09-12
5893,Sam Miller,sam.miller5893@example.com,67,Pune,2024-05-23
5894,Ivan Miller,ivan.miller5894@example.com,59,New York,2022-06-22
5895,Nina Garcia,nina.garcia5895@example.com,30,Chennai,2021-09-19
5896,Tina Lee,tina.lee5896@example.com,30,Kolkata,2021-04-05
5897,Sam Garcia,sam.garcia5897@example.com,40,New York,2021-09-11
5898,Tina Garcia,tina.garcia5898@example.com,28,Mumbai,2021-01-23
5899,Eve Walker,eve.walker5899@example.com,28,Toronto,2020-10-02
5900,Nina Hall,nina.hall5900@example.com,71,London,2020-06-30
5901,Judy Brown,judy.brown5901@example.com,34,Tokyo,2024-05-28
5902,Nina Moore,nina.moore5902@example.com,26,Hyderabad,2024-08-24
5903,Karl Moore,karl.moore5903@example.com,53,Kolkata,2021-10-18
5904,Ivan Moore,ivan.moore5904@example.com,27,London,2023-10-22
5905,Quinn Walker,quinn.walker5905@example.com,50,Chennai,2024-12-20
5906,Bob Anderson,bob.anderson5906@example.com,65,Mumbai,2025-04-27
5907,Tina Moore,tina.moore5907@example.com,57,London,2024-02-24
5908,Tina Hall,tina.hall5908@example.com,44,Paris,2023-08-02
5909,Heidi Martin,heidi.martin5909@example.com,37,Hyderabad,2024-08-07
5910,Charlie Moore,charlie.moore5910@example.com,56,Bangalore,2023-10-30
5911,Mike Miller,mike.miller5911@example.com,32,Tokyo,2023-02-20
5912,Karl Lee,karl.lee5912@example.com,33,Hyderabad,2020-10-01
5913,Judy Wilson,judy.wilson5913@example.com,29,Hyderabad,2022-01-18
5914,Bob Davis,bob.davis5914@example.com,52,Tokyo,2021-04-05
5915,Heidi Miller,heidi.miller5915@example.com,30,Jaipur,2020-03-12
5916,Heidi Johnson,heidi.johnson5916@example.com,23,Kolkata,2024-09-04
5917,Lena Walker,lena.walker5917@example.com,60,Delhi,2022-10-19
5918,Mike Smith,mike.smith5918@example.com,41,Kolkata,2021-06-30
5919,Lena Walker,lena.walker5919@example.com,47,Pune,2024-01-30
5920,Mike Hall,mike.hall5920@example.com,62,Bangalore,2023-10-14
5921,Ivan Wilson,ivan.wilson5921@example.com,39,Pune,2022-07-17
5922,Mike Thomas,mike.thomas5922@example.com,63,Hyderabad,2024-01-15
5923,Ivan Martin,ivan.martin5923@example.com,67,Hyderabad,2025-02-19
5924,Karl Taylor,karl.taylor5924@example.com,41,Tokyo,2022-06-13
5925,Lena Thomas,lena.thomas5925@example.com,48,Jaipur,2021-07-08
5926,Mike Garcia,mike.garcia5926@example.com,64,Bangalore,2024-05-10
5927,Quinn Garcia,quinn.garcia5927@example.com,69,London,2022-06-01
5928,Grace Hall,grace.hall5928@example.com,35,Paris,2020-06-10
5929,Frank Davis,frank.davis5929@example.com,36,Sydney,2020-02-15
5930,Rita Martin,rita.martin5930@example.com,18,Bangalore,2021-11-11
5931,Tina Hall,tina.hall5931@example.com,37,Delhi,2020-06-28
5932,Karl Brown,karl.brown5932@example.com,66,Toronto,2023-05-05
5933,Eve Davis,eve.davis5933@example.com,68,Sydney,2023-03-25
5934,Mike Garcia,mike.garcia5934@example.com,37,Jaipur,2022-07-03
5935,Frank Johnson,frank.johnson5935@example.com,72,Hyderabad,2021-05-05
5936,Alice Wilson,alice.wilson5936@example.com,73,Berlin,2020-10-06
5937,Heidi Davis,heidi.davis5937@example.com,67,Kolkata,2023-04-20
5938,Diana Miller,diana.miller5938@example.com,29,Toronto,2020-09-07
5939,Judy Smith,judy.smith5939@example.com,60,Berlin,2023-08-25
5940,Rita Thomas,rita.thomas5940@example.com,30,Tokyo,2024-06-11
5941,Frank Garcia,frank.garcia5941@example.com,70,London,2021-09-08
5942,Karl Hall,karl.hall5942@example.com,37,Tokyo,2024-01-11
5943,Bob Wilson,bob.wilson5943@example.com,54,Toronto,2021-03-26
5944,Oscar Taylor,oscar.taylor5944@example.com,24,Hyderabad,2023-10-26
5945,Alice Smith,alice.smith5945@example.com,52,Chennai,2023-11-06
5946,Diana Wilson,diana.wilson5946@example.com,51,Jaipur,2021-12-30
5947,Frank Brown,frank.brown5947@example.com,25,London,2022-01-24
5948,Rita Wilson,rita.wilson5948@example.com,23,Hyderabad,2025-03-24
5949,Rita Miller,rita.miller5949@example.com,38,Paris,2021-03-04
5950,Lena Walker,lena.walker5950@example.com,60,Berlin,2024-02-22
5951,Frank Garcia,frank.garcia5951@example.com,74,Hyderabad,2022-11-01
5952,Oscar Miller,oscar.miller5952@example.com,35,Jaipur,2023-10-25
5953,Pam Smith,pam.smith5953@example.com,25,Mumbai,2021-02-01
5954,Frank Walker,frank.walker5954@example.com,59,Hyderabad,2024-07-28
5955,Alice Martin,alice.martin5955@example.com,51,Toronto,2024-06-19
5956,Karl Hall,karl.hall5956@example.com,65,Jaipur,2020-10-29
5957,Heidi Hall,heidi.hall5957@example.com,46,Mumbai,2022-07-16
5958,Eve Thomas,eve.thomas5958@example.com,45,Toronto,2023-10-28
5959,Karl Garcia,karl.garcia5959@example.com,30,Tokyo,2022-08-16
5960,Alice Johnson,alice.johnson5960@example.com,35,Hyderabad,2020-05-06
5961,Bob Hall,bob.hall5961@example.com,66,Chennai,2023-12-05
5962,Lena Walker,lena.walker5962@example.com,27,Jaipur,2022-06-18
5963,Rita Johnson,rita.johnson5963@example.com,19,Hyderabad,2025-04-01
5964,Lena Davis,lena.davis5964@example.com,59,Delhi,2023-09-10
5965,Bob Smith,bob.smith5965@example.com,19,Hyderabad,2020-11-07
5966,Pam Walker,pam.walker5966@example.com,61,Paris,2024-02-02
5967,Eve Johnson,eve.johnson5967@example.com,37,Paris,2021-10-16
5968,Oscar Moore,oscar.moore5968@example.com,72,Tokyo,2020-09-02
5969,Nina Smith,nina.smith5969@example.com,56,Berlin,2021-04-09
5970,Sam Martin,sam.martin5970@example.com,68,London,2024-04-24
5971,Grace Lee,grace.lee5971@example.com,43,Delhi,2024-07-08
5972,Charlie Wilson,charlie.wilson5972@example.com,28,Hyderabad,2020-03-12
5973,Grace Johnson,grace.johnson5973@example.com,30,Toronto,2023-06-28
5974,Lena Davis,lena.davis5974@example.com,63,Paris,2022-11-27
5975,Mike Brown,mike.brown5975@example.com,64,New York,2023-05-15
5976,Frank Thomas,frank.thomas5976@example.com,64,Chennai,2024-10-18
5977,Pam Lee,pam.lee5977@example.com,33,Sydney,2020-09-18
5978,Lena Thomas,lena.thomas5978@example.com,40,Jaipur,2025-01-03
5979,Grace Hall,grace.hall5979@example.com,33,Paris,2020-12-12
5980,Eve Moore,eve.moore5980@example.com,62,Pune,2024-07-26
5981,Oscar Taylor,oscar.taylor5981@example.com,62,Bangalore,2021-01-24
5982,Quinn Thomas,quinn.thomas5982@example.com,56,Paris,2020-01-03
5983,Judy Davis,judy.davis5983@example.com,72,Mumbai,2023-11-16
5984,Heidi Lee,heidi.lee5984@example.com,40,Tokyo,2020-09-21
5985,Heidi Garcia,heidi.garcia5985@example.com,45,London,2022-11-04
5986,Lena Smith,lena.smith5986@example.com,48,Toronto,2020-07-06
5987,Bob Anderson,bob.anderson5987@example.com,47,New York,2022-11-13
5988,Frank Garcia,frank.garcia5988@example.com,56,Mumbai,2024-06-01
5989,Diana Lee,diana.lee5989@example.com,50,Pune,2020-11-20
5990,Grace Garcia,grace.garcia5990@example.com,20,London,2020-01-29
5991,Pam Johnson,pam.johnson5991@example.com,27,Toronto,2020-07-23
5992,Lena Moore,lena.moore5992@example.com,72,Jaipur,2023-02-07
5993,Heidi Hall,heidi.hall5993@example.com,53,Chennai,2023-02-21
5994,Frank Martin,frank.martin5994@example.com,23,Jaipur,2022-10-06
5995,Nina Hall,nina.hall5995@example.com,63,Pune,2021-06-20
5996,Rita Walker,rita.walker5996@example.com,34,Pune,2022-04-04
5997,Pam Taylor,pam.taylor5997@example.com,38,Mumbai,2024-03-23
5998,Ivan Brown,ivan.brown5998@example.com,27,Tokyo,2025-06-09
5999,Grace Martin,grace.martin5999@example.com,27,Paris,2025-05-04
6000,Frank Hall,frank.hall6000@example.com,63,Delhi,2020-02-04
6001,Diana Lee,diana.lee6001@example.com,56,Berlin,2021-06-03
6002,Eve Davis,eve.davis6002@example.com,53,Chennai,2024-10-23
6003,Sam Brown,sam.brown6003@example.com,63,Jaipur,2023-09-23
6004,Frank Brown,frank.brown6004@example.com,64,Sydney,2022-04-09
6005,Bob Garcia,bob.garcia6005@example.com,29,Jaipur,2024-12-24
6006,Tina Davis,tina.davis6006@example.com,31,Sydney,2023-09-05
6007,Bob Hall,bob.hall6007@example.com,42,Tokyo,2024-09-02
6008,Pam Walker,pam.walker6008@example.com,69,Tokyo,2020-05-16
6009,Diana Anderson,diana.anderson6009@example.com,21,Berlin,2022-03-23
6010,Pam Miller,pam.miller6010@example.com,24,Jaipur,2021-04-28
6011,Alice Wilson,alice.wilson6011@example.com,60,Sydney,2021-04-14
6012,Rita Miller,rita.miller6012@example.com,67,London,2023-08-30
6013,Rita Davis,rita.davis6013@example.com,27,New York,2024-12-24
6014,Charlie Taylor,charlie.taylor6014@example.com,67,Toronto,2020-12-23
6015,Mike Moore,mike.moore6015@example.com,21,Delhi,2024-05-25
6016,Judy Moore,judy.moore6016@example.com,43,Tokyo,2023-03-15
6017,Pam Moore,pam.moore6017@example.com,41,Toronto,2020-05-09
6018,Karl Martin,karl.martin6018@example.com,35,Pune,2022-09-02
6019,Bob Davis,bob.davis6019@example.com,38,Berlin,2023-03-10
6020,Charlie Lee,charlie.lee6020@example.com,29,Hyderabad,2023-07-06
6021,Charlie Davis,charlie.davis6021@example.com,23,Toronto,2024-01-15
6022,Ivan Johnson,ivan.johnson6022@example.com,22,Bangalore,2024-04-18
6023,Karl Davis,karl.davis6023@example.com,45,Berlin,2020-02-04
6024,Sam Hall,sam.hall6024@example.com,60,London,2023-03-26
6025,Mike Thomas,mike.thomas6025@example.com,31,Bangalore,2021-10-19
6026,Oscar Anderson,oscar.anderson6026@example.com,49,Sydney,2024-07-06
6027,Frank Smith,frank.smith6027@example.com,48,Pune,2020-01-02
6028,Eve Smith,eve.smith6028@example.com,34,Paris,2022-06-09
6029,Frank Moore,frank.moore6029@example.com,18,London,2023-06-29
6030,Pam Johnson,pam.johnson6030@example.com,26,Kolkata,2023-09-17
6031,Charlie Brown,charlie.brown6031@example.com,37,London,2025-04-10
6032,Grace Thomas,grace.thomas6032@example.com,33,Pune,2024-01-07
6033,Nina Hall,nina.hall6033@example.com,57,Toronto,2022-08-05
6034,Rita Thomas,rita.thomas6034@example.com,59,Mumbai,2022-04-11
6035,Bob Thomas,bob.thomas6035@example.com,51,Mumbai,2021-03-17
6036,Charlie Brown,charlie.brown6036@example.com,45,Mumbai,2025-01-03
6037,Pam Taylor,pam.taylor6037@example.com,23,Pune,2023-05-17
6038,Frank Brown,frank.brown6038@example.com,46,Chennai,2022-03-08
6039,Alice Wilson,alice.wilson6039@example.com,39,Kolkata,2023-03-27
6040,Quinn Anderson,quinn.anderson6040@example.com,57,Mumbai,2023-08-21
6041,Rita Garcia,rita.garcia6041@example.com,40,Tokyo,2024-09-17
6042,Grace Moore,grace.moore6042@example.com,61,Bangalore,2025-01-17
6043,Judy Taylor,judy.taylor6043@example.com,25,Bangalore,2020-07-06
6044,Mike Davis,mike.davis6044@example.com,37,Tokyo,2020-03-04
6045,Quinn Moore,quinn.moore6045@example.com,64,Pune,2023-03-30
6046,Karl Brown,karl.brown6046@example.com,32,London,2020-10-23
6047,Bob Brown,bob.brown6047@example.com,25,Bangalore,2020-05-21
6048,Lena Walker,lena.walker6048@example.com,19,Pune,2021-12-15
6049,Pam Lee,pam.lee6049@example.com,42,Berlin,2021-08-02
6050,Sam Moore,sam.moore6050@example.com,47,Pune,2025-03-02
6051,Judy Wilson,judy.wilson6051@example.com,18,Kolkata,2020-04-12
6052,Alice Brown,alice.brown6052@example.com,44,Delhi,2022-08-08
6053,Mike Miller,mike.miller6053@example.com,37,Delhi,2023-09-24
6054,Nina Wilson,nina.wilson6054@example.com,43,Berlin,2023-03-18
6055,Oscar Thomas,oscar.thomas6055@example.com,46,Hyderabad,2021-09-25
6056,Charlie Garcia,charlie.garcia6056@example.com,70,Tokyo,2022-02-28
6057,Lena Garcia,lena.garcia6057@example.com,62,New York,2021-06-10
6058,Karl Smith,karl.smith6058@example.com,19,Toronto,2021-05-15
6059,Lena Davis,lena.davis6059@example.com,62,Tokyo,2022-08-21
6060,Grace Smith,grace.smith6060@example.com,55,Kolkata,2022-03-01
6061,Ivan Thomas,ivan.thomas6061@example.com,45,Bangalore,2021-01-16
6062,Oscar Wilson,oscar.wilson6062@example.com,23,London,2024-12-12
6063,Sam Moore,sam.moore6063@example.com,40,Paris,2023-03-11
6064,Mike Taylor,mike.taylor6064@example.com,38,Tokyo,2020-04-11
6065,Lena Thomas,lena.thomas6065@example.com,47,Kolkata,2020-01-17
6066,Frank Davis,frank.davis6066@example.com,40,London,2020-11-26
6067,Quinn Brown,quinn.brown6067@example.com,47,Toronto,2023-10-13
6068,Grace Garcia,grace.garcia6068@example.com,37,Tokyo,2020-06-09
6069,Karl Thomas,karl.thomas6069@example.com,36,Hyderabad,2022-12-10
6070,Tina Walker,tina.walker6070@example.com,53,Jaipur,2023-03-13
6071,Karl Thomas,karl.thomas6071@example.com,43,Sydney,2025-03-04
6072,Judy Garcia,judy.garcia6072@example.com,60,Toronto,2021-05-22
6073,Judy Davis,judy.davis6073@example.com,66,Berlin,2024-11-26
6074,Judy Martin,judy.martin6074@example.com,32,Berlin,2023-12-23
6075,Ivan Lee,ivan.lee6075@example.com,22,Pune,2025-01-10
6076,Judy Thomas,judy.thomas6076@example.com,25,Toronto,2023-03-12
6077,Tina Thomas,tina.thomas6077@example.com,33,Pune,2023-05-29
6078,Heidi Walker,heidi.walker6078@example.com,63,Jaipur,2021-06-13
6079,Ivan Thomas,ivan.thomas6079@example.com,46,Berlin,2021-04-08
6080,Sam Hall,sam.hall6080@example.com,35,Hyderabad,2022-04-19
6081,Ivan Smith,ivan.smith6081@example.com,51,Pune,2023-10-16
6082,Rita Brown,rita.brown6082@example.com,27,Tokyo,2020-04-07
6083,Sam Davis,sam.davis6083@example.com,50,Toronto,2020-09-19
6084,Tina Martin,tina.martin6084@example.com,48,Kolkata,2025-03-30
6085,Grace Thomas,grace.thomas6085@example.com,60,Jaipur,2022-12-27
6086,Quinn Thomas,quinn.thomas6086@example.com,72,Hyderabad,2021-07-06
6087,Diana Taylor,diana.taylor6087@example.com,28,London,2025-06-04
6088,Alice Hall,alice.hall6088@example.com,66,Bangalore,2022-07-01
6089,Eve Smith,eve.smith6089@example.com,62,Paris,2020-08-23
6090,Pam Lee,pam.lee6090@example.com,20,Mumbai,2021-10-31
6091,Judy Hall,judy.hall6091@example.com,72,Delhi,2021-12-13
6092,Grace Miller,grace.miller6092@example.com,58,Kolkata,2024-05-25
6093,Nina Davis,nina.davis6093@example.com,39,Mumbai,2024-06-27
6094,Sam Brown,sam.brown6094@example.com,72,Pune,2020-09-14
6095,Bob Taylor,bob.taylor6095@example.com,18,New York,2021-09-10
6096,Ivan Thomas,ivan.thomas6096@example.com,45,Jaipur,2021-09-15
6097,Mike Hall,mike.hall6097@example.com,22,Paris,2024-01-21
6098,Tina Taylor,tina.taylor6098@example.com,54,New York,2024-08-12
6099,Alice Brown,alice.brown6099@example.com,75,Kolkata,2024-11-26
6100,Lena Johnson,lena.johnson6100@example.com,26,Pune,2020-08-23
6101,Grace Martin,grace.martin6101@example.com,73,Mumbai,2021-11-13
6102,Mike Walker,mike.walker6102@example.com,40,Delhi,2023-12-18
6103,Tina Garcia,tina.garcia6103@example.com,30,Sydney,2023-04-07
6104,Karl Moore,karl.moore6104@example.com,61,Jaipur,2022-08-23
6105,Alice Anderson,alice.anderson6105@example.com,45,Pune,2020-06-10
6106,Sam Thomas,sam.thomas6106@example.com,31,London,2021-06-18
6107,Lena Anderson,lena.anderson6107@example.com,37,Tokyo,2021-06-15
6108,Karl Garcia,karl.garcia6108@example.com,42,Tokyo,2020-06-22
6109,Charlie Taylor,charlie.taylor6109@example.com,52,Delhi,2022-01-29
6110,Bob Hall,bob.hall6110@example.com,31,Berlin,2024-12-28
6111,Frank Taylor,frank.taylor6111@example.com,71,Toronto,2020-11-18
6112,Eve Smith,eve.smith6112@example.com,72,Tokyo,2021-02-03
6113,Judy Wilson,judy.wilson6113@example.com,36,Paris,2021-06-26
6114,Nina Taylor,nina.taylor6114@example.com,59,London,2020-02-08
6115,Judy Taylor,judy.taylor6115@example.com,60,Mumbai,2024-01-02
6116,Sam Garcia,sam.garcia6116@example.com,50,Kolkata,2023-11-20
6117,Mike Lee,mike.lee6117@example.com,70,Delhi,2024-08-29
6118,Alice Smith,alice.smith6118@example.com,53,Pune,2025-01-20
6119,Karl Martin,karl.martin6119@example.com,63,Hyderabad,2020-10-15
6120,Sam Walker,sam.walker6120@example.com,35,Toronto,2024-03-22
6121,Sam Smith,sam.smith6121@example.com,27,Hyderabad,2024-07-06
6122,Charlie Moore,charlie.moore6122@example.com,60,Mumbai,2022-06-16
6123,Judy Johnson,judy.johnson6123@example.com,47,Berlin,2021-01-20
6124,Bob Miller,bob.miller6124@example.com,31,Jaipur,2021-10-14
6125,Bob Brown,bob.brown6125@example.com,32,Delhi,2024-06-13
6126,Lena Smith,lena.smith6126@example.com,28,Paris,2024-07-27
6127,Rita Thomas,rita.thomas6127@example.com,35,Toronto,2022-03-11
6128,Karl Brown,karl.brown6128@example.com,46,Pune,2021-11-20
6129,Frank Taylor,frank.taylor6129@example.com,30,Paris,2022-12-01
6130,Eve Thomas,eve.thomas6130@example.com,68,Tokyo,2020-01-20
6131,Eve Smith,eve.smith6131@example.com,26,Sydney,2022-04-01
6132,Sam Johnson,sam.johnson6132@example.com,31,Tokyo,2024-12-02
6133,Alice Taylor,alice.taylor6133@example.com,19,Tokyo,2021-02-08
6134,Ivan Garcia,ivan.garcia6134@example.com,47,Mumbai,2020-05-18
6135,Diana Moore,diana.moore6135@example.com,75,Toronto,2024-05-23
6136,Oscar Davis,oscar.davis6136@example.com,70,New York,2022-06-15
6137,Nina Brown,nina.brown6137@example.com,67,Mumbai,2023-06-02
6138,Tina Davis,tina.davis6138@example.com,66,Jaipur,2021-10-07
6139,Heidi Hall,heidi.hall6139@example.com,65,New York,2020-12-21
6140,Ivan Moore,ivan.moore6140@example.com,41,Tokyo,2020-04-24
6141,Charlie Hall,charlie.hall6141@example.com,29,Hyderabad,2021-04-17
6142,Sam Anderson,sam.anderson6142@example.com,67,Berlin,2024-07-29
6143,Pam Brown,pam.brown6143@example.com,33,New York,2021-03-19
6144,Ivan Martin,ivan.martin6144@example.com,68,Paris,2020-04-05
6145,Eve Anderson,eve.anderson6145@example.com,36,Mumbai,2020-05-19
6146,Sam Lee,sam.lee6146@example.com,65,Pune,2025-02-21
6147,Alice Johnson,alice.johnson6147@example.com,47,Kolkata,2020-11-29
6148,Frank Moore,frank.moore6148@example.com,69,Paris,2021-08-22
6149,Bob Hall,bob.hall6149@example.com,41,New York,2022-06-18
6150,Nina Hall,nina.hall6150@example.com,71,Berlin,2023-09-14
6151,Rita Wilson,rita.wilson6151@example.com,64,Pune,2025-05-16
6152,Diana Walker,diana.walker6152@example.com,48,Chennai,2023-07-26
6153,Pam Davis,pam.davis6153@example.com,70,Berlin,2022-04-27
6154,Diana Thomas,diana.thomas6154@example.com,68,Jaipur,2023-05-15
6155,Frank Hall,frank.hall6155@example.com,34,New York,2022-03-02
6156,Lena Moore,lena.moore6156@example.com,52,Tokyo,2023-01-04
6157,Oscar Brown,oscar.brown6157@example.com,68,Chennai,2022-08-18
6158,Eve Davis,eve.davis6158@example.com,50,Jaipur,2025-03-21
6159,Charlie Brown,charlie.brown6159@example.com,27,Sydney,2023-05-11
6160,Bob Lee,bob.lee6160@example.com,55,Pune,2023-11-10
6161,Karl Garcia,karl.garcia6161@example.com,43,Pune,2022-12-29
6162,Judy Martin,judy.martin6162@example.com,34,Hyderabad,2022-11-04
6163,Eve Taylor,eve.taylor6163@example.com,49,Tokyo,2023-07-08
6164,Grace Wilson,grace.wilson6164@example.com,54,Pune,2025-04-10
6165,Charlie Lee,charlie.lee6165@example.com,29,London,2020-09-23
6166,Charlie Johnson,charlie.johnson6166@example.com,21,London,2022-12-23
6167,Oscar Anderson,oscar.anderson6167@example.com,20,Tokyo,2023-11-28
6168,Lena Martin,lena.martin6168@example.com,53,Toronto,2024-07-11
6169,Tina Smith,tina.smith6169@example.com,60,Hyderabad,2024-12-29
6170,Charlie Wilson,charlie.wilson6170@example.com,72,New York,2024-11-02
6171,Pam Miller,pam.miller6171@example.com,62,New York,2024-06-22
6172,Heidi Thomas,heidi.thomas6172@example.com,27,Sydney,2020-07-31
6173,Sam Thomas,sam.thomas6173@example.com,57,Berlin,2023-11-23
6174,Lena Brown,lena.brown6174@example.com,56,Sydney,2024-02-14
6175,Diana Wilson,diana.wilson6175@example.com,24,Paris,2020-12-25
6176,Eve Hall,eve.hall6176@example.com,49,Toronto,2024-03-12
6177,Ivan Taylor,ivan.taylor6177@example.com,32,Delhi,2022-07-19
6178,Frank Brown,frank.brown6178@example.com,19,Sydney,2024-10-21
6179,Judy Brown,judy.brown6179@example.com,27,London,2022-02-08
6180,Frank Garcia,frank.garcia6180@example.com,61,Sydney,2023-11-04
6181,Ivan Thomas,ivan.thomas6181@example.com,74,Chennai,2022-02-22
6182,Grace Hall,grace.hall6182@example.com,30,Kolkata,2024-02-16
6183,Alice Martin,alice.martin6183@example.com,52,Jaipur,2021-02-04
6184,Grace Miller,grace.miller6184@example.com,36,Berlin,2022-06-25
6185,Alice Miller,alice.miller6185@example.com,50,Jaipur,2022-11-28
6186,Pam Anderson,pam.anderson6186@example.com,56,Bangalore,2025-03-04
6187,Karl Smith,karl.smith6187@example.com,35,Mumbai,2020-02-12
6188,Frank Smith,frank.smith6188@example.com,73,Sydney,2023-06-11
6189,Mike Lee,mike.lee6189@example.com,50,Chennai,2021-12-16
6190,Charlie Thomas,charlie.thomas6190@example.com,67,Jaipur,2021-10-03
6191,Grace Lee,grace.lee6191@example.com,61,Mumbai,2022-10-14
6192,Ivan Thomas,ivan.thomas6192@example.com,62,Hyderabad,2021-01-07
6193,Mike Garcia,mike.garcia6193@example.com,58,Chennai,2021-03-04
6194,Frank Hall,frank.hall6194@example.com,56,Kolkata,2021-10-10
6195,Nina Taylor,nina.taylor6195@example.com,35,Paris,2022-07-15
6196,Pam Wilson,pam.wilson6196@example.com,38,Pune,2020-12-15
6197,Frank Hall,frank.hall6197@example.com,40,Bangalore,2020-11-10
6198,Alice Garcia,alice.garcia6198@example.com,23,Hyderabad,2022-03-28
6199,Lena Anderson,lena.anderson6199@example.com,23,Paris,2024-07-15
6200,Tina Brown,tina.brown6200@example.com,19,Chennai,2022-01-25
6201,Sam Martin,sam.martin6201@example.com,28,Paris,2023-04-28
6202,Judy Johnson,judy.johnson6202@example.com,22,Sydney,2025-03-07
6203,Nina Taylor,nina.taylor6203@example.com,20,Paris,2023-04-26
6204,Karl Davis,karl.davis6204@example.com,66,Chennai,2023-12-06
6205,Sam Garcia,sam.garcia6205@example.com,32,Toronto,2021-05-15
6206,Oscar Moore,oscar.moore6206@example.com,64,Pune,2020-11-11
6207,Nina Brown,nina.brown6207@example.com,70,Bangalore,2024-01-20
6208,Judy Moore,judy.moore6208@example.com,66,Paris,2020-03-28
6209,Nina Garcia,nina.garcia6209@example.com,22,Sydney,2023-09-20
6210,Ivan Thomas,ivan.thomas6210@example.com,50,New York,2023-08-16
6211,Rita Davis,rita.davis6211@example.com,24,Tokyo,2021-02-23
6212,Diana Taylor,diana.taylor6212@example.com,59,Delhi,2024-04-06
6213,Bob Smith,bob.smith6213@example.com,35,Bangalore,2022-12-30
6214,Heidi Martin,heidi.martin6214@example.com,72,Paris,2020-05-11
6215,Charlie Brown,charlie.brown6215@example.com,72,Paris,2020-07-12
6216,Frank Lee,frank.lee6216@example.com,22,Sydney,2024-03-14
6217,Judy Anderson,judy.anderson6217@example.com,60,Hyderabad,2024-12-14
6218,Diana Martin,diana.martin6218@example.com,41,Delhi,2020-11-10
6219,Nina Anderson,nina.anderson6219@example.com,44,Delhi,2022-10-19
6220,Mike Miller,mike.miller6220@example.com,75,New York,2020-07-31
6221,Sam Johnson,sam.johnson6221@example.com,51,Sydney,2021-06-20
6222,Rita Anderson,rita.anderson6222@example.com,21,Toronto,2021-09-25
6223,Judy Lee,judy.lee6223@example.com,26,Jaipur,2024-09-09
6224,Alice Smith,alice.smith6224@example.com,68,Toronto,2020-12-29
6225,Sam Hall,sam.hall6225@example.com,50,Hyderabad,2025-03-24
6226,Pam Wilson,pam.wilson6226@example.com,58,Delhi,2022-09-10
6227,Heidi Walker,heidi.walker6227@example.com,38,Delhi,2021-11-01
6228,Mike Moore,mike.moore6228@example.com,43,Berlin,2025-04-20
6229,Mike Martin,mike.martin6229@example.com,37,Pune,2024-03-06
6230,Diana Thomas,diana.thomas6230@example.com,45,Kolkata,2020-09-21
6231,Grace Miller,grace.miller6231@example.com,60,Paris,2020-08-16
6232,Tina Brown,tina.brown6232@example.com,63,Hyderabad,2022-06-12
6233,Eve Brown,eve.brown6233@example.com,22,Tokyo,2021-01-09
6234,Alice Miller,alice.miller6234@example.com,62,London,2020-04-03
6235,Judy Brown,judy.brown6235@example.com,57,Berlin,2022-12-25
6236,Grace Lee,grace.lee6236@example.com,25,Berlin,2024-02-09
6237,Pam Anderson,pam.anderson6237@example.com,74,Bangalore,2024-05-01
6238,Diana Johnson,diana.johnson6238@example.com,48,Jaipur,2023-06-13
6239,Oscar Brown,oscar.brown6239@example.com,70,Pune,2022-04-12
6240,Sam Thomas,sam.thomas6240@example.com,56,Bangalore,2021-07-22
6241,Sam Martin,sam.martin6241@example.com,51,London,2023-08-27
6242,Frank Anderson,frank.anderson6242@example.com,62,Tokyo,2020-08-15
6243,Rita Smith,rita.smith6243@example.com,21,Tokyo,2024-11-27
6244,Nina Garcia,nina.garcia6244@example.com,44,New York,2024-02-19
6245,Frank Martin,frank.martin6245@example.com,18,New York,2020-01-12
6246,Lena Hall,lena.hall6246@example.com,30,Kolkata,2020-11-26
6247,Rita Davis,rita.davis6247@example.com,30,Delhi,2022-03-22
6248,Grace Walker,grace.walker6248@example.com,24,New York,2021-10-20
6249,Bob Davis,bob.davis6249@example.com,69,Paris,2021-07-07
6250,Heidi Hall,heidi.hall6250@example.com,51,Hyderabad,2021-04-26
6251,Rita Martin,rita.martin6251@example.com,18,Hyderabad,2021-12-28
6252,Rita Martin,rita.martin6252@example.com,28,Hyderabad,2022-05-05
6253,Tina Brown,tina.brown6253@example.com,60,Pune,2023-03-02
6254,Tina Smith,tina.smith6254@example.com,21,Mumbai,2022-03-26
6255,Rita Martin,rita.martin6255@example.com,45,Paris,2024-08-11
6256,Oscar Lee,oscar.lee6256@example.com,45,Hyderabad,2021-05-14
6257,Heidi Brown,heidi.brown6257@example.com,72,Delhi,2024-12-26
6258,Grace Hall,grace.hall6258@example.com,73,Delhi,2023-06-02
6259,Mike Moore,mike.moore6259@example.com,68,Hyderabad,2025-05-19
6260,Grace Taylor,grace.taylor6260@example.com,70,Mumbai,2022-04-14
6261,Charlie Anderson,charlie.anderson6261@example.com,39,Chennai,2020-08-21
6262,Rita Hall,rita.hall6262@example.com,69,Pune,2024-08-21
6263,Mike Brown,mike.brown6263@example.com,43,Mumbai,2020-08-02
6264,Heidi Garcia,heidi.garcia6264@example.com,53,Berlin,2025-05-30
6265,Diana Smith,diana.smith6265@example.com,22,Tokyo,2020-11-13
6266,Quinn Lee,quinn.lee6266@example.com,28,Tokyo,2025-01-17
6267,Heidi Martin,heidi.martin6267@example.com,56,Paris,2020-07-22
6268,Rita Walker,rita.walker6268@example.com,50,Kolkata,2025-06-11
6269,Heidi Davis,heidi.davis6269@example.com,75,Paris,2022-08-02
6270,Tina Martin,tina.martin6270@example.com,72,London,2022-12-18
6271,Pam Davis,pam.davis6271@example.com,63,Pune,2024-02-16
6272,Alice Garcia,alice.garcia6272@example.com,75,Mumbai,2022-10-06
6273,Mike Johnson,mike.johnson6273@example.com,59,New York,2022-05-15
6274,Lena Walker,lena.walker6274@example.com,55,Paris,2020-01-13
6275,Rita Anderson,rita.anderson6275@example.com,24,Jaipur,2023-09-01
6276,Ivan Taylor,ivan.taylor6276@example.com,67,London,2023-06-26
6277,Eve Wilson,eve.wilson6277@example.com,56,Mumbai,2025-05-12
6278,Nina Johnson,nina.johnson6278@example.com,47,Hyderabad,2022-10-27
6279,Diana Davis,diana.davis6279@example.com,55,Toronto,2023-04-01
6280,Rita Moore,rita.moore6280@example.com,33,Delhi,2023-11-19
6281,Judy Davis,judy.davis6281@example.com,60,Mumbai,2020-12-30
6282,Alice Martin,alice.martin6282@example.com,70,Kolkata,2020-11-04
6283,Mike Garcia,mike.garcia6283@example.com,41,Kolkata,2025-05-06
6284,Mike Anderson,mike.anderson6284@example.com,42,Pune,2020-12-15
6285,Tina Walker,tina.walker6285@example.com,40,Bangalore,2024-08-25
6286,Diana Brown,diana.brown6286@example.com,38,Mumbai,2021-02-22
6287,Judy Thomas,judy.thomas6287@example.com,50,Bangalore,2023-03-04
6288,Frank Davis,frank.davis6288@example.com,38,Tokyo,2023-05-18
6289,Ivan Moore,ivan.moore6289@example.com,45,Chennai,2023-07-27
6290,Alice Lee,alice.lee6290@example.com,46,Kolkata,2021-09-02
6291,Eve Thomas,eve.thomas6291@example.com,73,Bangalore,2020-02-16
6292,Oscar Miller,oscar.miller6292@example.com,58,Mumbai,2020-10-19
6293,Tina Garcia,tina.garcia6293@example.com,45,Bangalore,2021-09-15
6294,Charlie Lee,charlie.lee6294@example.com,46,Bangalore,2023-06-21
6295,Mike Wilson,mike.wilson6295@example.com,19,Delhi,2020-01-08
6296,Rita Lee,rita.lee6296@example.com,56,Mumbai,2021-09-20
6297,Pam Miller,pam.miller6297@example.com,53,Sydney,2023-11-05
6298,Tina Walker,tina.walker6298@example.com,54,Berlin,2022-04-10
6299,Ivan Johnson,ivan.johnson6299@example.com,50,Tokyo,2024-07-01
6300,Tina Lee,tina.lee6300@example.com,50,Jaipur,2021-09-11
6301,Diana Garcia,diana.garcia6301@example.com,47,Tokyo,2021-08-14
6302,Oscar Anderson,oscar.anderson6302@example.com,58,Sydney,2021-02-26
6303,Mike Martin,mike.martin6303@example.com,55,Delhi,2024-07-13
6304,Rita Johnson,rita.johnson6304@example.com,42,Berlin,2024-05-09
6305,Sam Anderson,sam.anderson6305@example.com,19,Berlin,2021-08-16
6306,Karl Smith,karl.smith6306@example.com,68,Bangalore,2020-12-07
6307,Quinn Lee,quinn.lee6307@example.com,43,Hyderabad,2020-01-21
6308,Karl Brown,karl.brown6308@example.com,25,Jaipur,2024-12-22
6309,Bob Brown,bob.brown6309@example.com,43,Paris,2025-05-22
6310,Oscar Smith,oscar.smith6310@example.com,43,Toronto,2021-08-16
6311,Rita Thomas,rita.thomas6311@example.com,75,New York,2020-02-07
6312,Rita Brown,rita.brown6312@example.com,35,Delhi,2024-09-03
6313,Ivan Davis,ivan.davis6313@example.com,51,London,2024-04-26
6314,Heidi Smith,heidi.smith6314@example.com,53,Hyderabad,2023-01-10
6315,Sam Anderson,sam.anderson6315@example.com,30,Jaipur,2023-09-25
6316,Bob Davis,bob.davis6316@example.com,48,Berlin,2023-09-27
6317,Rita Anderson,rita.anderson6317@example.com,33,Bangalore,2023-05-03
6318,Pam Miller,pam.miller6318@example.com,71,Jaipur,2024-03-02
6319,Diana Anderson,diana.anderson6319@example.com,40,Toronto,2024-11-07
6320,Heidi Smith,heidi.smith6320@example.com,27,Hyderabad,2025-05-20
6321,Oscar Lee,oscar.lee6321@example.com,41,Hyderabad,2020-01-27
6322,Bob Smith,bob.smith6322@example.com,31,New York,2023-10-23
6323,Lena Martin,lena.martin6323@example.com,42,Pune,2023-10-22
6324,Mike Johnson,mike.johnson6324@example.com,55,Hyderabad,2024-11-15
6325,Tina Davis,tina.davis6325@example.com,59,Tokyo,2020-02-05
6326,Lena Garcia,lena.garcia6326@example.com,36,London,2023-02-16
6327,Ivan Lee,ivan.lee6327@example.com,54,Tokyo,2024-08-17
6328,Oscar Anderson,oscar.anderson6328@example.com,60,Jaipur,2025-01-11
6329,Judy Garcia,judy.garcia6329@example.com,46,Bangalore,2020-04-16
6330,Quinn Lee,quinn.lee6330@example.com,48,Hyderabad,2024-01-16
6331,Alice Moore,alice.moore6331@example.com,25,Delhi,2022-08-24
6332,Frank Garcia,frank.garcia6332@example.com,74,Chennai,2024-07-03
6333,Bob Smith,bob.smith6333@example.com,25,Chennai,2024-03-16
6334,Grace Garcia,grace.garcia6334@example.com,41,Hyderabad,2023-11-09
6335,Diana Smith,diana.smith6335@example.com,32,Berlin,2025-02-24
6336,Judy Miller,judy.miller6336@example.com,34,Paris,2023-05-16
6337,Tina Smith,tina.smith6337@example.com,43,Mumbai,2021-07-15
6338,Karl Garcia,karl.garcia6338@example.com,53,Hyderabad,2025-03-17
6339,Mike Walker,mike.walker6339@example.com,41,Paris,2021-09-08
6340,Bob Garcia,bob.garcia6340@example.com,27,Pune,2024-05-12
6341,Eve Johnson,eve.johnson6341@example.com,38,Hyderabad,2021-12-05
6342,Tina Thomas,tina.thomas6342@example.com,45,Jaipur,2022-09-05
6343,Eve Davis,eve.davis6343@example.com,45,Pune,2020-12-31
6344,Frank Walker,frank.walker6344@example.com,29,London,2023-06-01
6345,Alice Davis,alice.davis6345@example.com,33,Tokyo,2025-03-23
6346,Judy Wilson,judy.wilson6346@example.com,68,New York,2021-06-13
6347,Pam Miller,pam.miller6347@example.com,48,Hyderabad,2022-03-07
6348,Judy Anderson,judy.anderson6348@example.com,36,Chennai,2024-05-27
6349,Karl Davis,karl.davis6349@example.com,56,Tokyo,2023-05-15
6350,Nina Davis,nina.davis6350@example.com,28,London,2024-10-02
6351,Heidi Anderson,heidi.anderson6351@example.com,32,Sydney,2020-01-13
6352,Pam Walker,pam.walker6352@example.com,23,Paris,2021-08-11
6353,Karl Martin,karl.martin6353@example.com,40,Tokyo,2020-07-27
6354,Frank Martin,frank.martin6354@example.com,71,Jaipur,2025-01-16
6355,Tina Smith,tina.smith6355@example.com,18,Kolkata,2021-05-25
6356,Mike Brown,mike.brown6356@example.com,60,Paris,2025-04-22
6357,Charlie Hall,charlie.hall6357@example.com,73,London,2025-03-18
6358,Pam Taylor,pam.taylor6358@example.com,67,Chennai,2020-10-20
6359,Oscar Wilson,oscar.wilson6359@example.com,28,Toronto,2024-04-30
6360,Ivan Anderson,ivan.anderson6360@example.com,59,Delhi,2024-02-07
6361,Heidi Thomas,heidi.thomas6361@example.com,40,Delhi,2021-10-19
6362,Karl Anderson,karl.anderson6362@example.com,38,Paris,2021-01-05
6363,Sam Moore,sam.moore6363@example.com,37,Paris,2023-10-27
6364,Lena Brown,lena.brown6364@example.com,63,Jaipur,2021-10-02
6365,Diana Garcia,diana.garcia6365@example.com,25,Delhi,2021-11-02
6366,Pam Davis,pam.davis6366@example.com,57,London,2022-07-07
6367,Charlie Smith,charlie.smith6367@example.com,39,Hyderabad,2020-04-16
6368,Quinn Walker,quinn.walker6368@example.com,58,New York,2022-01-13
6369,Judy Thomas,judy.thomas6369@example.com,23,Berlin,2022-07-06
6370,Oscar Miller,oscar.miller6370@example.com,35,Mumbai,2021-04-16
6371,Lena Moore,lena.moore6371@example.com,31,Sydney,2024-04-30
6372,Eve Miller,eve.miller6372@example.com,46,Jaipur,2022-12-19
6373,Judy Johnson,judy.johnson6373@example.com,71,Pune,2024-09-24
6374,Oscar Johnson,oscar.johnson6374@example.com,40,Bangalore,2021-09-06
6375,Sam Wilson,sam.wilson6375@example.com,30,Berlin,2021-08-15
6376,Tina Taylor,tina.taylor6376@example.com,20,Sydney,2021-04-18
6377,Pam Anderson,pam.anderson6377@example.com,52,New York,2021-03-31
6378,Grace Johnson,grace.johnson6378@example.com,51,Tokyo,2022-05-12
6379,Charlie Walker,charlie.walker6379@example.com,68,London,2023-11-10
6380,Grace Taylor,grace.taylor6380@example.com,70,Chennai,2022-12-03
6381,Tina Brown,tina.brown6381@example.com,45,Hyderabad,2020-03-17
6382,Quinn Wilson,quinn.wilson6382@example.com,50,Delhi,2024-12-26
6383,Frank Lee,frank.lee6383@example.com,53,London,2021-12-23
6384,Frank Wilson,frank.wilson6384@example.com,52,Mumbai,2021-02-06
6385,Alice Miller,alice.miller6385@example.com,70,Delhi,2022-06-09
6386,Frank Davis,frank.davis6386@example.com,61,London,2021-10-03
6387,Frank Johnson,frank.johnson6387@example.com,46,Kolkata,2021-09-18
6388,Nina Davis,nina.davis6388@example.com,71,Chennai,2021-03-11
6389,Karl Martin,karl.martin6389@example.com,32,Mumbai,2024-07-21
6390,Quinn Smith,quinn.smith6390@example.com,24,Delhi,2023-03-02
6391,Diana Davis,diana.davis6391@example.com,45,Chennai,2022-09-06
6392,Grace Miller,grace.miller6392@example.com,35,Jaipur,2022-02-20
6393,Pam Johnson,pam.johnson6393@example.com,65,Mumbai,2022-06-25
6394,Mike Hall,mike.hall6394@example.com,28,Bangalore,2024-07-14
6395,Mike Thomas,mike.thomas6395@example.com,22,Berlin,2021-04-04
6396,Grace Walker,grace.walker6396@example.com,43,Paris,2023-04-18
6397,Tina Thomas,tina.thomas6397@example.com,34,Hyderabad,2022-02-09
6398,Nina Miller,nina.miller6398@example.com,75,Sydney,2020-04-17
6399,Tina Thomas,tina.thomas6399@example.com,54,Bangalore,2024-06-06
6400,Alice Martin,alice.martin6400@example.com,20,London,2020-04-08
6401,Rita Thomas,rita.thomas6401@example.com,53,Sydney,2022-09-09
6402,Heidi Thomas,heidi.thomas6402@example.com,19,Delhi,2025-01-29
6403,Heidi Walker,heidi.walker6403@example.com,61,Kolkata,2021-11-28
6404,Frank Johnson,frank.johnson6404@example.com,63,London,2023-01-11
6405,Tina Garcia,tina.garcia6405@example.com,60,Delhi,2021-08-17
6406,Judy Brown,judy.brown6406@example.com,59,Berlin,2022-03-09
6407,Ivan Martin,ivan.martin6407@example.com,50,Pune,2022-11-24
6408,Judy Thomas,judy.thomas6408@example.com,66,Hyderabad,2024-09-15
6409,Tina Martin,tina.martin6409@example.com,47,Bangalore,2022-01-29
6410,Oscar Brown,oscar.brown6410@example.com,53,Hyderabad,2024-11-30
6411,Lena Walker,lena.walker6411@example.com,67,Hyderabad,2022-10-01
6412,Karl Moore,karl.moore6412@example.com,63,Bangalore,2021-12-14
6413,Quinn Brown,quinn.brown6413@example.com,51,Kolkata,2020-08-15
6414,Sam Smith,sam.smith6414@example.com,29,Paris,2020-05-26
6415,Oscar Martin,oscar.martin6415@example.com,55,Mumbai,2024-02-06
6416,Rita Thomas,rita.thomas6416@example.com,60,Hyderabad,2023-09-18
6417,Charlie Walker,charlie.walker6417@example.com,26,Berlin,2022-12-19
6418,Rita Taylor,rita.taylor6418@example.com,58,Bangalore,2025-02-01
6419,Oscar Hall,oscar.hall6419@example.com,23,Mumbai,2020-01-30
6420,Karl Lee,karl.lee6420@example.com,55,Delhi,2021-09-04
6421,Ivan Hall,ivan.hall6421@example.com,39,Pune,2020-07-21
6422,Ivan Lee,ivan.lee6422@example.com,31,Toronto,2022-10-13
6423,Frank Anderson,frank.anderson6423@example.com,43,Delhi,2020-08-02
6424,Charlie Brown,charlie.brown6424@example.com,64,Tokyo,2023-07-31
6425,Alice Taylor,alice.taylor6425@example.com,51,Delhi,2021-11-30
6426,Nina Walker,nina.walker6426@example.com,52,London,2024-05-06
6427,Charlie Thomas,charlie.thomas6427@example.com,33,Bangalore,2022-10-03
6428,Rita Johnson,rita.johnson6428@example.com,35,Hyderabad,2021-11-20
6429,Sam Smith,sam.smith6429@example.com,74,Jaipur,2020-02-16
6430,Tina Moore,tina.moore6430@example.com,73,Jaipur,2024-01-14
6431,Sam Moore,sam.moore6431@example.com,72,Paris,2024-09-02
6432,Diana Wilson,diana.wilson6432@example.com,47,Bangalore,2020-04-06
6433,Lena Davis,lena.davis6433@example.com,27,Delhi,2024-10-30
6434,Nina Hall,nina.hall6434@example.com,45,Bangalore,2021-03-01
6435,Heidi Walker,heidi.walker6435@example.com,68,Sydney,2020-07-02
6436,Karl Martin,karl.martin6436@example.com,50,Delhi,2024-03-17
6437,Alice Lee,alice.lee6437@example.com,64,Mumbai,2025-05-22
6438,Alice Lee,alice.lee6438@example.com,71,Chennai,2021-10-14
6439,Grace Brown,grace.brown6439@example.com,61,Toronto,2020-02-10
6440,Diana Johnson,diana.johnson6440@example.com,54,Tokyo,2024-05-31
6441,Sam Johnson,sam.johnson6441@example.com,18,Tokyo,2025-05-17
6442,Rita Brown,rita.brown6442@example.com,72,Bangalore,2022-08-29
6443,Judy Brown,judy.brown6443@example.com,59,Jaipur,2021-10-07
6444,Lena Johnson,lena.johnson6444@example.com,33,Kolkata,2022-05-23
6445,Bob Thomas,bob.thomas6445@example.com,21,Kolkata,2022-12-23
6446,Karl Walker,karl.walker6446@example.com,52,Pune,2020-07-25
6447,Quinn Martin,quinn.martin6447@example.com,25,New York,2021-08-03
6448,Karl Smith,karl.smith6448@example.com,74,Paris,2021-09-05
6449,Grace Martin,grace.martin6449@example.com,47,Tokyo,2022-03-31
6450,Charlie Hall,charlie.hall6450@example.com,39,Hyderabad,2023-11-28
6451,Quinn Wilson,quinn.wilson6451@example.com,31,Toronto,2024-03-31
6452,Mike Brown,mike.brown6452@example.com,46,London,2021-03-20
6453,Lena Anderson,lena.anderson6453@example.com,64,Bangalore,2022-04-01
6454,Sam Taylor,sam.taylor6454@example.com,31,Sydney,2021-05-10
6455,Tina Smith,tina.smith6455@example.com,63,New York,2023-07-07
6456,Karl Anderson,karl.anderson6456@example.com,38,Jaipur,2025-06-23
6457,Nina Johnson,nina.johnson6457@example.com,41,Chennai,2025-05-11
6458,Judy Wilson,judy.wilson6458@example.com,60,Tokyo,2020-06-25
6459,Karl Walker,karl.walker6459@example.com,42,Jaipur,2022-02-08
6460,Heidi Thomas,heidi.thomas6460@example.com,49,Bangalore,2021-01-15
6461,Lena Davis,lena.davis6461@example.com,68,Hyderabad,2020-08-24
6462,Diana Garcia,diana.garcia6462@example.com,36,Tokyo,2022-03-15
6463,Tina Smith,tina.smith6463@example.com,60,Paris,2024-09-12
6464,Quinn Hall,quinn.hall6464@example.com,33,Mumbai,2022-09-22
6465,Frank Wilson,frank.wilson6465@example.com,19,Jaipur,2020-11-20
6466,Rita Thomas,rita.thomas6466@example.com,44,Pune,2023-08-24
6467,Mike Garcia,mike.garcia6467@example.com,18,Sydney,2025-02-15
6468,Heidi Miller,heidi.miller6468@example.com,29,Delhi,2020-06-17
6469,Mike Lee,mike.lee6469@example.com,34,Berlin,2020-05-20
6470,Nina Johnson,nina.johnson6470@example.com,20,Hyderabad,2020-08-02
6471,Tina Martin,tina.martin6471@example.com,47,Sydney,2023-07-23
6472,Grace Davis,grace.davis6472@example.com,52,Jaipur,2024-08-02
6473,Judy Garcia,judy.garcia6473@example.com,71,Berlin,2020-03-28
6474,Lena Johnson,lena.johnson6474@example.com,20,Tokyo,2023-10-02
6475,Rita Anderson,rita.anderson6475@example.com,18,Paris,2022-10-01
6476,Grace Smith,grace.smith6476@example.com,34,Paris,2022-09-23
6477,Nina Taylor,nina.taylor6477@example.com,45,Paris,2025-03-27
6478,Quinn Walker,quinn.walker6478@example.com,24,Berlin,2023-07-21
6479,Ivan Moore,ivan.moore6479@example.com,35,Mumbai,2020-08-25
6480,Quinn Lee,quinn.lee6480@example.com,55,Tokyo,2023-04-27
6481,Karl Lee,karl.lee6481@example.com,31,Hyderabad,2020-02-14
6482,Sam Garcia,sam.garcia6482@example.com,54,Pune,2020-04-01
6483,Nina Wilson,nina.wilson6483@example.com,43,Berlin,2023-11-24
6484,Tina Moore,tina.moore6484@example.com,62,Hyderabad,2020-01-08
6485,Sam Brown,sam.brown6485@example.com,29,Delhi,2023-01-03
6486,Ivan Thomas,ivan.thomas6486@example.com,50,Mumbai,2024-04-16
6487,Ivan Walker,ivan.walker6487@example.com,38,Pune,2025-05-21
6488,Lena Johnson,lena.johnson6488@example.com,72,Kolkata,2021-04-30
6489,Karl Anderson,karl.anderson6489@example.com,65,Hyderabad,2022-07-18
6490,Eve Walker,eve.walker6490@example.com,49,London,2022-07-17
6491,Ivan Hall,ivan.hall6491@example.com,30,New York,2023-08-07
6492,Nina Lee,nina.lee6492@example.com,53,Delhi,2020-09-02
6493,Diana Lee,diana.lee6493@example.com,42,Jaipur,2024-08-31
6494,Ivan Lee,ivan.lee6494@example.com,64,Pune,2024-08-24
6495,Bob Taylor,bob.taylor6495@example.com,37,Tokyo,2023-04-24
6496,Quinn Lee,quinn.lee6496@example.com,51,Hyderabad,2020-05-13
6497,Quinn Wilson,quinn.wilson6497@example.com,31,Delhi,2022-08-20
6498,Oscar Moore,oscar.moore6498@example.com,65,Sydney,2025-05-23
6499,Quinn Taylor,quinn.taylor6499@example.com,64,Tokyo,2021-03-15
6500,Mike Miller,mike.miller6500@example.com,66,Mumbai,2022-07-09
6501,Alice Walker,alice.walker6501@example.com,34,London,2021-04-21
6502,Alice Thomas,alice.thomas6502@example.com,18,Bangalore,2025-02-13
6503,Diana Davis,diana.davis6503@example.com,30,Delhi,2024-08-18
6504,Nina Smith,nina.smith6504@example.com,29,Delhi,2020-09-18
6505,Mike Brown,mike.brown6505@example.com,40,Berlin,2024-05-31
6506,Frank Smith,frank.smith6506@example.com,34,London,2023-09-03
6507,Frank Walker,frank.walker6507@example.com,73,Tokyo,2025-01-05
6508,Charlie Thomas,charlie.thomas6508@example.com,20,Kolkata,2023-08-29
6509,Lena Wilson,lena.wilson6509@example.com,47,Paris,2020-01-15
6510,Ivan Lee,ivan.lee6510@example.com,35,London,2020-02-10
6511,Bob Martin,bob.martin6511@example.com,62,Mumbai,2023-11-13
6512,Sam Walker,sam.walker6512@example.com,63,Berlin,2020-07-23
6513,Sam Taylor,sam.taylor6513@example.com,28,Berlin,2022-01-30
6514,Heidi Walker,heidi.walker6514@example.com,53,Chennai,2020-06-03
6515,Bob Thomas,bob.thomas6515@example.com,48,Kolkata,2023-06-15
6516,Judy Johnson,judy.johnson6516@example.com,58,Hyderabad,2020-10-22
6517,Eve Lee,eve.lee6517@example.com,35,Delhi,2025-05-03
6518,Oscar Smith,oscar.smith6518@example.com,55,Kolkata,2024-02-15
6519,Rita Wilson,rita.wilson6519@example.com,27,Kolkata,2022-03-09
6520,Ivan Walker,ivan.walker6520@example.com,54,Toronto,2021-02-23
6521,Frank Brown,frank.brown6521@example.com,41,London,2022-10-12
6522,Judy Lee,judy.lee6522@example.com,27,Paris,2021-08-16
6523,Alice Miller,alice.miller6523@example.com,71,Hyderabad,2023-11-22
6524,Grace Brown,grace.brown6524@example.com,44,London,2020-08-08
6525,Rita Walker,rita.walker6525@example.com,57,New York,2020-03-13
6526,Grace Miller,grace.miller6526@example.com,42,Delhi,2022-06-02
6527,Diana Martin,diana.martin6527@example.com,42,Tokyo,2020-04-12
6528,Pam Smith,pam.smith6528@example.com,27,Delhi,2022-03-28
6529,Oscar Martin,oscar.martin6529@example.com,59,Paris,2020-04-24
6530,Eve Lee,eve.lee6530@example.com,20,New York,2023-05-02
6531,Karl Lee,karl.lee6531@example.com,68,Tokyo,2022-03-11
6532,Nina Martin,nina.martin6532@example.com,26,London,2023-03-15
6533,Lena Taylor,lena.taylor6533@example.com,44,Delhi,2023-04-09
6534,Alice Smith,alice.smith6534@example.com,39,Mumbai,2022-09-01
6535,Tina Davis,tina.davis6535@example.com,19,New York,2020-07-15
6536,Pam Taylor,pam.taylor6536@example.com,26,Sydney,2025-05-10
6537,Sam Smith,sam.smith6537@example.com,19,Pune,2022-08-02
6538,Grace Thomas,grace.thomas6538@example.com,47,London,2021-01-23
6539,Bob Moore,bob.moore6539@example.com,46,Paris,2020-11-24
6540,Charlie Johnson,charlie.johnson6540@example.com,31,Delhi,2024-07-23
6541,Mike Thomas,mike.thomas6541@example.com,20,Kolkata,2022-11-09
6542,Pam Hall,pam.hall6542@example.com,22,Chennai,2022-03-09
6543,Pam Brown,pam.brown6543@example.com,29,London,2020-02-21
6544,Ivan Davis,ivan.davis6544@example.com,73,Hyderabad,2023-12-24
6545,Ivan Martin,ivan.martin6545@example.com,44,Pune,2020-08-17
6546,Pam Johnson,pam.johnson6546@example.com,54,Paris,2023-01-25
6547,Charlie Wilson,charlie.wilson6547@example.com,71,New York,2022-07-20
6548,Ivan Miller,ivan.miller6548@example.com,33,Toronto,2020-04-20
6549,Eve Walker,eve.walker6549@example.com,32,Pune,2021-09-09
6550,Judy Walker,judy.walker6550@example.com,68,Hyderabad,2025-01-22
6551,Eve Brown,eve.brown6551@example.com,41,Paris,2020-07-09
6552,Mike Smith,mike.smith6552@example.com,27,Sydney,2021-01-05
6553,Grace Hall,grace.hall6553@example.com,55,Berlin,2024-03-26
6554,Charlie Brown,charlie.brown6554@example.com,64,Hyderabad,2025-04-01
6555,Alice Thomas,alice.thomas6555@example.com,35,Berlin,2024-02-28
6556,Oscar Lee,oscar.lee6556@example.com,71,Mumbai,2024-12-14
6557,Frank Garcia,frank.garcia6557@example.com,57,New York,2021-03-02
6558,Frank Garcia,frank.garcia6558@example.com,59,Chennai,2021-12-24
6559,Karl Johnson,karl.johnson6559@example.com,32,Hyderabad,2020-09-24
6560,Pam Garcia,pam.garcia6560@example.com,23,Chennai,2022-08-11
6561,Tina Walker,tina.walker6561@example.com,37,Kolkata,2023-02-15
6562,Alice Moore,alice.moore6562@example.com,26,Berlin,2025-04-25
6563,Lena Walker,lena.walker6563@example.com,62,Sydney,2023-04-11
6564,Rita Davis,rita.davis6564@example.com,25,Toronto,2020-03-16
6565,Eve Johnson,eve.johnson6565@example.com,24,Bangalore,2023-09-28
6566,Diana Davis,diana.davis6566@example.com,52,Bangalore,2025-03-03
6567,Charlie Brown,charlie.brown6567@example.com,69,Toronto,2023-01-11
6568,Mike Lee,mike.lee6568@example.com,62,Berlin,2024-02-09
6569,Tina Lee,tina.lee6569@example.com,52,Hyderabad,2022-04-27
6570,Ivan Wilson,ivan.wilson6570@example.com,53,Toronto,2024-06-08
6571,Quinn Moore,quinn.moore6571@example.com,44,Paris,2021-03-14
6572,Oscar Garcia,oscar.garcia6572@example.com,21,Hyderabad,2020-01-20
6573,Quinn Anderson,quinn.anderson6573@example.com,35,Berlin,2022-07-23
6574,Ivan Smith,ivan.smith6574@example.com,50,Kolkata,2021-04-17
6575,Oscar Walker,oscar.walker6575@example.com,60,Delhi,2025-06-22
6576,Charlie Thomas,charlie.thomas6576@example.com,25,Bangalore,2020-03-07
6577,Pam Miller,pam.miller6577@example.com,57,Jaipur,2023-03-07
6578,Eve Johnson,eve.johnson6578@example.com,45,Berlin,2020-03-30
6579,Bob Garcia,bob.garcia6579@example.com,54,Kolkata,2024-01-27
6580,Quinn Hall,quinn.hall6580@example.com,70,Pune,2025-01-04
6581,Grace Garcia,grace.garcia6581@example.com,56,Kolkata,2023-07-04
6582,Eve Walker,eve.walker6582@example.com,30,Pune,2021-10-29
6583,Heidi Miller,heidi.miller6583@example.com,52,Berlin,2022-11-10
6584,Nina Miller,nina.miller6584@example.com,46,New York,2022-10-29
6585,Frank Johnson,frank.johnson6585@example.com,32,Bangalore,2025-05-31
6586,Quinn Garcia,quinn.garcia6586@example.com,38,Berlin,2022-06-03
6587,Frank Brown,frank.brown6587@example.com,63,Jaipur,2020-01-20
6588,Frank Johnson,frank.johnson6588@example.com,28,Tokyo,2024-03-02
6589,Pam Moore,pam.moore6589@example.com,65,Paris,2024-11-09
6590,Alice Davis,alice.davis6590@example.com,75,Sydney,2020-01-04
6591,Grace Lee,grace.lee6591@example.com,31,New York,2020-05-04
6592,Alice Smith,alice.smith6592@example.com,53,Delhi,2022-02-10
6593,Heidi Lee,heidi.lee6593@example.com,36,Kolkata,2024-01-02
6594,Mike Wilson,mike.wilson6594@example.com,33,Bangalore,2020-08-15
6595,Tina Smith,tina.smith6595@example.com,18,Delhi,2022-12-03
6596,Sam Lee,sam.lee6596@example.com,67,Bangalore,2020-07-03
6597,Diana Miller,diana.miller6597@example.com,25,Toronto,2024-06-22
6598,Alice Smith,alice.smith6598@example.com,55,Jaipur,2024-10-07
6599,Charlie Garcia,charlie.garcia6599@example.com,54,Pune,2024-02-27
6600,Eve Walker,eve.walker6600@example.com,33,Paris,2023-11-04
6601,Pam Taylor,pam.taylor6601@example.com,47,Kolkata,2024-08-30
6602,Sam Moore,sam.moore6602@example.com,52,Pune,2023-03-28
6603,Oscar Martin,oscar.martin6603@example.com,63,Bangalore,2020-04-01
6604,Mike Smith,mike.smith6604@example.com,52,Pune,2024-02-10
6605,Karl Miller,karl.miller6605@example.com,52,Jaipur,2025-05-01
6606,Charlie Walker,charlie.walker6606@example.com,73,Hyderabad,2023-01-26
6607,Nina Wilson,nina.wilson6607@example.com,34,Toronto,2021-05-16
6608,Bob Smith,bob.smith6608@example.com,19,Hyderabad,2023-05-07
6609,Sam Anderson,sam.anderson6609@example.com,35,Chennai,2021-03-24
6610,Heidi Garcia,heidi.garcia6610@example.com,25,Hyderabad,2020-07-17
6611,Heidi Wilson,heidi.wilson6611@example.com,23,Hyderabad,2020-07-15
6612,Quinn Hall,quinn.hall6612@example.com,23,Sydney,2020-07-08
6613,Tina Anderson,tina.anderson6613@example.com,59,Sydney,2023-11-22
6614,Ivan Davis,ivan.davis6614@example.com,50,Paris,2024-04-03
6615,Sam Lee,sam.lee6615@example.com,37,Paris,2025-06-15
6616,Alice Taylor,alice.taylor6616@example.com,58,Berlin,2024-07-06
6617,Alice Johnson,alice.johnson6617@example.com,41,Tokyo,2021-10-25
6618,Heidi Miller,heidi.miller6618@example.com,44,Toronto,2020-03-02
6619,Oscar Davis,oscar.davis6619@example.com,42,Bangalore,2023-05-28
6620,Tina Miller,tina.miller6620@example.com,36,Bangalore,2024-12-28
6621,Ivan Walker,ivan.walker6621@example.com,43,Toronto,2022-06-23
6622,Eve Martin,eve.martin6622@example.com,21,London,2020-04-29
6623,Rita Brown,rita.brown6623@example.com,35,Hyderabad,2023-08-11
6624,Alice Lee,alice.lee6624@example.com,26,Kolkata,2024-04-25
6625,Rita Hall,rita.hall6625@example.com,23,Kolkata,2022-11-04
6626,Eve Hall,eve.hall6626@example.com,26,Chennai,2021-03-31
6627,Quinn Wilson,quinn.wilson6627@example.com,56,Hyderabad,2024-04-19
6628,Judy Smith,judy.smith6628@example.com,27,Hyderabad,2022-03-11
6629,Eve Smith,eve.smith6629@example.com,51,Sydney,2022-10-22
6630,Charlie Wilson,charlie.wilson6630@example.com,34,Kolkata,2021-10-27
6631,Eve Wilson,eve.wilson6631@example.com,32,Pune,2025-02-12
6632,Lena Moore,lena.moore6632@example.com,30,Toronto,2021-09-30
6633,Frank Hall,frank.hall6633@example.com,32,Sydney,2022-07-19
6634,Alice Smith,alice.smith6634@example.com,36,London,2020-11-22
6635,Tina Johnson,tina.johnson6635@example.com,67,Delhi,2025-04-30
6636,Eve Anderson,eve.anderson6636@example.com,62,Sydney,2020-08-07
6637,Rita Johnson,rita.johnson6637@example.com,61,Toronto,2025-04-05
6638,Charlie Moore,charlie.moore6638@example.com,29,Pune,2023-07-17
6639,Karl Davis,karl.davis6639@example.com,54,New York,2021-08-10
6640,Mike Johnson,mike.johnson6640@example.com,74,New York,2020-05-04
6641,Oscar Thomas,oscar.thomas6641@example.com,29,Tokyo,2020-04-23
6642,Ivan Garcia,ivan.garcia6642@example.com,44,New York,2020-04-20
6643,Charlie Brown,charlie.brown6643@example.com,53,Tokyo,2022-12-05
6644,Eve Wilson,eve.wilson6644@example.com,23,New York,2020-07-02
6645,Frank Taylor,frank.taylor6645@example.com,75,Paris,2023-03-08
6646,Nina Johnson,nina.johnson6646@example.com,40,London,2020-09-13
6647,Alice Moore,alice.moore6647@example.com,75,Berlin,2025-04-22
6648,Rita Martin,rita.martin6648@example.com,41,New York,2022-10-16
6649,Nina Garcia,nina.garcia6649@example.com,66,Sydney,2021-04-04
6650,Ivan Miller,ivan.miller6650@example.com,42,Kolkata,2020-04-04
6651,Judy Moore,judy.moore6651@example.com,29,Hyderabad,2020-10-22
6652,Oscar Garcia,oscar.garcia6652@example.com,32,Jaipur,2023-07-22
6653,Judy Garcia,judy.garcia6653@example.com,70,New York,2020-08-07
6654,Tina Johnson,tina.johnson6654@example.com,39,Tokyo,2020-01-15
6655,Lena Wilson,lena.wilson6655@example.com,64,Kolkata,2024-06-23
6656,Grace Martin,grace.martin6656@example.com,37,Mumbai,2024-09-27
6657,Eve Miller,eve.miller6657@example.com,33,Sydney,2023-02-17
6658,Nina Johnson,nina.johnson6658@example.com,49,Toronto,2022-12-31
6659,Frank Brown,frank.brown6659@example.com,38,Pune,2020-07-26
6660,Eve Walker,eve.walker6660@example.com,47,Chennai,2025-05-05
6661,Frank Garcia,frank.garcia6661@example.com,46,New York,2022-11-09
6662,Mike Walker,mike.walker6662@example.com,44,Kolkata,2024-07-15
6663,Mike Hall,mike.hall6663@example.com,40,Hyderabad,2023-12-02
6664,Mike Brown,mike.brown6664@example.com,72,Paris,2021-07-19
6665,Charlie Hall,charlie.hall6665@example.com,57,Hyderabad,2022-06-24
6666,Nina Walker,nina.walker6666@example.com,52,Mumbai,2022-11-11
6667,Ivan Lee,ivan.lee6667@example.com,57,Berlin,2022-08-27
6668,Oscar Walker,oscar.walker6668@example.com,23,Chennai,2020-11-22
6669,Sam Smith,sam.smith6669@example.com,58,Tokyo,2022-01-10
6670,Alice Smith,alice.smith6670@example.com,44,Hyderabad,2020-08-10
6671,Quinn Miller,quinn.miller6671@example.com,50,Bangalore,2022-09-16
6672,Judy Brown,judy.brown6672@example.com,26,Tokyo,2021-10-03
6673,Ivan Lee,ivan.lee6673@example.com,31,Berlin,2020-04-19
6674,Judy Martin,judy.martin6674@example.com,44,Hyderabad,2024-02-22
6675,Mike Anderson,mike.anderson6675@example.com,27,London,2020-11-04
6676,Charlie Davis,charlie.davis6676@example.com,68,Chennai,2022-06-05
6677,Ivan Thomas,ivan.thomas6677@example.com,65,Pune,2021-12-30
6678,Frank Davis,frank.davis6678@example.com,34,Bangalore,2024-05-28
6679,Frank Smith,frank.smith6679@example.com,43,Chennai,2023-11-16
6680,Ivan Lee,ivan.lee6680@example.com,36,Chennai,2024-08-03
6681,Charlie Lee,charlie.lee6681@example.com,25,London,2023-10-05
6682,Tina Wilson,tina.wilson6682@example.com,67,Tokyo,2023-01-24
6683,Rita Johnson,rita.johnson6683@example.com,51,Paris,2022-08-07
6684,Heidi Smith,heidi.smith6684@example.com,72,Chennai,2022-05-28
6685,Heidi Miller,heidi.miller6685@example.com,32,Sydney,2023-10-18
6686,Sam Lee,sam.lee6686@example.com,36,Delhi,2024-11-25
6687,Quinn Lee,quinn.lee6687@example.com,29,Kolkata,2020-05-12
6688,Quinn Anderson,quinn.anderson6688@example.com,35,Bangalore,2024-06-29
6689,Nina Anderson,nina.anderson6689@example.com,19,Toronto,2022-04-09
6690,Ivan Walker,ivan.walker6690@example.com,67,New York,2021-12-12
6691,Diana Walker,diana.walker6691@example.com,24,New York,2021-01-07
6692,Charlie Brown,charlie.brown6692@example.com,70,Hyderabad,2022-01-29
6693,Judy Taylor,judy.taylor6693@example.com,60,Kolkata,2021-07-25
6694,Charlie Lee,charlie.lee6694@example.com,64,Paris,2021-05-21
6695,Alice Johnson,alice.johnson6695@example.com,63,Toronto,2020-04-14
6696,Judy Thomas,judy.thomas6696@example.com,65,Delhi,2022-05-18
6697,Alice Walker,alice.walker6697@example.com,33,Mumbai,2020-10-18
6698,Diana Martin,diana.martin6698@example.com,64,Chennai,2024-11-21
6699,Quinn Garcia,quinn.garcia6699@example.com,21,New York,2021-02-18
6700,Frank Smith,frank.smith6700@example.com,62,Tokyo,2020-08-03
6701,Tina Wilson,tina.wilson6701@example.com,53,Jaipur,2023-04-27
6702,Tina Thomas,tina.thomas6702@example.com,21,London,2020-07-02
6703,Ivan Smith,ivan.smith6703@example.com,18,Tokyo,2021-09-01
6704,Pam Walker,pam.walker6704@example.com,25,Tokyo,2020-08-07
6705,Pam Martin,pam.martin6705@example.com,24,Bangalore,2024-08-11
6706,Oscar Lee,oscar.lee6706@example.com,59,Delhi,2022-04-29
6707,Bob Lee,bob.lee6707@example.com,65,London,2024-12-16
6708,Mike Hall,mike.hall6708@example.com,27,Pune,2025-04-08
6709,Lena Moore,lena.moore6709@example.com,63,Bangalore,2024-03-18
6710,Bob Martin,bob.martin6710@example.com,50,Berlin,2020-07-20
6711,Sam Moore,sam.moore6711@example.com,36,Jaipur,2023-07-26
6712,Oscar Walker,oscar.walker6712@example.com,51,Sydney,2024-11-11
6713,Lena Hall,lena.hall6713@example.com,18,Chennai,2020-09-03
6714,Charlie Taylor,charlie.taylor6714@example.com,46,Sydney,2021-04-02
6715,Karl Anderson,karl.anderson6715@example.com,28,Kolkata,2020-09-01
6716,Alice Wilson,alice.wilson6716@example.com,28,Delhi,2022-12-18
6717,Oscar Anderson,oscar.anderson6717@example.com,65,New York,2022-08-23
6718,Eve Lee,eve.lee6718@example.com,47,Bangalore,2024-04-06
6719,Bob Martin,bob.martin6719@example.com,32,Mumbai,2020-08-17
6720,Nina Johnson,nina.johnson6720@example.com,45,New York,2023-02-05
6721,Quinn Johnson,quinn.johnson6721@example.com,67,Bangalore,2022-08-20
6722,Eve Brown,eve.brown6722@example.com,75,Tokyo,2023-10-18
6723,Tina Hall,tina.hall6723@example.com,66,Bangalore,2023-07-21
6724,Mike Miller,mike.miller6724@example.com,48,Mumbai,2024-05-05
6725,Diana Anderson,diana.anderson6725@example.com,30,Mumbai,2021-11-24
6726,Heidi Smith,heidi.smith6726@example.com,46,Hyderabad,2022-05-08
6727,Rita Walker,rita.walker6727@example.com,24,Hyderabad,2025-01-23
6728,Alice Brown,alice.brown6728@example.com,69,Berlin,2023-01-25
6729,Alice Moore,alice.moore6729@example.com,64,Kolkata,2023-01-29
6730,Lena Lee,lena.lee6730@example.com,40,Mumbai,2024-11-10
6731,Quinn Smith,quinn.smith6731@example.com,18,Paris,2023-08-26
6732,Ivan Moore,ivan.moore6732@example.com,73,Berlin,2021-02-01
6733,Eve Taylor,eve.taylor6733@example.com,74,Toronto,2025-05-28
6734,Frank Brown,frank.brown6734@example.com,70,London,2022-03-11
6735,Sam Smith,sam.smith6735@example.com,68,Toronto,2023-05-18
6736,Mike Anderson,mike.anderson6736@example.com,40,Jaipur,2022-07-22
6737,Ivan Garcia,ivan.garcia6737@example.com,60,Mumbai,2020-02-10
6738,Mike Lee,mike.lee6738@example.com,46,Chennai,2023-10-30
6739,Lena Johnson,lena.johnson6739@example.com,45,Bangalore,2023-11-14
6740,Diana Taylor,diana.taylor6740@example.com,54,Jaipur,2025-02-15
6741,Lena Martin,lena.martin6741@example.com,65,Hyderabad,2025-04-15
6742,Eve Johnson,eve.johnson6742@example.com,38,New York,2024-02-15
6743,Diana Walker,diana.walker6743@example.com,44,Hyderabad,2021-09-02
6744,Eve Garcia,eve.garcia6744@example.com,22,New York,2022-09-10
6745,Alice Taylor,alice.taylor6745@example.com,30,Sydney,2020-04-05
6746,Quinn Lee,quinn.lee6746@example.com,34,Hyderabad,2024-05-20
6747,Frank Miller,frank.miller6747@example.com,72,Tokyo,2023-12-10
6748,Diana Thomas,diana.thomas6748@example.com,52,Jaipur,2021-03-30
6749,Sam Brown,sam.brown6749@example.com,36,Delhi,2024-10-17
6750,Judy Anderson,judy.anderson6750@example.com,22,Tokyo,2020-02-18
6751,Alice Miller,alice.miller6751@example.com,24,Kolkata,2022-05-20
6752,Tina Lee,tina.lee6752@example.com,69,London,2024-07-25
6753,Alice Davis,alice.davis6753@example.com,72,Tokyo,2020-04-05
6754,Eve Johnson,eve.johnson6754@example.com,41,Hyderabad,2020-05-25
6755,Mike Wilson,mike.wilson6755@example.com,64,Sydney,2024-04-12
6756,Rita Garcia,rita.garcia6756@example.com,62,Berlin,2022-04-07
6757,Heidi Taylor,heidi.taylor6757@example.com,60,Jaipur,2025-03-31
6758,Tina Walker,tina.walker6758@example.com,39,Tokyo,2021-09-26
6759,Rita Johnson,rita.johnson6759@example.com,23,New York,2021-10-29
6760,Alice Walker,alice.walker6760@example.com,25,Hyderabad,2024-04-07
6761,Ivan Hall,ivan.hall6761@example.com,49,Toronto,2021-06-15
6762,Eve Wilson,eve.wilson6762@example.com,50,Jaipur,2024-07-13
6763,Sam Lee,sam.lee6763@example.com,45,Jaipur,2025-05-18
6764,Diana Davis,diana.davis6764@example.com,48,Tokyo,2023-02-04
6765,Karl Davis,karl.davis6765@example.com,65,Pune,2025-02-15
6766,Diana Brown,diana.brown6766@example.com,52,Pune,2020-06-05
6767,Oscar Hall,oscar.hall6767@example.com,49,Sydney,2024-07-11
6768,Diana Brown,diana.brown6768@example.com,32,Bangalore,2022-02-01
6769,Sam Wilson,sam.wilson6769@example.com,50,London,2021-11-30
6770,Lena Miller,lena.miller6770@example.com,27,Toronto,2024-10-15
6771,Bob Lee,bob.lee6771@example.com,60,Pune,2023-05-10
6772,Oscar Brown,oscar.brown6772@example.com,32,Kolkata,2022-02-24
6773,Alice Brown,alice.brown6773@example.com,36,Pune,2021-08-22
6774,Nina Lee,nina.lee6774@example.com,65,Jaipur,2022-01-27
6775,Ivan Garcia,ivan.garcia6775@example.com,67,Mumbai,2022-08-17
6776,Eve Smith,eve.smith6776@example.com,40,London,2022-06-23
6777,Diana Smith,diana.smith6777@example.com,47,Tokyo,2020-05-05
6778,Quinn Wilson,quinn.wilson6778@example.com,25,Sydney,2022-02-25
6779,Ivan Lee,ivan.lee6779@example.com,59,Mumbai,2022-12-24
6780,Heidi Wilson,heidi.wilson6780@example.com,60,Kolkata,2020-05-05
6781,Grace Johnson,grace.johnson6781@example.com,49,Sydney,2021-09-20
6782,Heidi Anderson,heidi.anderson6782@example.com,19,Pune,2021-01-15
6783,Oscar Miller,oscar.miller6783@example.com,70,London,2024-09-17
6784,Judy Anderson,judy.anderson6784@example.com,72,Sydney,2023-12-16
6785,Oscar Moore,oscar.moore6785@example.com,29,Toronto,2020-04-12
6786,Frank Thomas,frank.thomas6786@example.com,29,Sydney,2021-06-15
6787,Mike Moore,mike.moore6787@example.com,51,Toronto,2020-10-29
6788,Oscar Brown,oscar.brown6788@example.com,53,Delhi,2024-09-03
6789,Judy Smith,judy.smith6789@example.com,46,Toronto,2022-05-27
6790,Ivan Brown,ivan.brown6790@example.com,18,Mumbai,2023-08-29
6791,Mike Moore,mike.moore6791@example.com,31,Paris,2022-09-06
6792,Charlie Walker,charlie.walker6792@example.com,71,Kolkata,2021-02-26
6793,Karl Taylor,karl.taylor6793@example.com,64,Delhi,2025-06-03
6794,Mike Wilson,mike.wilson6794@example.com,44,Kolkata,2020-10-10
6795,Lena Thomas,lena.thomas6795@example.com,26,Tokyo,2025-01-03
6796,Quinn Garcia,quinn.garcia6796@example.com,64,Delhi,2024-09-07
6797,Pam Thomas,pam.thomas6797@example.com,21,Toronto,2025-01-08
6798,Alice Lee,alice.lee6798@example.com,34,Delhi,2025-02-24
6799,Quinn Garcia,quinn.garcia6799@example.com,55,Chennai,2021-04-23
6800,Frank Smith,frank.smith6800@example.com,62,Sydney,2024-05-16
6801,Lena Lee,lena.lee6801@example.com,33,Berlin,2020-01-13
6802,Lena Lee,lena.lee6802@example.com,19,Chennai,2022-12-10
6803,Tina Lee,tina.lee6803@example.com,27,Mumbai,2021-02-13
6804,Sam Garcia,sam.garcia6804@example.com,65,London,2025-05-13
6805,Karl Thomas,karl.thomas6805@example.com,72,Mumbai,2022-05-28
6806,Ivan Lee,ivan.lee6806@example.com,18,Sydney,2021-01-27
6807,Karl Garcia,karl.garcia6807@example.com,46,New York,2024-02-17
6808,Pam Anderson,pam.anderson6808@example.com,56,Hyderabad,2022-08-06
6809,Pam Martin,pam.martin6809@example.com,39,Sydney,2021-06-05
6810,Frank Garcia,frank.garcia6810@example.com,72,London,2023-04-16
6811,Alice Taylor,alice.taylor6811@example.com,71,Pune,2022-12-15
6812,Ivan Brown,ivan.brown6812@example.com,72,Paris,2022-09-03
6813,Grace Walker,grace.walker6813@example.com,43,Kolkata,2024-09-10
6814,Eve Wilson,eve.wilson6814@example.com,64,Tokyo,2021-01-04
6815,Bob Martin,bob.martin6815@example.com,29,Paris,2025-04-16
6816,Eve Wilson,eve.wilson6816@example.com,24,London,2024-04-08
6817,Charlie Walker,charlie.walker6817@example.com,47,Jaipur,2022-01-29
6818,Pam Garcia,pam.garcia6818@example.com,56,London,2025-06-06
6819,Pam Johnson,pam.johnson6819@example.com,45,Paris,2020-04-27
6820,Judy Brown,judy.brown6820@example.com,57,Hyderabad,2023-01-17
6821,Lena Johnson,lena.johnson6821@example.com,36,Berlin,2024-09-10
6822,Rita Garcia,rita.garcia6822@example.com,54,Delhi,2021-04-21
6823,Bob Davis,bob.davis6823@example.com,29,London,2024-09-07
6824,Nina Thomas,nina.thomas6824@example.com,18,Tokyo,2023-04-12
6825,Frank Brown,frank.brown6825@example.com,19,Hyderabad,2021-01-04
6826,Nina Thomas,nina.thomas6826@example.com,68,Delhi,2020-01-29
6827,Diana Hall,diana.hall6827@example.com,35,Paris,2023-10-21
6828,Mike Miller,mike.miller6828@example.com,49,Jaipur,2020-06-07
6829,Bob Garcia,bob.garcia6829@example.com,52,New York,2024-11-13
6830,Charlie Wilson,charlie.wilson6830@example.com,47,Hyderabad,2024-12-21
6831,Alice Hall,alice.hall6831@example.com,31,Pune,2020-06-13
6832,Mike Hall,mike.hall6832@example.com,30,Mumbai,2024-12-21
6833,Bob Hall,bob.hall6833@example.com,39,Chennai,2020-01-23
6834,Bob Miller,bob.miller6834@example.com,55,Tokyo,2021-03-03
6835,Frank Garcia,frank.garcia6835@example.com,71,Mumbai,2021-01-10
6836,Ivan Hall,ivan.hall6836@example.com,35,Toronto,2023-03-28
6837,Heidi Walker,heidi.walker6837@example.com,25,Jaipur,2024-07-13
6838,Oscar Brown,oscar.brown6838@example.com,54,Berlin,2024-05-21
6839,Oscar Garcia,oscar.garcia6839@example.com,33,Hyderabad,2023-02-11
6840,Alice Anderson,alice.anderson6840@example.com,32,Bangalore,2020-03-07
6841,Mike Lee,mike.lee6841@example.com,38,Berlin,2020-05-04
6842,Frank Hall,frank.hall6842@example.com,40,Bangalore,2024-02-01
6843,Tina Walker,tina.walker6843@example.com,53,Sydney,2020-08-10
6844,Tina Taylor,tina.taylor6844@example.com,65,Bangalore,2021-04-05
6845,Eve Wilson,eve.wilson6845@example.com,62,Paris,2024-04-01
6846,Pam Brown,pam.brown6846@example.com,52,Jaipur,2020-06-27
6847,Frank Hall,frank.hall6847@example.com,54,London,2024-08-10
6848,Mike Taylor,mike.taylor6848@example.com,40,Chennai,2020-04-07
6849,Judy Lee,judy.lee6849@example.com,54,Jaipur,2022-05-29
6850,Bob Brown,bob.brown6850@example.com,71,Toronto,2024-01-11
6851,Nina Wilson,nina.wilson6851@example.com,43,Chennai,2021-11-09
6852,Frank Wilson,frank.wilson6852@example.com,73,Paris,2023-02-06
6853,Judy Davis,judy.davis6853@example.com,31,Bangalore,2022-09-28
6854,Ivan Thomas,ivan.thomas6854@example.com,65,Chennai,2023-04-15
6855,Lena Smith,lena.smith6855@example.com,46,Kolkata,2020-01-02
6856,Quinn Walker,quinn.walker6856@example.com,52,Toronto,2021-09-09
6857,Alice Garcia,alice.garcia6857@example.com,65,Mumbai,2022-01-14
6858,Nina Walker,nina.walker6858@example.com,73,New York,2020-12-13
6859,Bob Anderson,bob.anderson6859@example.com,18,Chennai,2024-01-04
6860,Diana Thomas,diana.thomas6860@example.com,71,Jaipur,2020-12-17
6861,Tina Smith,tina.smith6861@example.com,28,Paris,2024-04-29
6862,Charlie Hall,charlie.hall6862@example.com,41,Pune,2024-08-17
6863,Judy Hall,judy.hall6863@example.com,70,Tokyo,2023-06-23
6864,Bob Miller,bob.miller6864@example.com,34,Delhi,2023-03-18
6865,Bob Thomas,bob.thomas6865@example.com,32,Paris,2025-01-14
6866,Frank Davis,frank.davis6866@example.com,30,Tokyo,2021-02-26
6867,Frank Smith,frank.smith6867@example.com,28,Tokyo,2022-01-02
6868,Charlie Smith,charlie.smith6868@example.com,27,Pune,2022-02-05
6869,Karl Davis,karl.davis6869@example.com,72,New York,2020-08-20
6870,Tina Hall,tina.hall6870@example.com,64,Tokyo,2021-11-22
6871,Judy Davis,judy.davis6871@example.com,68,Kolkata,2023-10-30
6872,Bob Taylor,bob.taylor6872@example.com,72,Toronto,2023-04-04
6873,Quinn Walker,quinn.walker6873@example.com,53,Pune,2023-02-21
6874,Judy Martin,judy.martin6874@example.com,68,Tokyo,2023-07-01
6875,Grace Lee,grace.lee6875@example.com,67,Tokyo,2021-01-29
6876,Frank Miller,frank.miller6876@example.com,72,Tokyo,2022-03-18
6877,Frank Thomas,frank.thomas6877@example.com,45,Paris,2020-01-15
6878,Rita Smith,rita.smith6878@example.com,40,Bangalore,2024-03-09
6879,Rita Moore,rita.moore6879@example.com,32,London,2020-09-15
6880,Ivan Lee,ivan.lee6880@example.com,35,London,2020-11-27
6881,Sam Smith,sam.smith6881@example.com,46,Pune,2021-11-13
6882,Tina Garcia,tina.garcia6882@example.com,38,Hyderabad,2024-11-26
6883,Tina Thomas,tina.thomas6883@example.com,57,Paris,2025-05-02
6884,Bob Johnson,bob.johnson6884@example.com,27,Tokyo,2025-06-03
6885,Pam Garcia,pam.garcia6885@example.com,30,London,2022-09-12
6886,Oscar Miller,oscar.miller6886@example.com,55,Sydney,2021-07-23
6887,Frank Johnson,frank.johnson6887@example.com,18,Toronto,2021-01-08
6888,Tina Lee,tina.lee6888@example.com,73,Berlin,2023-08-05
6889,Charlie Thomas,charlie.thomas6889@example.com,31,Hyderabad,2022-07-06
6890,Karl Thomas,karl.thomas6890@example.com,68,London,2023-04-15
6891,Eve Brown,eve.brown6891@example.com,43,Mumbai,2020-06-04
6892,Heidi Johnson,heidi.johnson6892@example.com,48,Sydney,2021-04-20
6893,Mike Brown,mike.brown6893@example.com,45,Jaipur,2025-05-01
6894,Ivan Wilson,ivan.wilson6894@example.com,38,Paris,2023-09-29
6895,Quinn Moore,quinn.moore6895@example.com,43,Berlin,2022-02-23
6896,Diana Hall,diana.hall6896@example.com,75,Paris,2023-12-07
6897,Alice Hall,alice.hall6897@example.com,57,Toronto,2020-09-03
6898,Oscar Lee,oscar.lee6898@example.com,67,Tokyo,2020-02-24
6899,Alice Thomas,alice.thomas6899@example.com,55,Paris,2023-09-13
6900,Rita Hall,rita.hall6900@example.com,35,Sydney,2024-11-26
6901,Eve Miller,eve.miller6901@example.com,21,Tokyo,2020-12-06
6902,Diana Johnson,diana.johnson6902@example.com,40,Kolkata,2021-04-16
6903,Karl Davis,karl.davis6903@example.com,18,Sydney,2020-07-11
6904,Ivan Taylor,ivan.taylor6904@example.com,64,Pune,2020-10-12
6905,Diana Thomas,diana.thomas6905@example.com,58,London,2021-09-05
6906,Heidi Moore,heidi.moore6906@example.com,71,New York,2022-11-25
6907,Oscar Wilson,oscar.wilson6907@example.com,55,Mumbai,2023-07-30
6908,Eve Miller,eve.miller6908@example.com,47,Bangalore,2025-06-17
6909,Eve Davis,eve.davis6909@example.com,62,Kolkata,2021-05-29
6910,Eve Brown,eve.brown6910@example.com,23,Delhi,2023-01-21
6911,Heidi Martin,heidi.martin6911@example.com,70,Berlin,2023-07-10
6912,Karl Martin,karl.martin6912@example.com,52,Pune,2020-08-12
6913,Sam Brown,sam.brown6913@example.com,65,Hyderabad,2025-06-07
6914,Alice Miller,alice.miller6914@example.com,67,Delhi,2022-09-16
6915,Pam Smith,pam.smith6915@example.com,45,Mumbai,2023-07-22
6916,Mike Walker,mike.walker6916@example.com,54,Tokyo,2025-05-23
6917,Grace Hall,grace.hall6917@example.com,33,Pune,2020-12-14
6918,Sam Thomas,sam.thomas6918@example.com,53,Toronto,2021-12-26
6919,Diana Davis,diana.davis6919@example.com,73,Bangalore,2025-04-14
6920,Bob Brown,bob.brown6920@example.com,39,Mumbai,2024-01-07
6921,Rita Moore,rita.moore6921@example.com,36,Toronto,2021-07-17
6922,Bob Hall,bob.hall6922@example.com,51,Sydney,2023-07-27
6923,Quinn Lee,quinn.lee6923@example.com,68,Sydney,2024-02-14
6924,Quinn Anderson,quinn.anderson6924@example.com,30,Jaipur,2024-02-22
6925,Rita Brown,rita.brown6925@example.com,67,Sydney,2023-12-03
6926,Nina Martin,nina.martin6926@example.com,68,Mumbai,2020-10-03
6927,Mike Lee,mike.lee6927@example.com,29,New York,2024-02-23
6928,Quinn Miller,quinn.miller6928@example.com,43,Mumbai,2020-09-13
6929,Sam Lee,sam.lee6929@example.com,28,Sydney,2021-09-16
6930,Grace Walker,grace.walker6930@example.com,67,Chennai,2024-11-26
6931,Karl Martin,karl.martin6931@example.com,41,London,2024-05-28
6932,Sam Garcia,sam.garcia6932@example.com,28,Delhi,2020-11-21
6933,Frank Brown,frank.brown6933@example.com,73,Sydney,2020-01-18
6934,Diana Anderson,diana.anderson6934@example.com,29,Sydney,2024-02-02
6935,Mike Brown,mike.brown6935@example.com,66,Hyderabad,2021-09-06
6936,Oscar Brown,oscar.brown6936@example.com,53,Toronto,2021-01-21
6937,Sam Lee,sam.lee6937@example.com,34,Hyderabad,2021-01-04
6938,Alice Johnson,alice.johnson6938@example.com,72,Paris,2024-06-11
6939,Frank Taylor,frank.taylor6939@example.com,35,London,2021-08-11
6940,Sam Thomas,sam.thomas6940@example.com,29,Bangalore,2020-01-24
6941,Alice Thomas,alice.thomas6941@example.com,62,Chennai,2022-05-05
6942,Mike Brown,mike.brown6942@example.com,71,Kolkata,2022-06-27
6943,Bob Brown,bob.brown6943@example.com,44,Toronto,2020-01-01
6944,Ivan Hall,ivan.hall6944@example.com,71,Hyderabad,2021-12-02
6945,Bob Thomas,bob.thomas6945@example.com,41,Toronto,2021-02-01
6946,Frank Johnson,frank.johnson6946@example.com,48,Jaipur,2021-08-06
6947,Bob Smith,bob.smith6947@example.com,63,Tokyo,2023-06-12
6948,Charlie Smith,charlie.smith6948@example.com,65,Pune,2020-06-21
6949,Sam Taylor,sam.taylor6949@example.com,33,Sydney,2024-04-11
6950,Grace Anderson,grace.anderson6950@example.com,57,Paris,2020-10-02
6951,Frank Miller,frank.miller6951@example.com,71,Mumbai,2020-07-10
6952,Charlie Thomas,charlie.thomas6952@example.com,32,Toronto,2024-10-11
6953,Alice Martin,alice.martin6953@example.com,20,Toronto,2025-05-30
6954,Alice Hall,alice.hall6954@example.com,51,Paris,2022-08-02
6955,Pam Moore,pam.moore6955@example.com,20,Sydney,2022-03-30
6956,Ivan Garcia,ivan.garcia6956@example.com,25,Hyderabad,2023-11-04
6957,Nina Walker,nina.walker6957@example.com,71,New York,2022-08-28
6958,Nina Walker,nina.walker6958@example.com,26,Toronto,2021-07-30
6959,Grace Martin,grace.martin6959@example.com,51,Kolkata,2025-04-07
6960,Lena Smith,lena.smith6960@example.com,18,Bangalore,2021-10-28
6961,Heidi Wilson,heidi.wilson6961@example.com,29,Tokyo,2021-07-09
6962,Nina Johnson,nina.johnson6962@example.com,46,Jaipur,2022-05-21
6963,Eve Walker,eve.walker6963@example.com,32,Chennai,2020-08-15
6964,Grace Walker,grace.walker6964@example.com,74,Tokyo,2024-05-29
6965,Nina Johnson,nina.johnson6965@example.com,18,Chennai,2025-04-02
6966,Tina Miller,tina.miller6966@example.com,36,Kolkata,2020-07-09
6967,Nina Miller,nina.miller6967@example.com,26,Tokyo,2024-01-05
6968,Diana Garcia,diana.garcia6968@example.com,40,Berlin,2025-01-17
6969,Judy Johnson,judy.johnson6969@example.com,65,Tokyo,2022-07-30
6970,Frank Wilson,frank.wilson6970@example.com,48,Chennai,2025-01-06
6971,Mike Anderson,mike.anderson6971@example.com,41,Mumbai,2025-05-01
6972,Nina Hall,nina.hall6972@example.com,66,New York,2022-05-14
6973,Grace Lee,grace.lee6973@example.com,34,Bangalore,2021-08-21
6974,Frank Thomas,frank.thomas6974@example.com,20,Jaipur,2021-07-22
6975,Nina Lee,nina.lee6975@example.com,22,Mumbai,2021-11-02
6976,Karl Johnson,karl.johnson6976@example.com,50,Delhi,2022-06-22
6977,Alice Johnson,alice.johnson6977@example.com,71,Jaipur,2022-10-09
6978,Tina Thomas,tina.thomas6978@example.com,54,Tokyo,2020-12-19
6979,Judy Martin,judy.martin6979@example.com,29,New York,2024-12-11
6980,Frank Miller,frank.miller6980@example.com,53,Tokyo,2022-06-30
6981,Judy Miller,judy.miller6981@example.com,67,Berlin,2020-06-08
6982,Pam Brown,pam.brown6982@example.com,32,Berlin,2021-12-08
6983,Nina Lee,nina.lee6983@example.com,39,Pune,2021-02-06
6984,Quinn Walker,quinn.walker6984@example.com,42,Bangalore,2021-06-07
6985,Oscar Thomas,oscar.thomas6985@example.com,66,New York,2020-12-04
6986,Lena Walker,lena.walker6986@example.com,36,Pune,2023-01-02
6987,Lena Martin,lena.martin6987@example.com,32,Toronto,2024-09-20
6988,Eve Garcia,eve.garcia6988@example.com,53,Bangalore,2020-03-25
6989,Ivan Martin,ivan.martin6989@example.com,47,Paris,2021-02-09
6990,Quinn Garcia,quinn.garcia6990@example.com,64,Kolkata,2021-06-29
6991,Charlie Moore,charlie.moore6991@example.com,18,New York,2023-05-04
6992,Karl Taylor,karl.taylor6992@example.com,50,Jaipur,2021-11-21
6993,Karl Wilson,karl.wilson6993@example.com,65,Berlin,2020-12-23
6994,Charlie Garcia,charlie.garcia6994@example.com,64,Berlin,2021-04-25
6995,Karl Lee,karl.lee6995@example.com,55,Bangalore,2020-02-02
6996,Bob Thomas,bob.thomas6996@example.com,67,Tokyo,2022-09-03
6997,Rita Johnson,rita.johnson6997@example.com,34,Chennai,2022-05-25
6998,Bob Miller,bob.miller6998@example.com,49,Jaipur,2023-08-19
6999,Nina Martin,nina.martin6999@example.com,24,Berlin,2021-03-30
7000,Oscar Anderson,oscar.anderson7000@example.com,51,Berlin,2021-07-18
7001,Grace Wilson,grace.wilson7001@example.com,21,Toronto,2024-01-30
7002,Mike Johnson,mike.johnson7002@example.com,52,Pune,2022-07-13
7003,Lena Hall,lena.hall7003@example.com,44,Berlin,2025-01-09
7004,Nina Walker,nina.walker7004@example.com,47,Paris,2023-10-23
7005,Mike Lee,mike.lee7005@example.com,32,Toronto,2023-02-07
7006,Charlie Davis,charlie.davis7006@example.com,60,Berlin,2024-12-11
7007,Charlie Anderson,charlie.anderson7007@example.com,41,Jaipur,2022-11-25
7008,Tina Thomas,tina.thomas7008@example.com,20,New York,2020-11-01
7009,Oscar Wilson,oscar.wilson7009@example.com,62,Paris,2023-03-27
7010,Diana Smith,diana.smith7010@example.com,67,Delhi,2021-09-22
7011,Karl Smith,karl.smith7011@example.com,62,Mumbai,2023-08-23
7012,Rita Garcia,rita.garcia7012@example.com,19,Berlin,2025-06-22
7013,Heidi Davis,heidi.davis7013@example.com,44,Pune,2024-12-11
7014,Nina Smith,nina.smith7014@example.com,39,Hyderabad,2020-03-15
7015,Heidi Martin,heidi.martin7015@example.com,33,Mumbai,2021-06-30
7016,Nina Thomas,nina.thomas7016@example.com,50,Tokyo,2021-03-08
7017,Alice Garcia,alice.garcia7017@example.com,48,Chennai,2022-06-20
7018,Grace Smith,grace.smith7018@example.com,70,Toronto,2022-08-22
7019,Diana Anderson,diana.anderson7019@example.com,26,Paris,2024-02-14
7020,Frank Garcia,frank.garcia7020@example.com,44,Hyderabad,2024-10-22
7021,Pam Hall,pam.hall7021@example.com,54,Chennai,2021-07-29
7022,Charlie Thomas,charlie.thomas7022@example.com,19,Pune,2022-11-14
7023,Oscar Anderson,oscar.anderson7023@example.com,59,Delhi,2022-06-01
7024,Karl Taylor,karl.taylor7024@example.com,50,Pune,2021-11-05
7025,Tina Lee,tina.lee7025@example.com,70,New York,2022-03-04
7026,Pam Lee,pam.lee7026@example.com,31,Bangalore,2022-04-29
7027,Grace Miller,grace.miller7027@example.com,61,Jaipur,2020-12-12
7028,Quinn Martin,quinn.martin7028@example.com,57,Jaipur,2024-10-02
7029,Quinn Lee,quinn.lee7029@example.com,48,Toronto,2020-02-19
7030,Karl Lee,karl.lee7030@example.com,58,Sydney,2024-10-03
7031,Alice Walker,alice.walker7031@example.com,60,Chennai,2021-09-11
7032,Sam Brown,sam.brown7032@example.com,26,Jaipur,2020-08-29
7033,Oscar Smith,oscar.smith7033@example.com,34,Chennai,2024-10-20
7034,Rita Garcia,rita.garcia7034@example.com,66,Kolkata,2024-04-15
7035,Charlie Anderson,charlie.anderson7035@example.com,73,Toronto,2023-10-30
7036,Oscar Smith,oscar.smith7036@example.com,44,Toronto,2021-02-25
7037,Frank Walker,frank.walker7037@example.com,21,Pune,2020-05-22
7038,Mike Lee,mike.lee7038@example.com,28,Bangalore,2025-03-21
7039,Alice Wilson,alice.wilson7039@example.com,30,Pune,2023-04-03
7040,Sam Brown,sam.brown7040@example.com,67,Jaipur,2022-11-08
7041,Tina Johnson,tina.johnson7041@example.com,61,Bangalore,2024-07-29
7042,Rita Hall,rita.hall7042@example.com,28,Mumbai,2020-09-02
7043,Rita Brown,rita.brown7043@example.com,44,Kolkata,2021-10-23
7044,Grace Lee,grace.lee7044@example.com,69,Tokyo,2022-08-07
7045,Charlie Wilson,charlie.wilson7045@example.com,65,Hyderabad,2025-03-03
7046,Alice Anderson,alice.anderson7046@example.com,45,Jaipur,2024-08-27
7047,Judy Thomas,judy.thomas7047@example.com,34,Paris,2022-04-09
7048,Sam Miller,sam.miller7048@example.com,28,New York,2021-02-26
7049,Sam Anderson,sam.anderson7049@example.com,61,Chennai,2021-04-25
7050,Charlie Moore,charlie.moore7050@example.com,67,Tokyo,2025-05-15
7051,Karl Miller,karl.miller7051@example.com,61,Chennai,2023-05-16
7052,Alice Johnson,alice.johnson7052@example.com,36,Sydney,2024-05-06
7053,Sam Thomas,sam.thomas7053@example.com,44,Mumbai,2020-02-24
7054,Mike Thomas,mike.thomas7054@example.com,29,London,2023-06-17
7055,Karl Walker,karl.walker7055@example.com,52,Mumbai,2021-01-23
7056,Alice Davis,alice.davis7056@example.com,34,Bangalore,2022-12-22
7057,Frank Miller,frank.miller7057@example.com,32,Delhi,2025-02-11
7058,Quinn Martin,quinn.martin7058@example.com,67,Berlin,2023-09-10
7059,Heidi Lee,heidi.lee7059@example.com,21,Kolkata,2020-10-27
7060,Charlie Wilson,charlie.wilson7060@example.com,64,Delhi,2020-08-16
7061,Nina Wilson,nina.wilson7061@example.com,50,Jaipur,2025-03-14
7062,Alice Garcia,alice.garcia7062@example.com,58,Toronto,2025-05-07
7063,Ivan Moore,ivan.moore7063@example.com,32,Chennai,2020-08-21
7064,Karl Hall,karl.hall7064@example.com,59,Delhi,2023-04-02
7065,Bob Johnson,bob.johnson7065@example.com,42,Chennai,2024-10-08
7066,Ivan Hall,ivan.hall7066@example.com,67,Bangalore,2025-03-01
7067,Eve Hall,eve.hall7067@example.com,72,Chennai,2022-11-12
7068,Charlie Davis,charlie.davis7068@example.com,18,Tokyo,2025-04-08
7069,Oscar Lee,oscar.lee7069@example.com,20,London,2022-09-01
7070,Bob Hall,bob.hall7070@example.com,56,Paris,2022-04-24
7071,Judy Smith,judy.smith7071@example.com,46,Hyderabad,2020-04-08
7072,Grace Smith,grace.smith7072@example.com,50,Chennai,2023-01-09
7073,Bob Anderson,bob.anderson7073@example.com,58,Hyderabad,2024-11-08
7074,Charlie Wilson,charlie.wilson7074@example.com,28,Toronto,2020-11-03
7075,Quinn Brown,quinn.brown7075@example.com,56,Toronto,2023-01-31
7076,Frank Moore,frank.moore7076@example.com,73,Pune,2021-08-29
7077,Judy Walker,judy.walker7077@example.com,51,Sydney,2024-03-20
7078,Alice Moore,alice.moore7078@example.com,72,New York,2022-07-26
7079,Eve Anderson,eve.anderson7079@example.com,50,Chennai,2023-04-01
7080,Karl Thomas,karl.thomas7080@example.com,29,Chennai,2023-08-17
7081,Oscar Moore,oscar.moore7081@example.com,35,London,2020-06-03
7082,Nina Anderson,nina.anderson7082@example.com,18,Toronto,2025-04-03
7083,Sam Moore,sam.moore7083@example.com,25,Kolkata,2023-05-13
7084,Mike Walker,mike.walker7084@example.com,25,Paris,2024-06-26
7085,Pam Garcia,pam.garcia7085@example.com,43,Paris,2020-02-01
7086,Rita Smith,rita.smith7086@example.com,51,Paris,2024-09-17
7087,Alice Taylor,alice.taylor7087@example.com,57,London,2022-07-23
7088,Bob Moore,bob.moore7088@example.com,66,Pune,2020-12-24
7089,Nina Taylor,nina.taylor7089@example.com,61,Hyderabad,2024-12-12
7090,Ivan Miller,ivan.miller7090@example.com,35,Tokyo,2021-10-29
7091,Tina Garcia,tina.garcia7091@example.com,58,Chennai,2021-01-11
7092,Ivan Davis,ivan.davis7092@example.com,51,Chennai,2024-08-09
7093,Pam Hall,pam.hall7093@example.com,18,London,2020-12-31
7094,Alice Martin,alice.martin7094@example.com,65,Berlin,2024-07-17
7095,Eve Miller,eve.miller7095@example.com,28,Chennai,2024-11-30
7096,Lena Taylor,lena.taylor7096@example.com,44,Bangalore,2020-02-08
7097,Sam Johnson,sam.johnson7097@example.com,27,Tokyo,2022-07-28
7098,Lena Taylor,lena.taylor7098@example.com,18,Paris,2023-02-03
7099,Ivan Thomas,ivan.thomas7099@example.com,46,Toronto,2024-08-12
7100,Bob Taylor,bob.taylor7100@example.com,57,Toronto,2023-08-22
7101,Oscar Smith,oscar.smith7101@example.com,26,Hyderabad,2024-03-24
7102,Judy Taylor,judy.taylor7102@example.com,42,Sydney,2020-09-29
7103,Judy Smith,judy.smith7103@example.com,40,Sydney,2021-03-31
7104,Nina Miller,nina.miller7104@example.com,50,Pune,2020-06-11
7105,Rita Walker,rita.walker7105@example.com,46,Pune,2022-01-22
7106,Ivan Moore,ivan.moore7106@example.com,19,Tokyo,2024-11-24
7107,Mike Walker,mike.walker7107@example.com,62,Berlin,2024-09-17
7108,Quinn Anderson,quinn.anderson7108@example.com,27,London,2021-12-22
7109,Sam Wilson,sam.wilson7109@example.com,49,Tokyo,2022-11-26
7110,Lena Miller,lena.miller7110@example.com,63,Toronto,2022-04-21
7111,Eve Taylor,eve.taylor7111@example.com,26,Tokyo,2022-05-26
7112,Bob Garcia,bob.garcia7112@example.com,43,Pune,2022-08-07
7113,Tina Lee,tina.lee7113@example.com,57,Delhi,2022-04-15
7114,Judy Thomas,judy.thomas7114@example.com,22,Paris,2022-02-02
7115,Sam Miller,sam.miller7115@example.com,54,Jaipur,2022-09-19
7116,Frank Brown,frank.brown7116@example.com,65,New York,2025-05-02
7117,Ivan Brown,ivan.brown7117@example.com,56,Delhi,2022-03-03
7118,Frank Brown,frank.brown7118@example.com,44,Bangalore,2023-06-23
7119,Eve Smith,eve.smith7119@example.com,42,Toronto,2022-03-26
7120,Charlie Wilson,charlie.wilson7120@example.com,54,Bangalore,2022-04-15
7121,Frank Taylor,frank.taylor7121@example.com,75,Sydney,2022-02-11
7122,Tina Thomas,tina.thomas7122@example.com,74,Bangalore,2023-09-08
7123,Eve Thomas,eve.thomas7123@example.com,65,Bangalore,2024-06-08
7124,Rita Taylor,rita.taylor7124@example.com,31,Sydney,2024-03-19
7125,Rita Martin,rita.martin7125@example.com,48,Jaipur,2025-06-14
7126,Mike Anderson,mike.anderson7126@example.com,50,Mumbai,2023-12-25
7127,Pam Wilson,pam.wilson7127@example.com,57,Paris,2022-02-01
7128,Nina Smith,nina.smith7128@example.com,37,London,2021-05-20
7129,Ivan Anderson,ivan.anderson7129@example.com,29,New York,2022-12-07
7130,Ivan Hall,ivan.hall7130@example.com,56,Jaipur,2021-05-20
7131,Diana Davis,diana.davis7131@example.com,30,Bangalore,2022-12-17
7132,Grace Lee,grace.lee7132@example.com,56,London,2020-11-12
7133,Eve Garcia,eve.garcia7133@example.com,18,New York,2020-01-10
7134,Charlie Miller,charlie.miller7134@example.com,37,New York,2023-08-29
7135,Oscar Hall,oscar.hall7135@example.com,43,Paris,2024-09-16
7136,Tina Martin,tina.martin7136@example.com,65,London,2025-05-13
7137,Judy Martin,judy.martin7137@example.com,59,Chennai,2021-04-09
7138,Bob Walker,bob.walker7138@example.com,36,Kolkata,2025-03-31
7139,Sam Johnson,sam.johnson7139@example.com,31,Berlin,2020-08-30
7140,Alice Taylor,alice.taylor7140@example.com,51,Pune,2023-03-23
7141,Pam Davis,pam.davis7141@example.com,27,Hyderabad,2023-07-25
7142,Rita Wilson,rita.wilson7142@example.com,26,New York,2023-04-26
7143,Tina Anderson,tina.anderson7143@example.com,45,Chennai,2021-11-01
7144,Mike Miller,mike.miller7144@example.com,28,Kolkata,2024-05-28
7145,Eve Miller,eve.miller7145@example.com,18,Sydney,2023-06-25
7146,Eve Smith,eve.smith7146@example.com,51,Paris,2021-04-23
7147,Karl Walker,karl.walker7147@example.com,32,New York,2023-03-13
7148,Pam Garcia,pam.garcia7148@example.com,45,Bangalore,2025-04-14
7149,Diana Thomas,diana.thomas7149@example.com,34,Delhi,2025-01-28
7150,Tina Garcia,tina.garcia7150@example.com,26,Hyderabad,2025-04-04
7151,Sam Walker,sam.walker7151@example.com,67,Delhi,2025-03-01
7152,Bob Moore,bob.moore7152@example.com,72,Sydney,2022-04-03
7153,Rita Brown,rita.brown7153@example.com,74,New York,2020-06-23
7154,Pam Moore,pam.moore7154@example.com,41,Tokyo,2023-07-10
7155,Alice Wilson,alice.wilson7155@example.com,57,Toronto,2022-04-17
7156,Diana Hall,diana.hall7156@example.com,51,Toronto,2023-03-17
7157,Karl Wilson,karl.wilson7157@example.com,27,Pune,2024-04-14
7158,Judy Walker,judy.walker7158@example.com,72,New York,2021-09-26
7159,Heidi Lee,heidi.lee7159@example.com,37,Mumbai,2021-06-11
7160,Diana Martin,diana.martin7160@example.com,28,Sydney,2021-04-06
7161,Charlie Moore,charlie.moore7161@example.com,30,Mumbai,2023-09-14
7162,Tina Davis,tina.davis7162@example.com,72,Toronto,2020-07-17
7163,Alice Smith,alice.smith7163@example.com,49,Mumbai,2022-10-12
7164,Grace Moore,grace.moore7164@example.com,28,London,2022-10-13
7165,Lena Smith,lena.smith7165@example.com,32,Toronto,2020-06-25
7166,Sam Lee,sam.lee7166@example.com,60,Paris,2025-06-01
7167,Bob Brown,bob.brown7167@example.com,62,Sydney,2024-09-02
7168,Tina Martin,tina.martin7168@example.com,71,Bangalore,2023-05-08
7169,Charlie Thomas,charlie.thomas7169@example.com,30,Delhi,2022-09-18
7170,Grace Taylor,grace.taylor7170@example.com,47,New York,2021-01-23
7171,Judy Martin,judy.martin7171@example.com,29,Pune,2021-08-24
7172,Judy Miller,judy.miller7172@example.com,72,Mumbai,2021-08-09
7173,Rita Thomas,rita.thomas7173@example.com,18,Pune,2021-07-08
7174,Pam Garcia,pam.garcia7174@example.com,19,Mumbai,2024-03-15
7175,Rita Garcia,rita.garcia7175@example.com,73,Paris,2024-05-05
7176,Heidi Davis,heidi.davis7176@example.com,22,Hyderabad,2025-06-06
7177,Alice Martin,alice.martin7177@example.com,71,Mumbai,2022-04-26
7178,Karl Johnson,karl.johnson7178@example.com,67,Pune,2023-05-30
7179,Charlie Lee,charlie.lee7179@example.com,48,Chennai,2020-03-10
7180,Rita Walker,rita.walker7180@example.com,67,Sydney,2020-07-02
7181,Pam Martin,pam.martin7181@example.com,33,Chennai,2020-12-06
7182,Rita Thomas,rita.thomas7182@example.com,40,London,2021-07-02
7183,Lena Garcia,lena.garcia7183@example.com,30,Berlin,2020-03-16
7184,Tina Walker,tina.walker7184@example.com,22,Delhi,2024-06-15
7185,Lena Anderson,lena.anderson7185@example.com,18,Sydney,2021-12-10
7186,Rita Martin,rita.martin7186@example.com,23,Kolkata,2024-02-17
7187,Diana Davis,diana.davis7187@example.com,75,Jaipur,2022-07-14
7188,Ivan Miller,ivan.miller7188@example.com,63,Pune,2023-06-22
7189,Mike Moore,mike.moore7189@example.com,41,Tokyo,2023-05-18
7190,Diana Hall,diana.hall7190@example.com,43,New York,2023-08-17
7191,Pam Walker,pam.walker7191@example.com,48,New York,2020-04-13
7192,Judy Smith,judy.smith7192@example.com,55,Tokyo,2025-01-01
7193,Alice Martin,alice.martin7193@example.com,37,Sydney,2025-01-02
7194,Judy Johnson,judy.johnson7194@example.com,52,Berlin,2020-02-07
7195,Heidi Thomas,heidi.thomas7195@example.com,68,Kolkata,2023-01-23
7196,Eve Brown,eve.brown7196@example.com,23,Pune,2023-01-10
7197,Alice Moore,alice.moore7197@example.com,31,Bangalore,2022-02-22
7198,Mike Lee,mike.lee7198@example.com,28,Pune,2025-04-08
7199,Bob Taylor,bob.taylor7199@example.com,50,Sydney,2025-02-17
7200,Rita Anderson,rita.anderson7200@example.com,43,Chennai,2025-04-26
7201,Ivan Moore,ivan.moore7201@example.com,62,Kolkata,2020-02-13
7202,Oscar Anderson,oscar.anderson7202@example.com,52,New York,2020-11-06
7203,Mike Davis,mike.davis7203@example.com,28,Bangalore,2023-11-30
7204,Karl Johnson,karl.johnson7204@example.com,75,Toronto,2021-08-01
7205,Nina Martin,nina.martin7205@example.com,56,Tokyo,2024-11-10
7206,Grace Martin,grace.martin7206@example.com,33,Sydney,2024-01-16
7207,Nina Brown,nina.brown7207@example.com,30,New York,2025-03-24
7208,Grace Thomas,grace.thomas7208@example.com,47,Berlin,2021-06-23
7209,Alice Anderson,alice.anderson7209@example.com,50,Hyderabad,2020-04-19
7210,Nina Wilson,nina.wilson7210@example.com,20,Delhi,2024-01-14
7211,Tina Anderson,tina.anderson7211@example.com,48,New York,2023-05-06
7212,Frank Smith,frank.smith7212@example.com,61,Kolkata,2020-08-28
7213,Tina Martin,tina.martin7213@example.com,57,London,2023-01-12
7214,Judy Walker,judy.walker7214@example.com,32,London,2020-07-07
7215,Grace Moore,grace.moore7215@example.com,72,Hyderabad,2020-10-24
7216,Mike Garcia,mike.garcia7216@example.com,24,London,2021-11-17
7217,Rita Miller,rita.miller7217@example.com,53,Sydney,2023-02-22
7218,Bob Davis,bob.davis7218@example.com,28,Pune,2022-03-28
7219,Heidi Brown,heidi.brown7219@example.com,60,London,2020-08-16
7220,Tina Moore,tina.moore7220@example.com,43,New York,2021-08-27
7221,Oscar Lee,oscar.lee7221@example.com,61,Chennai,2020-11-21
7222,Eve Smith,eve.smith7222@example.com,38,Tokyo,2023-05-15
7223,Pam Moore,pam.moore7223@example.com,18,Mumbai,2022-09-04
7224,Ivan Davis,ivan.davis7224@example.com,63,Berlin,2021-08-29
7225,Pam Martin,pam.martin7225@example.com,62,Pune,2020-04-26
7226,Rita Moore,rita.moore7226@example.com,75,Chennai,2024-05-01
7227,Eve Hall,eve.hall7227@example.com,58,Hyderabad,2021-02-06
7228,Charlie Wilson,charlie.wilson7228@example.com,66,London,2021-08-15
7229,Mike Martin,mike.martin7229@example.com,22,Jaipur,2023-06-18
7230,Sam Davis,sam.davis7230@example.com,64,Tokyo,2023-03-26
7231,Ivan Garcia,ivan.garcia7231@example.com,74,Pune,2022-09-22
7232,Mike Garcia,mike.garcia7232@example.com,26,Jaipur,2022-04-14
7233,Frank Taylor,frank.taylor7233@example.com,38,Kolkata,2024-04-03
7234,Sam Garcia,sam.garcia7234@example.com,18,Sydney,2021-04-20
7235,Alice Brown,alice.brown7235@example.com,65,Toronto,2020-05-30
7236,Rita Miller,rita.miller7236@example.com,19,Paris,2022-02-04
7237,Pam Walker,pam.walker7237@example.com,53,Hyderabad,2022-07-07
7238,Alice Taylor,alice.taylor7238@example.com,42,Delhi,2022-04-01
7239,Bob Davis,bob.davis7239@example.com,70,New York,2022-03-16
7240,Heidi Smith,heidi.smith7240@example.com,43,Toronto,2021-05-03
7241,Nina Walker,nina.walker7241@example.com,18,Sydney,2020-03-31
7242,Eve Martin,eve.martin7242@example.com,51,Hyderabad,2023-08-05
7243,Charlie Moore,charlie.moore7243@example.com,58,Toronto,2021-06-28
7244,Alice Thomas,alice.thomas7244@example.com,52,Bangalore,2020-09-04
7245,Alice Walker,alice.walker7245@example.com,31,Bangalore,2020-03-30
7246,Sam Johnson,sam.johnson7246@example.com,28,New York,2024-07-07
7247,Heidi Moore,heidi.moore7247@example.com,19,Paris,2022-01-17
7248,Eve Smith,eve.smith7248@example.com,56,Berlin,2021-11-25
7249,Frank Martin,frank.martin7249@example.com,30,Pune,2025-04-14
7250,Oscar Lee,oscar.lee7250@example.com,41,Bangalore,2022-08-15
7251,Tina Davis,tina.davis7251@example.com,32,Jaipur,2020-08-17
7252,Sam Moore,sam.moore7252@example.com,70,Paris,2025-06-07
7253,Mike Smith,mike.smith7253@example.com,21,Bangalore,2024-01-07
7254,Rita Garcia,rita.garcia7254@example.com,20,Paris,2024-11-02
7255,Oscar Davis,oscar.davis7255@example.com,70,Mumbai,2025-03-28
7256,Judy Moore,judy.moore7256@example.com,38,Berlin,2024-07-19
7257,Ivan Moore,ivan.moore7257@example.com,55,Paris,2020-03-30
7258,Karl Miller,karl.miller7258@example.com,65,Delhi,2025-05-25
7259,Tina Miller,tina.miller7259@example.com,62,Berlin,2025-03-10
7260,Karl Taylor,karl.taylor7260@example.com,50,London,2020-09-11
7261,Rita Smith,rita.smith7261@example.com,58,Delhi,2020-09-04
7262,Rita Thomas,rita.thomas7262@example.com,42,Sydney,2023-07-12
7263,Lena Anderson,lena.anderson7263@example.com,31,Berlin,2024-12-20
7264,Judy Lee,judy.lee7264@example.com,39,Toronto,2022-04-11
7265,Frank Walker,frank.walker7265@example.com,28,Bangalore,2024-06-14
7266,Lena Brown,lena.brown7266@example.com,25,Mumbai,2023-06-16
7267,Pam Smith,pam.smith7267@example.com,38,Kolkata,2022-04-14
7268,Mike Smith,mike.smith7268@example.com,33,Pune,2022-04-16
7269,Diana Lee,diana.lee7269@example.com,44,Jaipur,2020-10-12
7270,Judy Anderson,judy.anderson7270@example.com,45,New York,2022-07-05
7271,Alice Miller,alice.miller7271@example.com,46,Jaipur,2023-08-04
7272,Eve Lee,eve.lee7272@example.com,44,Hyderabad,2025-03-02
7273,Mike Smith,mike.smith7273@example.com,26,Tokyo,2021-12-24
7274,Charlie Davis,charlie.davis7274@example.com,50,Sydney,2020-02-25
7275,Charlie Davis,charlie.davis7275@example.com,30,Chennai,2020-01-09
7276,Charlie Wilson,charlie.wilson7276@example.com,32,Chennai,2024-01-26
7277,Charlie Garcia,charlie.garcia7277@example.com,49,Pune,2020-07-11
7278,Karl Garcia,karl.garcia7278@example.com,21,Sydney,2022-12-14
7279,Oscar Thomas,oscar.thomas7279@example.com,21,Sydney,2020-09-21
7280,Frank Miller,frank.miller7280@example.com,37,London,2021-03-04
7281,Heidi Thomas,heidi.thomas7281@example.com,38,Berlin,2022-06-24
7282,Sam Miller,sam.miller7282@example.com,21,Kolkata,2022-02-07
7283,Ivan Martin,ivan.martin7283@example.com,65,Sydney,2021-03-13
7284,Diana Moore,diana.moore7284@example.com,69,Sydney,2023-11-23
7285,Oscar Thomas,oscar.thomas7285@example.com,21,Sydney,2024-01-20
7286,Oscar Johnson,oscar.johnson7286@example.com,54,Hyderabad,2024-02-14
7287,Charlie Lee,charlie.lee7287@example.com,59,Hyderabad,2022-12-10
7288,Sam Anderson,sam.anderson7288@example.com,43,Toronto,2025-05-29
7289,Judy Walker,judy.walker7289@example.com,63,Toronto,2023-04-04
7290,Grace Garcia,grace.garcia7290@example.com,39,Toronto,2024-12-17
7291,Diana Anderson,diana.anderson7291@example.com,33,Tokyo,2024-12-09
7292,Karl Martin,karl.martin7292@example.com,56,Mumbai,2021-06-24
7293,Rita Wilson,rita.wilson7293@example.com,43,Delhi,2025-05-09
7294,Alice Davis,alice.davis7294@example.com,61,Mumbai,2020-04-10
7295,Frank Taylor,frank.taylor7295@example.com,65,Kolkata,2022-09-06
7296,Pam Lee,pam.lee7296@example.com,64,London,2023-01-15
7297,Ivan Taylor,ivan.taylor7297@example.com,72,New York,2024-07-08
7298,Diana Thomas,diana.thomas7298@example.com,29,Paris,2020-02-22
7299,Tina Davis,tina.davis7299@example.com,45,Mumbai,2021-05-10
7300,Grace Taylor,grace.taylor7300@example.com,72,Jaipur,2020-10-21
7301,Tina Martin,tina.martin7301@example.com,48,Tokyo,2024-05-29
7302,Eve Taylor,eve.taylor7302@example.com,54,Jaipur,2022-04-09
7303,Judy Miller,judy.miller7303@example.com,20,Paris,2024-11-13
7304,Rita Hall,rita.hall7304@example.com,26,Sydney,2021-05-06
7305,Frank Walker,frank.walker7305@example.com,43,Hyderabad,2024-07-04
7306,Oscar Garcia,oscar.garcia7306@example.com,57,Jaipur,2023-04-30
7307,Frank Miller,frank.miller7307@example.com,28,Mumbai,2022-08-27
7308,Heidi Thomas,heidi.thomas7308@example.com,63,Paris,2021-04-03
7309,Rita Walker,rita.walker7309@example.com,39,Chennai,2020-10-15
7310,Bob Brown,bob.brown7310@example.com,33,Chennai,2021-01-08
7311,Alice Thomas,alice.thomas7311@example.com,24,Berlin,2023-11-11
7312,Alice Johnson,alice.johnson7312@example.com,45,Bangalore,2021-01-21
7313,Heidi Lee,heidi.lee7313@example.com,69,Paris,2022-11-23
7314,Ivan Miller,ivan.miller7314@example.com,26,Tokyo,2025-05-23
7315,Judy Wilson,judy.wilson7315@example.com,60,London,2023-05-23
7316,Sam Anderson,sam.anderson7316@example.com,27,Hyderabad,2023-05-30
7317,Alice Lee,alice.lee7317@example.com,61,Mumbai,2021-11-09
7318,Karl Walker,karl.walker7318@example.com,23,Sydney,2024-09-21
7319,Ivan Martin,ivan.martin7319@example.com,39,Paris,2025-01-10
7320,Mike Smith,mike.smith7320@example.com,46,Sydney,2022-06-12
7321,Sam Martin,sam.martin7321@example.com,56,Bangalore,2020-05-22
7322,Grace Anderson,grace.anderson7322@example.com,32,London,2020-03-01
7323,Alice Martin,alice.martin7323@example.com,71,Toronto,2024-06-03
7324,Judy Taylor,judy.taylor7324@example.com,31,Chennai,2020-11-12
7325,Frank Lee,frank.lee7325@example.com,66,Toronto,2023-07-04
7326,Eve Hall,eve.hall7326@example.com,26,Mumbai,2022-07-09
7327,Oscar Wilson,oscar.wilson7327@example.com,31,Tokyo,2025-04-07
7328,Charlie Garcia,charlie.garcia7328@example.com,74,Kolkata,2022-11-02
7329,Bob Garcia,bob.garcia7329@example.com,43,Hyderabad,2021-09-03
7330,Pam Smith,pam.smith7330@example.com,69,Mumbai,2020-01-08
7331,Grace Anderson,grace.anderson7331@example.com,41,New York,2021-05-02
7332,Mike Lee,mike.lee7332@example.com,20,Sydney,2023-06-12
7333,Karl Brown,karl.brown7333@example.com,57,Delhi,2024-06-18
7334,Judy Brown,judy.brown7334@example.com,58,Berlin,2020-06-22
7335,Bob Moore,bob.moore7335@example.com,48,Pune,2023-12-21
7336,Judy Martin,judy.martin7336@example.com,21,Paris,2025-01-12
7337,Pam Miller,pam.miller7337@example.com,19,Chennai,2023-08-20
7338,Nina Wilson,nina.wilson7338@example.com,68,Pune,2022-01-21
7339,Quinn Brown,quinn.brown7339@example.com,45,Mumbai,2022-05-10
7340,Eve Davis,eve.davis7340@example.com,54,Hyderabad,2020-01-05
7341,Nina Walker,nina.walker7341@example.com,28,New York,2024-09-21
7342,Bob Taylor,bob.taylor7342@example.com,63,Toronto,2021-01-25
7343,Quinn Moore,quinn.moore7343@example.com,40,Chennai,2024-09-30
7344,Mike Hall,mike.hall7344@example.com,68,Berlin,2025-04-21
7345,Nina Martin,nina.martin7345@example.com,22,Berlin,2023-03-20
7346,Oscar Miller,oscar.miller7346@example.com,38,Bangalore,2022-09-21
7347,Sam Taylor,sam.taylor7347@example.com,24,Delhi,2025-03-10
7348,Grace Thomas,grace.thomas7348@example.com,62,Pune,2023-03-14
7349,Pam Martin,pam.martin7349@example.com,54,Jaipur,2023-01-14
7350,Ivan Walker,ivan.walker7350@example.com,56,Pune,2020-06-07
7351,Ivan Thomas,ivan.thomas7351@example.com,63,Delhi,2022-05-25
7352,Bob Thomas,bob.thomas7352@example.com,65,Bangalore,2024-12-25
7353,Karl Walker,karl.walker7353@example.com,38,New York,2024-11-10
7354,Judy Thomas,judy.thomas7354@example.com,62,Pune,2023-09-17
7355,Grace Brown,grace.brown7355@example.com,70,Toronto,2024-05-06
7356,Nina Miller,nina.miller7356@example.com,31,Paris,2020-09-26
7357,Heidi Thomas,heidi.thomas7357@example.com,34,Hyderabad,2022-02-19
7358,Diana Brown,diana.brown7358@example.com,24,Paris,2024-01-11
7359,Rita Thomas,rita.thomas7359@example.com,63,Hyderabad,2024-12-08
7360,Rita Lee,rita.lee7360@example.com,59,London,2023-09-14
7361,Diana Davis,diana.davis7361@example.com,57,Berlin,2023-02-25
7362,Karl Taylor,karl.taylor7362@example.com,34,New York,2020-01-09
7363,Charlie Brown,charlie.brown7363@example.com,61,Mumbai,2022-06-13
7364,Frank Brown,frank.brown7364@example.com,30,Jaipur,2023-04-26
7365,Quinn Martin,quinn.martin7365@example.com,37,Mumbai,2021-09-06
7366,Frank Walker,frank.walker7366@example.com,74,Hyderabad,2023-07-28
7367,Frank Davis,frank.davis7367@example.com,43,Kolkata,2022-08-02
7368,Quinn Martin,quinn.martin7368@example.com,49,London,2024-10-01
7369,Quinn Lee,quinn.lee7369@example.com,50,Delhi,2020-10-16
7370,Eve Taylor,eve.taylor7370@example.com,46,Delhi,2023-08-09
7371,Rita Moore,rita.moore7371@example.com,48,New York,2021-11-06
7372,Rita Walker,rita.walker7372@example.com,36,London,2022-03-05
7373,Quinn Smith,quinn.smith7373@example.com,42,Kolkata,2020-06-06
7374,Grace Martin,grace.martin7374@example.com,64,Berlin,2023-03-24
7375,Lena Garcia,lena.garcia7375@example.com,37,Mumbai,2024-03-11
7376,Sam Thomas,sam.thomas7376@example.com,52,Jaipur,2025-06-06
7377,Ivan Garcia,ivan.garcia7377@example.com,19,Pune,2023-10-23
7378,Karl Anderson,karl.anderson7378@example.com,45,Chennai,2022-06-27
7379,Tina Miller,tina.miller7379@example.com,54,Pune,2024-06-19
7380,Mike Taylor,mike.taylor7380@example.com,74,Chennai,2023-01-14
7381,Heidi Smith,heidi.smith7381@example.com,72,Bangalore,2024-10-23
7382,Oscar Brown,oscar.brown7382@example.com,30,Toronto,2024-07-04
7383,Diana Smith,diana.smith7383@example.com,71,Delhi,2020-05-01
7384,Sam Hall,sam.hall7384@example.com,27,Toronto,2020-06-20
7385,Mike Garcia,mike.garcia7385@example.com,26,New York,2020-07-21
7386,Nina Davis,nina.davis7386@example.com,40,Hyderabad,2021-10-14
7387,Oscar Moore,oscar.moore7387@example.com,50,Toronto,2025-05-01
7388,Ivan Davis,ivan.davis7388@example.com,49,Chennai,2025-03-13
7389,Quinn Garcia,quinn.garcia7389@example.com,38,Sydney,2024-03-19
7390,Lena Hall,lena.hall7390@example.com,49,Sydney,2020-07-23
7391,Frank Miller,frank.miller7391@example.com,48,Toronto,2021-07-16
7392,Alice Smith,alice.smith7392@example.com,21,Toronto,2022-12-08
7393,Oscar Davis,oscar.davis7393@example.com,51,Pune,2024-07-15
7394,Nina Lee,nina.lee7394@example.com,51,Jaipur,2020-09-28
7395,Judy Moore,judy.moore7395@example.com,21,Sydney,2020-05-26
7396,Nina Garcia,nina.garcia7396@example.com,40,Berlin,2021-10-27
7397,Diana Brown,diana.brown7397@example.com,29,Hyderabad,2021-06-09
7398,Judy Miller,judy.miller7398@example.com,22,Pune,2022-11-15
7399,Sam Thomas,sam.thomas7399@example.com,48,Hyderabad,2021-08-29
7400,Alice Brown,alice.brown7400@example.com,69,Jaipur,2024-09-02
7401,Grace Taylor,grace.taylor7401@example.com,51,Toronto,2025-02-11
7402,Rita Garcia,rita.garcia7402@example.com,19,Delhi,2024-05-07
7403,Heidi Walker,heidi.walker7403@example.com,38,Jaipur,2022-08-20
7404,Bob Martin,bob.martin7404@example.com,22,Mumbai,2020-02-10
7405,Heidi Garcia,heidi.garcia7405@example.com,30,New York,2024-12-11
7406,Tina Miller,tina.miller7406@example.com,69,Hyderabad,2021-07-02
7407,Eve Hall,eve.hall7407@example.com,31,Delhi,2023-08-09
7408,Nina Smith,nina.smith7408@example.com,29,New York,2024-06-20
7409,Karl Martin,karl.martin7409@example.com,21,Delhi,2023-06-06
7410,Rita Taylor,rita.taylor7410@example.com,19,Bangalore,2024-05-10
7411,Ivan Martin,ivan.martin7411@example.com,22,Tokyo,2021-07-05
7412,Sam Smith,sam.smith7412@example.com,55,Pune,2022-06-06
7413,Charlie Walker,charlie.walker7413@example.com,56,Mumbai,2023-05-06
7414,Pam Walker,pam.walker7414@example.com,72,Hyderabad,2024-08-08
7415,Sam Hall,sam.hall7415@example.com,49,Paris,2024-09-17
7416,Ivan Davis,ivan.davis7416@example.com,27,Delhi,2021-07-04
7417,Diana Taylor,diana.taylor7417@example.com,41,Toronto,2023-06-02
7418,Ivan Anderson,ivan.anderson7418@example.com,18,Berlin,2021-10-12
7419,Bob Wilson,bob.wilson7419@example.com,31,Sydney,2024-03-23
7420,Mike Lee,mike.lee7420@example.com,62,Mumbai,2021-09-04
7421,Quinn Smith,quinn.smith7421@example.com,54,Sydney,2022-10-17
7422,Heidi Thomas,heidi.thomas7422@example.com,34,Chennai,2020-02-08
7423,Karl Thomas,karl.thomas7423@example.com,71,Chennai,2024-04-08
7424,Rita Smith,rita.smith7424@example.com,26,Chennai,2022-06-04
7425,Alice Brown,alice.brown7425@example.com,63,Bangalore,2021-05-28
7426,Ivan Brown,ivan.brown7426@example.com,59,Jaipur,2024-07-14
7427,Bob Lee,bob.lee7427@example.com,32,London,2021-12-25
7428,Quinn Thomas,quinn.thomas7428@example.com,66,Paris,2021-11-11
7429,Quinn Miller,quinn.miller7429@example.com,57,Jaipur,2024-11-18
7430,Alice Wilson,alice.wilson7430@example.com,30,Jaipur,2021-10-01
7431,Eve Smith,eve.smith7431@example.com,32,London,2023-02-28
7432,Oscar Moore,oscar.moore7432@example.com,47,Mumbai,2021-08-08
7433,Rita Garcia,rita.garcia7433@example.com,47,Sydney,2023-06-02
7434,Lena Johnson,lena.johnson7434@example.com,60,Berlin,2020-05-16
7435,Quinn Hall,quinn.hall7435@example.com,45,Kolkata,2021-07-01
7436,Quinn Martin,quinn.martin7436@example.com,28,Tokyo,2020-01-08
7437,Quinn Anderson,quinn.anderson7437@example.com,66,Kolkata,2020-09-21
7438,Tina Davis,tina.davis7438@example.com,68,Chennai,2022-11-30
7439,Mike Martin,mike.martin7439@example.com,50,Pune,2025-04-04
7440,Ivan Johnson,ivan.johnson7440@example.com,54,Toronto,2020-11-21
7441,Heidi Moore,heidi.moore7441@example.com,67,Tokyo,2020-12-10
7442,Nina Smith,nina.smith7442@example.com,65,Chennai,2022-01-08
7443,Rita Garcia,rita.garcia7443@example.com,63,Bangalore,2024-03-29
7444,Ivan Brown,ivan.brown7444@example.com,47,Toronto,2024-09-13
7445,Pam Miller,pam.miller7445@example.com,51,Tokyo,2020-07-21
7446,Oscar Taylor,oscar.taylor7446@example.com,62,New York,2022-02-25
7447,Mike Brown,mike.brown7447@example.com,71,Bangalore,2021-03-13
7448,Charlie Davis,charlie.davis7448@example.com,23,Pune,2022-12-20
7449,Charlie Wilson,charlie.wilson7449@example.com,52,Delhi,2020-11-02
7450,Judy Lee,judy.lee7450@example.com,27,Hyderabad,2022-02-20
7451,Lena Walker,lena.walker7451@example.com,39,Bangalore,2021-10-01
7452,Nina Thomas,nina.thomas7452@example.com,53,Bangalore,2024-09-08
7453,Alice Hall,alice.hall7453@example.com,44,Hyderabad,2020-11-08
7454,Heidi Brown,heidi.brown7454@example.com,47,Kolkata,2020-10-22
7455,Heidi Moore,heidi.moore7455@example.com,48,London,2022-07-11
7456,Tina Anderson,tina.anderson7456@example.com,55,New York,2020-11-06
7457,Frank Taylor,frank.taylor7457@example.com,48,Chennai,2024-08-21
7458,Sam Smith,sam.smith7458@example.com,20,Kolkata,2024-07-22
7459,Nina Davis,nina.davis7459@example.com,70,Berlin,2024-11-22
7460,Rita Moore,rita.moore7460@example.com,58,Mumbai,2020-04-23
7461,Rita Miller,rita.miller7461@example.com,69,Mumbai,2022-07-03
7462,Sam Davis,sam.davis7462@example.com,63,Berlin,2020-05-24
7463,Oscar Garcia,oscar.garcia7463@example.com,49,Sydney,2021-10-04
7464,Grace Thomas,grace.thomas7464@example.com,51,London,2024-08-03
7465,Rita Anderson,rita.anderson7465@example.com,57,Chennai,2020-03-22
7466,Oscar Martin,oscar.martin7466@example.com,31,Mumbai,2022-11-19
7467,Charlie Davis,charlie.davis7467@example.com,55,London,2021-10-18
7468,Pam Thomas,pam.thomas7468@example.com,21,Delhi,2023-04-04
7469,Judy Davis,judy.davis7469@example.com,50,Bangalore,2024-04-09
7470,Mike Brown,mike.brown7470@example.com,43,Jaipur,2023-01-31
7471,Grace Anderson,grace.anderson7471@example.com,34,Delhi,2022-11-14
7472,Oscar Garcia,oscar.garcia7472@example.com,31,Delhi,2020-02-16
7473,Eve Smith,eve.smith7473@example.com,61,Mumbai,2022-03-27
7474,Charlie Brown,charlie.brown7474@example.com,33,Bangalore,2022-03-28
7475,Diana Brown,diana.brown7475@example.com,25,Hyderabad,2023-07-17
7476,Tina Smith,tina.smith7476@example.com,58,Jaipur,2021-11-14
7477,Charlie Anderson,charlie.anderson7477@example.com,74,Pune,2023-01-24
7478,Diana Brown,diana.brown7478@example.com,54,Chennai,2024-06-04
7479,Rita Anderson,rita.anderson7479@example.com,59,Toronto,2024-10-01
7480,Diana Anderson,diana.anderson7480@example.com,67,Paris,2024-07-28
7481,Alice Moore,alice.moore7481@example.com,70,Mumbai,2020-01-15
7482,Mike Garcia,mike.garcia7482@example.com,63,Pune,2024-10-06
7483,Tina Smith,tina.smith7483@example.com,73,London,2020-04-06
7484,Oscar Thomas,oscar.thomas7484@example.com,26,Tokyo,2022-09-12
7485,Eve Thomas,eve.thomas7485@example.com,53,Paris,2022-03-04
7486,Rita Thomas,rita.thomas7486@example.com,75,Tokyo,2021-04-03
7487,Ivan Hall,ivan.hall7487@example.com,63,Delhi,2023-09-19
7488,Nina Moore,nina.moore7488@example.com,37,Bangalore,2025-01-21
7489,Oscar Hall,oscar.hall7489@example.com,20,Tokyo,2024-01-01
7490,Karl Smith,karl.smith7490@example.com,44,Mumbai,2021-11-02
7491,Oscar Anderson,oscar.anderson7491@example.com,57,Toronto,2024-10-31
7492,Quinn Lee,quinn.lee7492@example.com,64,Jaipur,2021-04-06
7493,Grace Davis,grace.davis7493@example.com,40,Kolkata,2022-07-02
7494,Alice Lee,alice.lee7494@example.com,49,Mumbai,2021-04-28
7495,Diana Lee,diana.lee7495@example.com,28,Jaipur,2024-07-07
7496,Grace Johnson,grace.johnson7496@example.com,38,Sydney,2021-11-27
7497,Bob Moore,bob.moore7497@example.com,72,Pune,2021-10-13
7498,Oscar Moore,oscar.moore7498@example.com,75,New York,2022-01-02
7499,Eve Moore,eve.moore7499@example.com,23,Delhi,2022-09-06
7500,Tina Thomas,tina.thomas7500@example.com,61,Hyderabad,2024-02-22
7501,Heidi Anderson,heidi.anderson7501@example.com,35,Kolkata,2024-08-10
7502,Ivan Miller,ivan.miller7502@example.com,20,Berlin,2022-01-22
7503,Quinn Anderson,quinn.anderson7503@example.com,31,London,2025-06-13
7504,Charlie Miller,charlie.miller7504@example.com,22,Berlin,2024-12-23
7505,Pam Smith,pam.smith7505@example.com,59,Hyderabad,2023-12-07
7506,Diana Lee,diana.lee7506@example.com,27,Hyderabad,2021-04-09
7507,Karl Walker,karl.walker7507@example.com,21,Tokyo,2022-03-31
7508,Rita Wilson,rita.wilson7508@example.com,25,Sydney,2023-07-09
7509,Mike Walker,mike.walker7509@example.com,67,Delhi,2023-05-17
7510,Charlie Martin,charlie.martin7510@example.com,20,Bangalore,2023-08-01
7511,Oscar Hall,oscar.hall7511@example.com,73,Mumbai,2023-06-19
7512,Oscar Anderson,oscar.anderson7512@example.com,21,Jaipur,2024-12-12
7513,Eve Taylor,eve.taylor7513@example.com,58,Berlin,2024-07-05
7514,Ivan Davis,ivan.davis7514@example.com,45,Delhi,2021-08-20
7515,Ivan Garcia,ivan.garcia7515@example.com,48,Bangalore,2024-07-17
7516,Judy Smith,judy.smith7516@example.com,66,Tokyo,2024-08-05
7517,Nina Martin,nina.martin7517@example.com,72,Toronto,2025-05-07
7518,Judy Walker,judy.walker7518@example.com,19,London,2022-06-03
7519,Grace Brown,grace.brown7519@example.com,57,Sydney,2022-09-09
7520,Grace Lee,grace.lee7520@example.com,49,Delhi,2023-09-17
7521,Grace Walker,grace.walker7521@example.com,25,Sydney,2023-04-07
7522,Pam Davis,pam.davis7522@example.com,46,Kolkata,2025-02-21
7523,Frank Thomas,frank.thomas7523@example.com,63,Chennai,2020-10-28
7524,Oscar Taylor,oscar.taylor7524@example.com,24,Delhi,2022-03-16
7525,Rita Lee,rita.lee7525@example.com,65,Tokyo,2023-12-26
7526,Bob Brown,bob.brown7526@example.com,54,Jaipur,2020-06-30
7527,Karl Anderson,karl.anderson7527@example.com,41,Hyderabad,2023-12-15
7528,Judy Moore,judy.moore7528@example.com,28,Jaipur,2021-04-09
7529,Heidi Brown,heidi.brown7529@example.com,37,London,2022-02-08
7530,Lena Johnson,lena.johnson7530@example.com,53,Sydney,2023-07-07
7531,Ivan Anderson,ivan.anderson7531@example.com,33,Bangalore,2022-06-05
7532,Mike Smith,mike.smith7532@example.com,47,Hyderabad,2021-02-28
7533,Judy Miller,judy.miller7533@example.com,68,Toronto,2024-09-29
7534,Pam Martin,pam.martin7534@example.com,34,Toronto,2020-12-27
7535,Diana Davis,diana.davis7535@example.com,65,Chennai,2023-03-18
7536,Lena Anderson,lena.anderson7536@example.com,36,Chennai,2020-06-17
7537,Pam Miller,pam.miller7537@example.com,65,Hyderabad,2025-03-06
7538,Tina Johnson,tina.johnson7538@example.com,45,London,2022-06-24
7539,Alice Davis,alice.davis7539@example.com,18,Paris,2025-01-12
7540,Frank Johnson,frank.johnson7540@example.com,50,Chennai,2020-07-11
7541,Mike Thomas,mike.thomas7541@example.com,53,London,2023-08-15
7542,Judy Hall,judy.hall7542@example.com,24,Tokyo,2024-06-01
7543,Judy Walker,judy.walker7543@example.com,35,Chennai,2022-09-09
7544,Mike Martin,mike.martin7544@example.com,74,New York,2023-12-15
7545,Sam Miller,sam.miller7545@example.com,70,Delhi,2021-02-20
7546,Pam Lee,pam.lee7546@example.com,46,Berlin,2020-02-22
7547,Eve Thomas,eve.thomas7547@example.com,69,Kolkata,2024-10-26
7548,Eve Anderson,eve.anderson7548@example.com,43,Berlin,2023-09-22
7549,Heidi Taylor,heidi.taylor7549@example.com,67,Hyderabad,2020-02-28
7550,Eve Garcia,eve.garcia7550@example.com,72,Chennai,2021-12-13
7551,Alice Thomas,alice.thomas7551@example.com,64,Chennai,2023-04-13
7552,Mike Martin,mike.martin7552@example.com,70,Paris,2020-08-26
7553,Rita Hall,rita.hall7553@example.com,30,Toronto,2022-02-11
7554,Oscar Wilson,oscar.wilson7554@example.com,25,Bangalore,2024-03-08
7555,Mike Garcia,mike.garcia7555@example.com,44,Toronto,2025-05-04
7556,Charlie Smith,charlie.smith7556@example.com,26,Sydney,2024-03-09
7557,Mike Hall,mike.hall7557@example.com,33,Berlin,2020-12-22
7558,Bob Brown,bob.brown7558@example.com,68,Jaipur,2024-09-12
7559,Eve Brown,eve.brown7559@example.com,61,Kolkata,2021-03-26
7560,Ivan Thomas,ivan.thomas7560@example.com,55,Delhi,2020-03-22
7561,Charlie Hall,charlie.hall7561@example.com,31,Kolkata,2022-06-15
7562,Nina Anderson,nina.anderson7562@example.com,32,Hyderabad,2022-05-12
7563,Pam Davis,pam.davis7563@example.com,57,Kolkata,2020-02-03
7564,Diana Wilson,diana.wilson7564@example.com,73,Mumbai,2023-06-12
7565,Charlie Davis,charlie.davis7565@example.com,27,Chennai,2021-09-15
7566,Ivan Walker,ivan.walker7566@example.com,43,London,2021-07-15
7567,Judy Smith,judy.smith7567@example.com,57,Paris,2021-03-08
7568,Heidi Lee,heidi.lee7568@example.com,72,Sydney,2020-05-08
7569,Oscar Miller,oscar.miller7569@example.com,72,Toronto,2025-02-02
7570,Lena Garcia,lena.garcia7570@example.com,74,Berlin,2020-10-13
7571,Mike Walker,mike.walker7571@example.com,21,London,2023-01-30
7572,Mike Taylor,mike.taylor7572@example.com,49,Pune,2020-09-19
7573,Mike Taylor,mike.taylor7573@example.com,22,Bangalore,2023-04-12
7574,Lena Martin,lena.martin7574@example.com,75,Chennai,2022-02-20
7575,Tina Moore,tina.moore7575@example.com,39,Sydney,2023-04-08
7576,Frank Moore,frank.moore7576@example.com,29,Mumbai,2023-11-04
7577,Oscar Garcia,oscar.garcia7577@example.com,72,Hyderabad,2021-06-22
7578,Charlie Miller,charlie.miller7578@example.com,56,New York,2020-02-23
7579,Grace Hall,grace.hall7579@example.com,72,Pune,2025-02-25
7580,Rita Davis,rita.davis7580@example.com,18,Paris,2024-03-01
7581,Karl Davis,karl.davis7581@example.com,22,Kolkata,2024-01-18
7582,Grace Walker,grace.walker7582@example.com,68,Berlin,2024-05-15
7583,Judy Hall,judy.hall7583@example.com,61,Berlin,2024-11-27
7584,Rita Garcia,rita.garcia7584@example.com,48,Paris,2021-01-04
7585,Rita Hall,rita.hall7585@example.com,52,Tokyo,2023-03-18
7586,Alice Miller,alice.miller7586@example.com,48,Pune,2021-05-08
7587,Heidi Johnson,heidi.johnson7587@example.com,34,Hyderabad,2022-01-09
7588,Ivan Garcia,ivan.garcia7588@example.com,64,Kolkata,2023-11-25
7589,Charlie Davis,charlie.davis7589@example.com,61,Mumbai,2021-08-21
7590,Sam Walker,sam.walker7590@example.com,30,Paris,2022-01-02
7591,Charlie Johnson,charlie.johnson7591@example.com,34,Kolkata,2024-05-19
7592,Sam Wilson,sam.wilson7592@example.com,51,Delhi,2022-08-13
7593,Sam Walker,sam.walker7593@example.com,38,Tokyo,2020-05-10
7594,Eve Walker,eve.walker7594@example.com,62,New York,2021-08-15
7595,Alice Thomas,alice.thomas7595@example.com,38,Berlin,2021-05-14
7596,Oscar Wilson,oscar.wilson7596@example.com,59,Toronto,2022-05-20
7597,Diana Anderson,diana.anderson7597@example.com,30,New York,2023-12-01
7598,Quinn Lee,quinn.lee7598@example.com,41,Delhi,2020-04-15
7599,Bob Johnson,bob.johnson7599@example.com,64,Kolkata,2023-01-02
7600,Pam Taylor,pam.taylor7600@example.com,23,Berlin,2021-02-26
7601,Sam Johnson,sam.johnson7601@example.com,38,London,2025-04-05
7602,Charlie Miller,charlie.miller7602@example.com,32,Toronto,2022-09-12
7603,Rita Garcia,rita.garcia7603@example.com,28,Chennai,2020-07-31
7604,Alice Wilson,alice.wilson7604@example.com,69,Delhi,2020-06-07
7605,Rita Wilson,rita.wilson7605@example.com,24,New York,2023-06-13
7606,Mike Moore,mike.moore7606@example.com,51,Sydney,2022-05-16
7607,Judy Brown,judy.brown7607@example.com,39,Pune,2022-07-19
7608,Bob Garcia,bob.garcia7608@example.com,59,Delhi,2023-08-27
7609,Alice Brown,alice.brown7609@example.com,73,Toronto,2024-08-10
7610,Sam Moore,sam.moore7610@example.com,30,Tokyo,2025-03-08
7611,Charlie Davis,charlie.davis7611@example.com,34,Paris,2023-12-18
7612,Grace Smith,grace.smith7612@example.com,43,New York,2020-04-18
7613,Frank Taylor,frank.taylor7613@example.com,21,Paris,2025-05-17
7614,Quinn Garcia,quinn.garcia7614@example.com,73,Sydney,2025-06-23
7615,Karl Hall,karl.hall7615@example.com,62,New York,2023-10-14
7616,Karl Hall,karl.hall7616@example.com,71,Paris,2020-12-10
7617,Judy Martin,judy.martin7617@example.com,24,London,2021-08-15
7618,Eve Smith,eve.smith7618@example.com,43,Toronto,2022-09-10
7619,Bob Johnson,bob.johnson7619@example.com,38,London,2021-06-08
7620,Karl Martin,karl.martin7620@example.com,55,Bangalore,2020-10-17
7621,Alice Johnson,alice.johnson7621@example.com,73,Toronto,2022-05-19
7622,Heidi Taylor,heidi.taylor7622@example.com,72,Kolkata,2022-11-29
7623,Eve Brown,eve.brown7623@example.com,26,Jaipur,2020-10-06
7624,Ivan Smith,ivan.smith7624@example.com,20,Sydney,2021-04-20
7625,Sam Brown,sam.brown7625@example.com,29,Chennai,2020-12-26
7626,Bob Davis,bob.davis7626@example.com,42,Paris,2023-09-03
7627,Alice Johnson,alice.johnson7627@example.com,60,Kolkata,2023-06-11
7628,Bob Walker,bob.walker7628@example.com,22,London,2024-04-01
7629,Grace Miller,grace.miller7629@example.com,52,Berlin,2021-03-04
7630,Heidi Thomas,heidi.thomas7630@example.com,24,Tokyo,2021-04-11
7631,Frank Davis,frank.davis7631@example.com,29,Delhi,2022-02-14
7632,Diana Lee,diana.lee7632@example.com,31,Paris,2021-05-13
7633,Tina Miller,tina.miller7633@example.com,39,Jaipur,2024-10-27
7634,Nina Moore,nina.moore7634@example.com,36,Sydney,2020-09-15
7635,Grace Miller,grace.miller7635@example.com,29,Delhi,2022-03-29
7636,Judy Lee,judy.lee7636@example.com,69,Berlin,2023-06-02
7637,Oscar Garcia,oscar.garcia7637@example.com,68,New York,2020-12-20
7638,Ivan Thomas,ivan.thomas7638@example.com,50,Toronto,2022-05-29
7639,Grace Miller,grace.miller7639@example.com,29,Kolkata,2020-04-21
7640,Sam Davis,sam.davis7640@example.com,33,Toronto,2024-03-16
7641,Oscar Moore,oscar.moore7641@example.com,60,Mumbai,2023-07-04
7642,Heidi Miller,heidi.miller7642@example.com,60,Bangalore,2023-01-31
7643,Lena Brown,lena.brown7643@example.com,57,Mumbai,2024-08-27
7644,Heidi Davis,heidi.davis7644@example.com,43,Jaipur,2024-05-04
7645,Charlie Davis,charlie.davis7645@example.com,62,Paris,2022-02-24
7646,Mike Davis,mike.davis7646@example.com,70,Sydney,2023-02-26
7647,Charlie Miller,charlie.miller7647@example.com,49,Pune,2025-01-11
7648,Mike Brown,mike.brown7648@example.com,41,Pune,2021-05-19
7649,Quinn Smith,quinn.smith7649@example.com,57,Hyderabad,2022-05-03
7650,Nina Miller,nina.miller7650@example.com,24,Berlin,2022-08-26
7651,Lena Taylor,lena.taylor7651@example.com,33,Toronto,2024-10-04
7652,Sam Martin,sam.martin7652@example.com,41,Paris,2021-08-13
7653,Oscar Lee,oscar.lee7653@example.com,35,Hyderabad,2024-04-15
7654,Mike Garcia,mike.garcia7654@example.com,64,Sydney,2023-09-27
7655,Heidi Davis,heidi.davis7655@example.com,31,Delhi,2023-04-03
7656,Nina Brown,nina.brown7656@example.com,66,Chennai,2024-12-08
7657,Sam Anderson,sam.anderson7657@example.com,74,Sydney,2024-03-11
7658,Heidi Brown,heidi.brown7658@example.com,36,Tokyo,2024-12-01
7659,Mike Wilson,mike.wilson7659@example.com,55,Paris,2021-09-01
7660,Diana Davis,diana.davis7660@example.com,48,London,2020-11-16
7661,Oscar Walker,oscar.walker7661@example.com,59,Kolkata,2025-03-27
7662,Nina Taylor,nina.taylor7662@example.com,65,Chennai,2023-01-25
7663,Heidi Davis,heidi.davis7663@example.com,35,Tokyo,2025-04-09
7664,Judy Garcia,judy.garcia7664@example.com,53,Sydney,2022-10-21
7665,Nina Taylor,nina.taylor7665@example.com,60,Bangalore,2020-02-23
7666,Nina Lee,nina.lee7666@example.com,24,Toronto,2024-02-05
7667,Rita Brown,rita.brown7667@example.com,36,Bangalore,2022-08-21
7668,Sam Moore,sam.moore7668@example.com,33,Bangalore,2023-05-31
7669,Rita Lee,rita.lee7669@example.com,60,London,2022-04-30
7670,Diana Davis,diana.davis7670@example.com,73,Tokyo,2023-10-11
7671,Quinn Johnson,quinn.johnson7671@example.com,24,Toronto,2025-01-10
7672,Quinn Moore,quinn.moore7672@example.com,30,Kolkata,2022-08-03
7673,Charlie Smith,charlie.smith7673@example.com,33,New York,2022-10-15
7674,Grace Wilson,grace.wilson7674@example.com,26,Toronto,2020-04-30
7675,Pam Martin,pam.martin7675@example.com,28,Pune,2024-08-27
7676,Alice Johnson,alice.johnson7676@example.com,35,Delhi,2023-06-10
7677,Nina Walker,nina.walker7677@example.com,48,Delhi,2025-01-25
7678,Alice Anderson,alice.anderson7678@example.com,75,Paris,2022-03-02
7679,Ivan Thomas,ivan.thomas7679@example.com,31,London,2020-09-26
7680,Diana Miller,diana.miller7680@example.com,43,Pune,2021-02-06
7681,Sam Lee,sam.lee7681@example.com,37,Pune,2024-05-02
7682,Oscar Garcia,oscar.garcia7682@example.com,29,Sydney,2023-08-08
7683,Ivan Walker,ivan.walker7683@example.com,27,Kolkata,2023-03-30
7684,Frank Garcia,frank.garcia7684@example.com,71,Kolkata,2021-08-30
7685,Lena Lee,lena.lee7685@example.com,43,Tokyo,2025-02-21
7686,Grace Thomas,grace.thomas7686@example.com,24,Mumbai,2020-10-11
7687,Sam Walker,sam.walker7687@example.com,69,Bangalore,2023-07-15
7688,Judy Smith,judy.smith7688@example.com,31,Toronto,2024-08-07
7689,Sam Miller,sam.miller7689@example.com,50,Jaipur,2023-09-23
7690,Charlie Moore,charlie.moore7690@example.com,25,Paris,2023-08-07
7691,Nina Martin,nina.martin7691@example.com,42,Kolkata,2021-08-21
7692,Sam Wilson,sam.wilson7692@example.com,23,Bangalore,2022-04-19
7693,Oscar Moore,oscar.moore7693@example.com,19,Toronto,2023-10-28
7694,Rita Taylor,rita.taylor7694@example.com,31,Sydney,2021-03-27
7695,Tina Johnson,tina.johnson7695@example.com,20,London,2025-05-11
7696,Mike Johnson,mike.johnson7696@example.com,28,Sydney,2024-05-27
7697,Sam Smith,sam.smith7697@example.com,25,Toronto,2024-05-08
7698,Heidi Thomas,heidi.thomas7698@example.com,56,Berlin,2024-02-06
7699,Sam Smith,sam.smith7699@example.com,66,Pune,2020-06-15
7700,Grace Taylor,grace.taylor7700@example.com,32,Berlin,2025-06-13
7701,Ivan Taylor,ivan.taylor7701@example.com,48,Hyderabad,2023-09-25
7702,Nina Walker,nina.walker7702@example.com,48,Chennai,2024-06-26
7703,Grace Moore,grace.moore7703@example.com,35,Delhi,2024-06-15
7704,Diana Miller,diana.miller7704@example.com,20,Jaipur,2023-02-27
7705,Rita Lee,rita.lee7705@example.com,62,Berlin,2020-06-30
7706,Bob Johnson,bob.johnson7706@example.com,73,Toronto,2022-10-07
7707,Tina Taylor,tina.taylor7707@example.com,20,London,2021-05-29
7708,Rita Johnson,rita.johnson7708@example.com,24,Toronto,2020-01-22
7709,Judy Thomas,judy.thomas7709@example.com,59,Kolkata,2023-04-23
7710,Charlie Lee,charlie.lee7710@example.com,19,New York,2024-10-03
7711,Judy Moore,judy.moore7711@example.com,75,Hyderabad,2020-11-26
7712,Bob Brown,bob.brown7712@example.com,51,Delhi,2024-08-28
7713,Nina Walker,nina.walker7713@example.com,44,Hyderabad,2020-08-31
7714,Mike Hall,mike.hall7714@example.com,52,New York,2024-03-11
7715,Charlie Hall,charlie.hall7715@example.com,57,Bangalore,2020-03-22
7716,Heidi Miller,heidi.miller7716@example.com,27,London,2025-05-09
7717,Grace Miller,grace.miller7717@example.com,50,Hyderabad,2024-03-01
7718,Karl Miller,karl.miller7718@example.com,53,Berlin,2024-12-23
7719,Eve Smith,eve.smith7719@example.com,31,Sydney,2021-02-08
7720,Charlie Garcia,charlie.garcia7720@example.com,21,Kolkata,2022-09-06
7721,Sam Moore,sam.moore7721@example.com,24,Mumbai,2024-09-10
7722,Sam Johnson,sam.johnson7722@example.com,31,Hyderabad,2023-01-18
7723,Mike Smith,mike.smith7723@example.com,23,Sydney,2024-05-31
7724,Pam Johnson,pam.johnson7724@example.com,72,Kolkata,2024-12-14
7725,Charlie Lee,charlie.lee7725@example.com,49,London,2021-02-20
7726,Eve Lee,eve.lee7726@example.com,63,London,2023-04-08
7727,Judy Hall,judy.hall7727@example.com,72,Jaipur,2020-02-03
7728,Eve Miller,eve.miller7728@example.com,75,Mumbai,2023-10-02
7729,Alice Brown,alice.brown7729@example.com,51,Delhi,2024-07-02
7730,Charlie Miller,charlie.miller7730@example.com,23,London,2020-09-28
7731,Rita Wilson,rita.wilson7731@example.com,72,Chennai,2021-09-04
7732,Karl Brown,karl.brown7732@example.com,49,Hyderabad,2023-11-28
7733,Charlie Lee,charlie.lee7733@example.com,56,Tokyo,2025-06-09
7734,Nina Wilson,nina.wilson7734@example.com,72,Delhi,2022-01-24
7735,Pam Garcia,pam.garcia7735@example.com,36,Jaipur,2022-05-27
7736,Grace Thomas,grace.thomas7736@example.com,22,Tokyo,2023-02-08
7737,Charlie Smith,charlie.smith7737@example.com,58,Mumbai,2021-09-09
7738,Tina Johnson,tina.johnson7738@example.com,60,Toronto,2020-09-07
7739,Sam Miller,sam.miller7739@example.com,28,Tokyo,2023-08-06
7740,Eve Johnson,eve.johnson7740@example.com,40,Berlin,2024-12-01
7741,Bob Johnson,bob.johnson7741@example.com,63,Tokyo,2020-06-17
7742,Karl Taylor,karl.taylor7742@example.com,39,New York,2022-04-21
7743,Tina Moore,tina.moore7743@example.com,45,Chennai,2021-01-14
7744,Mike Johnson,mike.johnson7744@example.com,44,Delhi,2021-06-02
7745,Lena Davis,lena.davis7745@example.com,28,Sydney,2020-12-25
7746,Pam Martin,pam.martin7746@example.com,37,Hyderabad,2020-06-02
7747,Alice Brown,alice.brown7747@example.com,58,Sydney,2021-08-02
7748,Pam Martin,pam.martin7748@example.com,69,London,2025-03-28
7749,Oscar Thomas,oscar.thomas7749@example.com,52,Bangalore,2023-12-14
7750,Tina Miller,tina.miller7750@example.com,51,Delhi,2025-02-16
7751,Lena Garcia,lena.garcia7751@example.com,42,Bangalore,2021-08-01
7752,Quinn Thomas,quinn.thomas7752@example.com,56,Tokyo,2020-04-29
7753,Alice Davis,alice.davis7753@example.com,24,Bangalore,2023-07-11
7754,Karl Garcia,karl.garcia7754@example.com,46,Sydney,2025-04-07
7755,Mike Taylor,mike.taylor7755@example.com,41,Sydney,2024-05-12
7756,Quinn Miller,quinn.miller7756@example.com,74,Paris,2024-10-10
7757,Frank Wilson,frank.wilson7757@example.com,58,Kolkata,2020-06-25
7758,Oscar Brown,oscar.brown7758@example.com,42,Toronto,2020-09-29
7759,Lena Garcia,lena.garcia7759@example.com,41,New York,2021-06-14
7760,Mike Walker,mike.walker7760@example.com,18,Mumbai,2020-02-16
7761,Bob Johnson,bob.johnson7761@example.com,36,Jaipur,2023-09-01
7762,Ivan Johnson,ivan.johnson7762@example.com,71,Tokyo,2020-01-11
7763,Mike Anderson,mike.anderson7763@example.com,59,Toronto,2024-10-29
7764,Frank Miller,frank.miller7764@example.com,20,Pune,2023-12-05
7765,Quinn Wilson,quinn.wilson7765@example.com,67,Pune,2020-07-29
7766,Alice Smith,alice.smith7766@example.com,58,Jaipur,2022-04-23
7767,Nina Anderson,nina.anderson7767@example.com,56,New York,2023-10-08
7768,Ivan Lee,ivan.lee7768@example.com,66,London,2022-09-22
7769,Eve Anderson,eve.anderson7769@example.com,27,New York,2022-08-24
7770,Nina Brown,nina.brown7770@example.com,30,Delhi,2024-01-14
7771,Diana Johnson,diana.johnson7771@example.com,40,Jaipur,2024-06-11
7772,Frank Brown,frank.brown7772@example.com,32,Paris,2023-02-04
7773,Eve Brown,eve.brown7773@example.com,29,Delhi,2020-11-13
7774,Judy Smith,judy.smith7774@example.com,52,Berlin,2022-08-22
7775,Karl Walker,karl.walker7775@example.com,27,Delhi,2021-01-29
7776,Lena Thomas,lena.thomas7776@example.com,55,Bangalore,2021-08-31
7777,Bob Smith,bob.smith7777@example.com,35,London,2020-03-20
7778,Rita Miller,rita.miller7778@example.com,46,Bangalore,2024-07-01
7779,Diana Taylor,diana.taylor7779@example.com,41,Hyderabad,2024-05-20
7780,Diana Martin,diana.martin7780@example.com,25,Hyderabad,2021-05-19
7781,Lena Moore,lena.moore7781@example.com,19,Jaipur,2024-10-12
7782,Karl Taylor,karl.taylor7782@example.com,38,Pune,2025-04-16
7783,Oscar Hall,oscar.hall7783@example.com,27,Paris,2024-04-18
7784,Quinn Thomas,quinn.thomas7784@example.com,26,Hyderabad,2024-08-17
7785,Alice Lee,alice.lee7785@example.com,45,Berlin,2020-08-28
7786,Lena Wilson,lena.wilson7786@example.com,53,New York,2023-05-11
7787,Oscar Anderson,oscar.anderson7787@example.com,33,New York,2020-09-18
7788,Rita Smith,rita.smith7788@example.com,72,London,2020-02-18
7789,Judy Johnson,judy.johnson7789@example.com,57,Berlin,2025-02-06
7790,Karl Taylor,karl.taylor7790@example.com,37,London,2023-06-09
7791,Karl Walker,karl.walker7791@example.com,66,Paris,2024-05-30
7792,Quinn Lee,quinn.lee7792@example.com,24,Hyderabad,2023-09-05
7793,Ivan Miller,ivan.miller7793@example.com,48,Delhi,2022-04-19
7794,Oscar Miller,oscar.miller7794@example.com,64,Hyderabad,2023-07-11
7795,Eve Anderson,eve.anderson7795@example.com,20,Paris,2020-06-23
7796,Quinn Moore,quinn.moore7796@example.com,53,Hyderabad,2023-06-03
7797,Heidi Smith,heidi.smith7797@example.com,42,Tokyo,2024-03-28
7798,Lena Wilson,lena.wilson7798@example.com,53,Chennai,2023-12-25
7799,Alice Moore,alice.moore7799@example.com,32,Mumbai,2023-02-17
7800,Sam Lee,sam.lee7800@example.com,25,Chennai,2020-10-25
7801,Diana Taylor,diana.taylor7801@example.com,70,Chennai,2023-06-24
7802,Oscar Miller,oscar.miller7802@example.com,75,Tokyo,2024-08-10
7803,Mike Thomas,mike.thomas7803@example.com,54,New York,2021-10-15
7804,Karl Anderson,karl.anderson7804@example.com,38,Sydney,2025-02-16
7805,Pam Lee,pam.lee7805@example.com,41,Bangalore,2023-03-17
7806,Judy Martin,judy.martin7806@example.com,67,New York,2023-01-20
7807,Ivan Brown,ivan.brown7807@example.com,54,Hyderabad,2024-02-17
7808,Alice Walker,alice.walker7808@example.com,44,Bangalore,2025-05-29
7809,Nina Thomas,nina.thomas7809@example.com,58,New York,2023-11-13
7810,Judy Davis,judy.davis7810@example.com,75,Paris,2022-11-30
7811,Tina Lee,tina.lee7811@example.com,52,Toronto,2020-01-31
7812,Mike Johnson,mike.johnson7812@example.com,64,New York,2022-03-06
7813,Karl Garcia,karl.garcia7813@example.com,47,Tokyo,2021-04-23
7814,Oscar Lee,oscar.lee7814@example.com,35,Sydney,2022-06-28
7815,Bob Johnson,bob.johnson7815@example.com,43,Sydney,2020-10-21
7816,Oscar Garcia,oscar.garcia7816@example.com,23,Hyderabad,2021-04-01
7817,Nina Moore,nina.moore7817@example.com,53,London,2021-09-04
7818,Sam Hall,sam.hall7818@example.com,53,New York,2020-10-13
7819,Lena Taylor,lena.taylor7819@example.com,58,New York,2022-11-14
7820,Ivan Taylor,ivan.taylor7820@example.com,48,Kolkata,2022-03-27
7821,Tina Thomas,tina.thomas7821@example.com,28,Chennai,2023-06-09
7822,Mike Miller,mike.miller7822@example.com,35,Berlin,2022-07-30
7823,Pam Walker,pam.walker7823@example.com,29,Sydney,2024-07-01
7824,Alice Anderson,alice.anderson7824@example.com,36,Chennai,2021-01-12
7825,Heidi Martin,heidi.martin7825@example.com,27,Hyderabad,2021-05-28
7826,Frank Taylor,frank.taylor7826@example.com,37,Delhi,2020-01-10
7827,Bob Miller,bob.miller7827@example.com,23,Mumbai,2023-12-23
7828,Eve Miller,eve.miller7828@example.com,25,Kolkata,2021-11-08
7829,Karl Taylor,karl.taylor7829@example.com,73,Toronto,2023-05-14
7830,Diana Davis,diana.davis7830@example.com,52,Sydney,2021-10-07
7831,Oscar Miller,oscar.miller7831@example.com,72,Bangalore,2025-03-15
7832,Alice Garcia,alice.garcia7832@example.com,29,Jaipur,2022-10-18
7833,Sam Lee,sam.lee7833@example.com,42,New York,2020-11-28
7834,Ivan Brown,ivan.brown7834@example.com,41,Mumbai,2020-05-05
7835,Heidi Lee,heidi.lee7835@example.com,31,Tokyo,2023-09-07
7836,Eve Thomas,eve.thomas7836@example.com,68,Sydney,2023-10-15
7837,Tina Miller,tina.miller7837@example.com,40,Paris,2025-03-21
7838,Heidi Walker,heidi.walker7838@example.com,23,Sydney,2023-08-03
7839,Rita Hall,rita.hall7839@example.com,69,Paris,2022-12-11
7840,Mike Taylor,mike.taylor7840@example.com,20,Berlin,2020-02-11
7841,Eve Thomas,eve.thomas7841@example.com,45,Toronto,2021-01-11
7842,Tina Thomas,tina.thomas7842@example.com,23,Mumbai,2020-11-19
7843,Diana Wilson,diana.wilson7843@example.com,36,Paris,2023-05-14
7844,Eve Walker,eve.walker7844@example.com,26,New York,2021-09-10
7845,Charlie Garcia,charlie.garcia7845@example.com,47,Delhi,2025-03-14
7846,Frank Hall,frank.hall7846@example.com,25,Sydney,2023-11-02
7847,Heidi Thomas,heidi.thomas7847@example.com,29,Hyderabad,2022-04-11
7848,Mike Thomas,mike.thomas7848@example.com,31,Mumbai,2024-10-24
7849,Alice Garcia,alice.garcia7849@example.com,32,Paris,2024-08-05
7850,Lena Lee,lena.lee7850@example.com,20,Tokyo,2020-09-05
7851,Heidi Thomas,heidi.thomas7851@example.com,28,Delhi,2020-04-02
7852,Judy Anderson,judy.anderson7852@example.com,67,Jaipur,2022-01-03
7853,Alice Brown,alice.brown7853@example.com,27,New York,2022-05-06
7854,Diana Moore,diana.moore7854@example.com,55,New York,2020-08-05
7855,Sam Taylor,sam.taylor7855@example.com,59,Tokyo,2021-03-09
7856,Lena Thomas,lena.thomas7856@example.com,32,Mumbai,2023-05-22
7857,Pam Johnson,pam.johnson7857@example.com,56,New York,2020-01-05
7858,Bob Moore,bob.moore7858@example.com,19,Paris,2023-12-22
7859,Sam Moore,sam.moore7859@example.com,39,Toronto,2020-07-22
7860,Mike Brown,mike.brown7860@example.com,29,Jaipur,2021-11-28
7861,Mike Martin,mike.martin7861@example.com,63,Chennai,2021-07-29
7862,Pam Johnson,pam.johnson7862@example.com,50,Kolkata,2022-01-24
7863,Lena Thomas,lena.thomas7863@example.com,37,New York,2024-01-29
7864,Oscar Thomas,oscar.thomas7864@example.com,57,Pune,2025-01-14
7865,Eve Taylor,eve.taylor7865@example.com,18,Berlin,2024-06-13
7866,Lena Martin,lena.martin7866@example.com,69,Tokyo,2020-10-06
7867,Heidi Johnson,heidi.johnson7867@example.com,42,Chennai,2023-07-09
7868,Oscar Wilson,oscar.wilson7868@example.com,68,Delhi,2024-04-22
7869,Charlie Miller,charlie.miller7869@example.com,39,Toronto,2021-08-16
7870,Oscar Martin,oscar.martin7870@example.com,36,Jaipur,2021-05-16
7871,Oscar Smith,oscar.smith7871@example.com,68,Kolkata,2020-08-30
7872,Tina Miller,tina.miller7872@example.com,66,Sydney,2021-02-05
7873,Tina Martin,tina.martin7873@example.com,24,Hyderabad,2020-06-13
7874,Oscar Wilson,oscar.wilson7874@example.com,45,Toronto,2023-12-28
7875,Nina Davis,nina.davis7875@example.com,21,Sydney,2020-12-28
7876,Pam Moore,pam.moore7876@example.com,75,Pune,2022-05-06
7877,Charlie Brown,charlie.brown7877@example.com,19,Pune,2023-03-24
7878,Frank Anderson,frank.anderson7878@example.com,23,Jaipur,2023-12-05
7879,Karl Wilson,karl.wilson7879@example.com,53,New York,2022-04-13
7880,Charlie Lee,charlie.lee7880@example.com,64,Bangalore,2020-05-02
7881,Eve Brown,eve.brown7881@example.com,33,London,2023-10-14
7882,Diana Garcia,diana.garcia7882@example.com,48,Chennai,2023-01-25
7883,Oscar Smith,oscar.smith7883@example.com,42,Chennai,2024-08-18
7884,Pam Moore,pam.moore7884@example.com,45,Tokyo,2021-11-17
7885,Heidi Brown,heidi.brown7885@example.com,27,Tokyo,2023-11-01
7886,Pam Johnson,pam.johnson7886@example.com,52,Sydney,2023-04-14
7887,Eve Johnson,eve.johnson7887@example.com,73,Paris,2022-02-14
7888,Quinn Martin,quinn.martin7888@example.com,36,Chennai,2022-11-15
7889,Lena Garcia,lena.garcia7889@example.com,32,Hyderabad,2022-10-16
7890,Charlie Johnson,charlie.johnson7890@example.com,36,Jaipur,2020-11-07
7891,Tina Miller,tina.miller7891@example.com,30,New York,2020-03-23
7892,Alice Martin,alice.martin7892@example.com,33,Mumbai,2024-08-27
7893,Karl Lee,karl.lee7893@example.com,33,Bangalore,2024-03-20
7894,Rita Thomas,rita.thomas7894@example.com,62,Paris,2024-11-24
7895,Heidi Martin,heidi.martin7895@example.com,62,London,2021-02-28
7896,Eve Miller,eve.miller7896@example.com,45,Sydney,2023-05-12
7897,Quinn Walker,quinn.walker7897@example.com,42,Toronto,2023-06-08
7898,Grace Brown,grace.brown7898@example.com,48,Pune,2025-05-29
7899,Rita Martin,rita.martin7899@example.com,34,London,2022-10-02
7900,Rita Taylor,rita.taylor7900@example.com,69,Chennai,2022-10-14
7901,Nina Davis,nina.davis7901@example.com,54,London,2024-12-12
7902,Karl Hall,karl.hall7902@example.com,31,Hyderabad,2022-12-08
7903,Eve Smith,eve.smith7903@example.com,24,London,2024-05-14
7904,Ivan Moore,ivan.moore7904@example.com,73,New York,2024-07-26
7905,Mike Lee,mike.lee7905@example.com,40,Paris,2023-12-05
7906,Nina Garcia,nina.garcia7906@example.com,36,Paris,2022-06-01
7907,Oscar Walker,oscar.walker7907@example.com,68,Hyderabad,2021-03-27
7908,Lena Johnson,lena.johnson7908@example.com,69,Paris,2022-09-26
7909,Frank Miller,frank.miller7909@example.com,38,Sydney,2021-03-27
7910,Heidi Wilson,heidi.wilson7910@example.com,71,Sydney,2023-10-09
7911,Mike Davis,mike.davis7911@example.com,66,Toronto,2023-06-10
7912,Pam Garcia,pam.garcia7912@example.com,34,Delhi,2022-06-22
7913,Quinn Miller,quinn.miller7913@example.com,55,Toronto,2020-11-23
7914,Frank Miller,frank.miller7914@example.com,70,Pune,2023-03-29
7915,Judy Martin,judy.martin7915@example.com,41,Jaipur,2020-09-03
7916,Alice Miller,alice.miller7916@example.com,44,Chennai,2020-10-09
7917,Karl Smith,karl.smith7917@example.com,44,Bangalore,2020-09-22
7918,Sam Garcia,sam.garcia7918@example.com,38,Toronto,2022-12-29
7919,Karl Walker,karl.walker7919@example.com,25,Paris,2024-08-03
7920,Bob Walker,bob.walker7920@example.com,44,Pune,2020-09-15
7921,Oscar Hall,oscar.hall7921@example.com,44,Kolkata,2022-10-05
7922,Frank Thomas,frank.thomas7922@example.com,32,Kolkata,2021-10-16
7923,Alice Thomas,alice.thomas7923@example.com,46,Bangalore,2024-05-11
7924,Grace Miller,grace.miller7924@example.com,61,Hyderabad,2021-07-05
7925,Eve Johnson,eve.johnson7925@example.com,26,Bangalore,2020-08-13
7926,Judy Garcia,judy.garcia7926@example.com,73,Pune,2023-09-07
7927,Lena Hall,lena.hall7927@example.com,18,Paris,2020-10-28
7928,Grace Miller,grace.miller7928@example.com,75,Mumbai,2022-08-03
7929,Rita Walker,rita.walker7929@example.com,62,Hyderabad,2024-10-16
7930,Alice Miller,alice.miller7930@example.com,40,Mumbai,2024-01-20
7931,Sam Wilson,sam.wilson7931@example.com,72,Hyderabad,2020-10-07
7932,Lena Johnson,lena.johnson7932@example.com,73,Delhi,2021-08-19
7933,Bob Wilson,bob.wilson7933@example.com,19,Tokyo,2021-04-16
7934,Tina Anderson,tina.anderson7934@example.com,26,London,2021-08-22
7935,Oscar Anderson,oscar.anderson7935@example.com,61,Jaipur,2025-04-23
7936,Eve Lee,eve.lee7936@example.com,33,Tokyo,2022-06-29
7937,Eve Martin,eve.martin7937@example.com,21,Hyderabad,2023-03-08
7938,Ivan Davis,ivan.davis7938@example.com,22,Kolkata,2025-03-04
7939,Mike Wilson,mike.wilson7939@example.com,43,Pune,2024-02-03
7940,Oscar Smith,oscar.smith7940@example.com,43,Tokyo,2022-04-13
7941,Heidi Moore,heidi.moore7941@example.com,26,Jaipur,2024-11-02
7942,Quinn Garcia,quinn.garcia7942@example.com,30,New York,2020-08-19
7943,Charlie Brown,charlie.brown7943@example.com,74,Pune,2024-08-17
7944,Eve Smith,eve.smith7944@example.com,70,Jaipur,2020-04-10
7945,Quinn Miller,quinn.miller7945@example.com,50,Hyderabad,2021-07-03
7946,Eve Garcia,eve.garcia7946@example.com,70,Berlin,2024-05-02
7947,Rita Taylor,rita.taylor7947@example.com,31,Pune,2021-03-11
7948,Nina Walker,nina.walker7948@example.com,46,Chennai,2023-03-26
7949,Mike Smith,mike.smith7949@example.com,68,Delhi,2020-12-06
7950,Rita Thomas,rita.thomas7950@example.com,43,Mumbai,2024-01-22
7951,Charlie Martin,charlie.martin7951@example.com,31,Toronto,2020-01-18
7952,Karl Moore,karl.moore7952@example.com,61,Berlin,2023-05-27
7953,Judy Hall,judy.hall7953@example.com,45,Hyderabad,2025-02-18
7954,Tina Brown,tina.brown7954@example.com,19,Delhi,2022-01-28
7955,Nina Miller,nina.miller7955@example.com,54,Kolkata,2024-09-03
7956,Bob Johnson,bob.johnson7956@example.com,73,Tokyo,2020-10-25
7957,Ivan Thomas,ivan.thomas7957@example.com,41,Pune,2024-11-10
7958,Charlie Hall,charlie.hall7958@example.com,54,Hyderabad,2021-03-16
7959,Lena Smith,lena.smith7959@example.com,70,Chennai,2025-06-07
7960,Alice Johnson,alice.johnson7960@example.com,24,Hyderabad,2021-11-10
7961,Judy Garcia,judy.garcia7961@example.com,25,Mumbai,2021-12-07
7962,Quinn Martin,quinn.martin7962@example.com,62,Hyderabad,2023-12-21
7963,Bob Anderson,bob.anderson7963@example.com,74,New York,2021-03-19
7964,Quinn Martin,quinn.martin7964@example.com,50,Bangalore,2023-08-01
7965,Bob Miller,bob.miller7965@example.com,34,Chennai,2020-05-19
7966,Bob Miller,bob.miller7966@example.com,21,Berlin,2021-05-10
7967,Charlie Davis,charlie.davis7967@example.com,43,Toronto,2025-01-04
7968,Quinn Davis,quinn.davis7968@example.com,22,Chennai,2021-03-13
7969,Karl Taylor,karl.taylor7969@example.com,51,Chennai,2023-09-02
7970,Diana Miller,diana.miller7970@example.com,50,Chennai,2021-03-20
7971,Pam Miller,pam.miller7971@example.com,47,Sydney,2021-12-22
7972,Quinn Smith,quinn.smith7972@example.com,30,New York,2023-07-02
7973,Alice Johnson,alice.johnson7973@example.com,43,Delhi,2025-03-22
7974,Karl Garcia,karl.garcia7974@example.com,36,Mumbai,2020-08-13
7975,Pam Walker,pam.walker7975@example.com,70,Mumbai,2023-01-29
7976,Ivan Smith,ivan.smith7976@example.com,23,Hyderabad,2023-05-30
7977,Bob Brown,bob.brown7977@example.com,74,Mumbai,2024-06-06
7978,Diana Garcia,diana.garcia7978@example.com,75,Bangalore,2022-12-15
7979,Rita Moore,rita.moore7979@example.com,63,Tokyo,2022-09-17
7980,Diana Garcia,diana.garcia7980@example.com,23,London,2022-01-19
7981,Quinn Hall,quinn.hall7981@example.com,42,Toronto,2024-06-24
7982,Quinn Garcia,quinn.garcia7982@example.com,25,London,2023-03-10
7983,Sam Wilson,sam.wilson7983@example.com,70,Jaipur,2022-02-28
7984,Oscar Davis,oscar.davis7984@example.com,55,Kolkata,2023-12-30
7985,Quinn Taylor,quinn.taylor7985@example.com,60,Tokyo,2020-11-23
7986,Nina Johnson,nina.johnson7986@example.com,48,Jaipur,2020-03-26
7987,Karl Walker,karl.walker7987@example.com,19,Sydney,2025-06-08
7988,Rita Taylor,rita.taylor7988@example.com,41,Tokyo,2021-06-07
7989,Lena Moore,lena.moore7989@example.com,52,London,2023-04-19
7990,Lena Garcia,lena.garcia7990@example.com,38,Mumbai,2023-12-16
7991,Eve Anderson,eve.anderson7991@example.com,41,Tokyo,2022-01-16
7992,Heidi Taylor,heidi.taylor7992@example.com,55,Chennai,2023-04-30
7993,Quinn Brown,quinn.brown7993@example.com,36,Paris,2022-03-05
7994,Mike Moore,mike.moore7994@example.com,27,London,2022-08-16
7995,Pam Davis,pam.davis7995@example.com,53,New York,2020-05-16
7996,Karl Anderson,karl.anderson7996@example.com,70,Berlin,2025-03-17
7997,Nina Garcia,nina.garcia7997@example.com,53,Mumbai,2023-05-23
7998,Grace Smith,grace.smith7998@example.com,70,Jaipur,2024-05-09
7999,Grace Smith,grace.smith7999@example.com,27,Pune,2022-11-21
8000,Karl Taylor,karl.taylor8000@example.com,28,Hyderabad,2024-08-18
8001,Oscar Brown,oscar.brown8001@example.com,48,Pune,2022-02-25
8002,Nina Thomas,nina.thomas8002@example.com,53,Pune,2023-08-18
8003,Heidi Miller,heidi.miller8003@example.com,38,London,2023-07-30
8004,Lena Lee,lena.lee8004@example.com,65,Kolkata,2020-05-05
8005,Frank Davis,frank.davis8005@example.com,26,Jaipur,2022-11-26
8006,Lena Miller,lena.miller8006@example.com,45,London,2025-06-06
8007,Heidi Smith,heidi.smith8007@example.com,69,Delhi,2022-08-14
8008,Grace Hall,grace.hall8008@example.com,18,Delhi,2025-02-19
8009,Sam Hall,sam.hall8009@example.com,48,Paris,2024-12-19
8010,Alice Moore,alice.moore8010@example.com,47,Pune,2024-08-24
8011,Heidi Anderson,heidi.anderson8011@example.com,73,Kolkata,2024-09-25
8012,Frank Wilson,frank.wilson8012@example.com,68,Mumbai,2022-08-18
8013,Oscar Hall,oscar.hall8013@example.com,65,Pune,2020-08-25
8014,Diana Hall,diana.hall8014@example.com,66,Delhi,2021-08-22
8015,Eve Davis,eve.davis8015@example.com,26,Kolkata,2024-02-09
8016,Pam Moore,pam.moore8016@example.com,50,Hyderabad,2022-03-09
8017,Grace Smith,grace.smith8017@example.com,67,Bangalore,2020-05-05
8018,Alice Wilson,alice.wilson8018@example.com,23,Paris,2020-05-29
8019,Bob Walker,bob.walker8019@example.com,27,Kolkata,2024-10-22
8020,Ivan Brown,ivan.brown8020@example.com,30,Berlin,2023-10-14
8021,Judy Wilson,judy.wilson8021@example.com,31,Hyderabad,2023-10-20
8022,Bob Davis,bob.davis8022@example.com,65,Chennai,2022-09-17
8023,Oscar Wilson,oscar.wilson8023@example.com,24,Pune,2023-06-21
8024,Nina Hall,nina.hall8024@example.com,25,Chennai,2023-04-02
8025,Sam Moore,sam.moore8025@example.com,48,London,2022-02-09
8026,Lena Martin,lena.martin8026@example.com,57,Toronto,2021-12-17
8027,Mike Garcia,mike.garcia8027@example.com,67,Mumbai,2022-04-12
8028,Judy Smith,judy.smith8028@example.com,56,Bangalore,2024-01-21
8029,Mike Anderson,mike.anderson8029@example.com,72,Tokyo,2021-02-02
8030,Judy Lee,judy.lee8030@example.com,35,New York,2020-02-05
8031,Tina Martin,tina.martin8031@example.com,41,Paris,2020-11-26
8032,Judy Brown,judy.brown8032@example.com,61,Toronto,2023-10-29
8033,Lena Taylor,lena.taylor8033@example.com,67,Mumbai,2023-07-02
8034,Grace Martin,grace.martin8034@example.com,29,Paris,2024-09-11
8035,Charlie Thomas,charlie.thomas8035@example.com,22,Pune,2021-06-13
8036,Heidi Thomas,heidi.thomas8036@example.com,63,New York,2022-07-28
8037,Alice Davis,alice.davis8037@example.com,62,Berlin,2022-09-06
8038,Heidi Garcia,heidi.garcia8038@example.com,21,Pune,2020-08-21
8039,Karl Wilson,karl.wilson8039@example.com,68,Chennai,2023-04-16
8040,Diana Johnson,diana.johnson8040@example.com,39,New York,2024-03-06
8041,Diana Smith,diana.smith8041@example.com,22,Toronto,2023-12-22
8042,Eve Garcia,eve.garcia8042@example.com,18,New York,2022-10-29
8043,Bob Brown,bob.brown8043@example.com,43,Sydney,2023-02-21
8044,Sam Martin,sam.martin8044@example.com,31,Chennai,2021-06-19
8045,Oscar Hall,oscar.hall8045@example.com,39,Bangalore,2022-07-22
8046,Rita Hall,rita.hall8046@example.com,72,Tokyo,2021-03-27
8047,Karl Miller,karl.miller8047@example.com,50,Delhi,2024-01-01
8048,Grace Davis,grace.davis8048@example.com,49,Hyderabad,2020-07-01
8049,Tina Brown,tina.brown8049@example.com,24,Berlin,2023-03-14
8050,Mike Wilson,mike.wilson8050@example.com,54,London,2024-08-02
8051,Ivan Garcia,ivan.garcia8051@example.com,33,Hyderabad,2023-12-26
8052,Quinn Hall,quinn.hall8052@example.com,44,Chennai,2022-03-04
8053,Judy Moore,judy.moore8053@example.com,71,Tokyo,2024-07-21
8054,Eve Smith,eve.smith8054@example.com,74,Tokyo,2020-07-06
8055,Pam Martin,pam.martin8055@example.com,26,Jaipur,2023-09-08
8056,Nina Garcia,nina.garcia8056@example.com,41,Paris,2024-05-13
8057,Quinn Brown,quinn.brown8057@example.com,37,Toronto,2023-01-08
8058,Karl Miller,karl.miller8058@example.com,72,Hyderabad,2023-04-27
8059,Frank Martin,frank.martin8059@example.com,49,Chennai,2020-09-20
8060,Judy Smith,judy.smith8060@example.com,20,Pune,2020-03-11
8061,Eve Smith,eve.smith8061@example.com,52,Toronto,2023-09-22
8062,Bob Johnson,bob.johnson8062@example.com,37,Chennai,2024-03-08
8063,Mike Lee,mike.lee8063@example.com,19,Sydney,2020-06-25
8064,Sam Smith,sam.smith8064@example.com,53,Pune,2021-11-23
8065,Ivan Taylor,ivan.taylor8065@example.com,70,Paris,2022-10-11
8066,Diana Garcia,diana.garcia8066@example.com,59,Tokyo,2024-02-03
8067,Bob Hall,bob.hall8067@example.com,59,Kolkata,2024-01-25
8068,Grace Taylor,grace.taylor8068@example.com,38,Hyderabad,2022-05-11
8069,Grace Garcia,grace.garcia8069@example.com,56,Kolkata,2024-04-10
8070,Grace Lee,grace.lee8070@example.com,18,London,2025-01-31
8071,Bob Smith,bob.smith8071@example.com,64,New York,2023-04-21
8072,Bob Anderson,bob.anderson8072@example.com,70,Bangalore,2023-04-20
8073,Heidi Johnson,heidi.johnson8073@example.com,53,Mumbai,2022-12-03
8074,Diana Martin,diana.martin8074@example.com,18,Pune,2025-04-10
8075,Judy Walker,judy.walker8075@example.com,70,Delhi,2025-06-03
8076,Bob Brown,bob.brown8076@example.com,51,Chennai,2025-04-26
8077,Heidi Davis,heidi.davis8077@example.com,62,Berlin,2020-05-12
8078,Karl Anderson,karl.anderson8078@example.com,74,Bangalore,2024-03-28
8079,Frank Thomas,frank.thomas8079@example.com,61,New York,2023-06-27
8080,Heidi Smith,heidi.smith8080@example.com,34,Kolkata,2021-03-27
8081,Oscar Garcia,oscar.garcia8081@example.com,45,London,2021-05-11
8082,Nina Garcia,nina.garcia8082@example.com,28,Delhi,2025-02-19
8083,Alice Anderson,alice.anderson8083@example.com,68,Pune,2020-06-17
8084,Eve Brown,eve.brown8084@example.com,61,Chennai,2022-05-28
8085,Quinn Johnson,quinn.johnson8085@example.com,40,Jaipur,2024-11-06
8086,Sam Miller,sam.miller8086@example.com,67,Mumbai,2025-01-05
8087,Ivan Lee,ivan.lee8087@example.com,47,Jaipur,2020-01-08
8088,Lena Hall,lena.hall8088@example.com,63,Tokyo,2020-05-30
8089,Charlie Smith,charlie.smith8089@example.com,40,Chennai,2023-01-28
8090,Grace Moore,grace.moore8090@example.com,67,Kolkata,2021-05-15
8091,Alice Walker,alice.walker8091@example.com,57,Toronto,2022-10-15
8092,Grace Thomas,grace.thomas8092@example.com,46,Bangalore,2022-10-28
8093,Judy Brown,judy.brown8093@example.com,24,Delhi,2023-04-12
8094,Diana Martin,diana.martin8094@example.com,37,Paris,2023-09-28
8095,Nina Thomas,nina.thomas8095@example.com,32,Mumbai,2022-04-15
8096,Lena Moore,lena.moore8096@example.com,19,Pune,2024-01-31
8097,Diana Garcia,diana.garcia8097@example.com,69,Mumbai,2022-05-24
8098,Pam Martin,pam.martin8098@example.com,73,London,2022-11-08
8099,Pam Wilson,pam.wilson8099@example.com,43,Jaipur,2025-01-12
8100,Eve Moore,eve.moore8100@example.com,51,Delhi,2024-07-17
8101,Grace Garcia,grace.garcia8101@example.com,33,Toronto,2023-01-20
8102,Quinn Hall,quinn.hall8102@example.com,60,Chennai,2022-01-02
8103,Alice Johnson,alice.johnson8103@example.com,64,Chennai,2022-03-23
8104,Frank Wilson,frank.wilson8104@example.com,43,Paris,2023-04-27
8105,Frank Brown,frank.brown8105@example.com,45,Toronto,2022-06-09
8106,Oscar Anderson,oscar.anderson8106@example.com,71,Kolkata,2022-11-20
8107,Alice Thomas,alice.thomas8107@example.com,62,Kolkata,2021-02-02
8108,Oscar Moore,oscar.moore8108@example.com,43,London,2025-04-28
8109,Mike Walker,mike.walker8109@example.com,38,Paris,2021-01-18
8110,Rita Hall,rita.hall8110@example.com,59,Bangalore,2023-10-16
8111,Rita Thomas,rita.thomas8111@example.com,18,Mumbai,2021-08-19
8112,Sam Thomas,sam.thomas8112@example.com,33,Pune,2021-10-13
8113,Sam Anderson,sam.anderson8113@example.com,24,Paris,2021-10-24
8114,Karl Thomas,karl.thomas8114@example.com,48,Mumbai,2022-08-10
8115,Eve Garcia,eve.garcia8115@example.com,38,Bangalore,2024-09-08
8116,Pam Garcia,pam.garcia8116@example.com,36,New York,2023-01-29
8117,Grace Hall,grace.hall8117@example.com,53,Sydney,2025-05-19
8118,Rita Smith,rita.smith8118@example.com,38,New York,2025-03-07
8119,Charlie Hall,charlie.hall8119@example.com,63,Hyderabad,2021-08-18
8120,Diana Lee,diana.lee8120@example.com,46,London,2024-12-31
8121,Mike Davis,mike.davis8121@example.com,48,Delhi,2023-04-08
8122,Grace Thomas,grace.thomas8122@example.com,22,Jaipur,2020-10-11
8123,Sam Walker,sam.walker8123@example.com,40,Jaipur,2022-03-22
8124,Lena Lee,lena.lee8124@example.com,23,Delhi,2022-12-27
8125,Oscar Johnson,oscar.johnson8125@example.com,59,London,2024-09-19
8126,Judy Anderson,judy.anderson8126@example.com,45,New York,2020-04-24
8127,Lena Lee,lena.lee8127@example.com,20,New York,2024-01-11
8128,Tina Brown,tina.brown8128@example.com,34,Berlin,2023-05-02
8129,Frank Anderson,frank.anderson8129@example.com,46,Delhi,2024-09-06
8130,Pam Davis,pam.davis8130@example.com,58,Mumbai,2020-04-11
8131,Heidi Moore,heidi.moore8131@example.com,19,Pune,2020-10-16
8132,Sam Taylor,sam.taylor8132@example.com,19,London,2020-07-27
8133,Eve Davis,eve.davis8133@example.com,58,New York,2020-05-10
8134,Quinn Garcia,quinn.garcia8134@example.com,71,Chennai,2020-03-14
8135,Pam Miller,pam.miller8135@example.com,28,Bangalore,2024-03-24
8136,Alice Garcia,alice.garcia8136@example.com,60,Chennai,2023-05-15
8137,Lena Brown,lena.brown8137@example.com,29,Paris,2021-04-10
8138,Grace Garcia,grace.garcia8138@example.com,56,Tokyo,2024-08-08
8139,Diana Moore,diana.moore8139@example.com,53,New York,2022-02-26
8140,Frank Hall,frank.hall8140@example.com,20,New York,2024-05-21
8141,Pam Moore,pam.moore8141@example.com,30,New York,2025-04-09
8142,Eve Lee,eve.lee8142@example.com,34,Pune,2020-12-19
8143,Mike Moore,mike.moore8143@example.com,63,Toronto,2020-10-11
8144,Ivan Martin,ivan.martin8144@example.com,69,Bangalore,2022-07-13
8145,Lena Taylor,lena.taylor8145@example.com,48,Pune,2024-02-13
8146,Judy Smith,judy.smith8146@example.com,62,Pune,2021-10-30
8147,Pam Hall,pam.hall8147@example.com,68,Kolkata,2020-07-07
8148,Ivan Miller,ivan.miller8148@example.com,43,Chennai,2025-05-22
8149,Tina Davis,tina.davis8149@example.com,75,Toronto,2023-10-21
8150,Pam Miller,pam.miller8150@example.com,21,Kolkata,2022-02-18
8151,Rita Hall,rita.hall8151@example.com,49,Pune,2021-03-02
8152,Lena Moore,lena.moore8152@example.com,37,Berlin,2025-04-08
8153,Lena Taylor,lena.taylor8153@example.com,34,Sydney,2024-01-23
8154,Charlie Miller,charlie.miller8154@example.com,42,Chennai,2022-05-28
8155,Rita Anderson,rita.anderson8155@example.com,60,Jaipur,2022-05-07
8156,Lena Hall,lena.hall8156@example.com,73,Delhi,2021-02-10
8157,Ivan Anderson,ivan.anderson8157@example.com,30,Pune,2021-08-30
8158,Rita Martin,rita.martin8158@example.com,72,Tokyo,2023-09-16
8159,Lena Moore,lena.moore8159@example.com,53,Toronto,2023-07-14
8160,Frank Walker,frank.walker8160@example.com,44,Jaipur,2022-10-09
8161,Grace Garcia,grace.garcia8161@example.com,43,Jaipur,2021-09-05
8162,Quinn Davis,quinn.davis8162@example.com,33,Paris,2020-03-01
8163,Oscar Wilson,oscar.wilson8163@example.com,41,Delhi,2022-08-22
8164,Alice Hall,alice.hall8164@example.com,50,Hyderabad,2023-06-01
8165,Judy Taylor,judy.taylor8165@example.com,28,Pune,2024-12-15
8166,Nina Lee,nina.lee8166@example.com,69,Bangalore,2023-02-22
8167,Grace Moore,grace.moore8167@example.com,71,Chennai,2021-05-30
8168,Judy Taylor,judy.taylor8168@example.com,73,Kolkata,2022-05-31
8169,Tina Martin,tina.martin8169@example.com,39,Jaipur,2023-01-01
8170,Bob Davis,bob.davis8170@example.com,19,Pune,2024-01-22
8171,Judy Davis,judy.davis8171@example.com,69,New York,2022-01-09
8172,Bob Thomas,bob.thomas8172@example.com,29,Delhi,2021-07-05
8173,Mike Wilson,mike.wilson8173@example.com,28,Kolkata,2024-08-11
8174,Alice Smith,alice.smith8174@example.com,47,Tokyo,2021-07-28
8175,Frank Hall,frank.hall8175@example.com,66,Bangalore,2024-04-02
8176,Grace Thomas,grace.thomas8176@example.com,20,Kolkata,2022-08-15
8177,Oscar Taylor,oscar.taylor8177@example.com,65,Mumbai,2025-01-31
8178,Eve Walker,eve.walker8178@example.com,55,Sydney,2021-07-06
8179,Lena Moore,lena.moore8179@example.com,58,Chennai,2020-01-10
8180,Heidi Anderson,heidi.anderson8180@example.com,19,London,2022-05-13
8181,Eve Davis,eve.davis8181@example.com,53,Sydney,2020-08-13
8182,Lena Smith,lena.smith8182@example.com,61,Paris,2023-11-12
8183,Alice Miller,alice.miller8183@example.com,39,New York,2023-09-09
8184,Frank Anderson,frank.anderson8184@example.com,24,Berlin,2021-03-05
8185,Karl Taylor,karl.taylor8185@example.com,74,London,2020-10-12
8186,Oscar Thomas,oscar.thomas8186@example.com,34,Pune,2023-11-01
8187,Heidi Walker,heidi.walker8187@example.com,32,Pune,2022-10-03
8188,Tina Walker,tina.walker8188@example.com,71,Pune,2021-11-08
8189,Grace Johnson,grace.johnson8189@example.com,69,Kolkata,2024-01-24
8190,Diana Johnson,diana.johnson8190@example.com,27,Tokyo,2023-09-07
8191,Lena Thomas,lena.thomas8191@example.com,19,Berlin,2024-11-14
8192,Frank Garcia,frank.garcia8192@example.com,40,Paris,2024-12-17
8193,Oscar Walker,oscar.walker8193@example.com,34,Paris,2023-02-03
8194,Nina Walker,nina.walker8194@example.com,61,Toronto,2025-01-29
8195,Frank Lee,frank.lee8195@example.com,60,Sydney,2020-08-15
8196,Bob Anderson,bob.anderson8196@example.com,41,Mumbai,2021-04-02
8197,Quinn Taylor,quinn.taylor8197@example.com,53,Kolkata,2023-10-18
8198,Lena Davis,lena.davis8198@example.com,36,Sydney,2025-05-08
8199,Charlie Miller,charlie.miller8199@example.com,58,Pune,2022-06-02
8200,Bob Lee,bob.lee8200@example.com,56,Jaipur,2025-02-04
8201,Charlie Thomas,charlie.thomas8201@example.com,32,Sydney,2020-07-11
8202,Charlie Wilson,charlie.wilson8202@example.com,60,Hyderabad,2025-03-05
8203,Judy Davis,judy.davis8203@example.com,71,Sydney,2021-10-02
8204,Heidi Martin,heidi.martin8204@example.com,47,Kolkata,2020-03-05
8205,Nina Brown,nina.brown8205@example.com,48,Paris,2023-01-18
8206,Diana Garcia,diana.garcia8206@example.com,47,Tokyo,2021-05-21
8207,Oscar Miller,oscar.miller8207@example.com,42,London,2024-09-23
8208,Eve Walker,eve.walker8208@example.com,23,Chennai,2021-10-12
8209,Pam Davis,pam.davis8209@example.com,45,Kolkata,2024-01-18
8210,Frank Lee,frank.lee8210@example.com,45,Berlin,2024-12-13
8211,Diana Brown,diana.brown8211@example.com,66,Toronto,2020-02-28
8212,Quinn Miller,quinn.miller8212@example.com,51,London,2022-11-12
8213,Oscar Garcia,oscar.garcia8213@example.com,28,New York,2023-04-21
8214,Tina Hall,tina.hall8214@example.com,21,Toronto,2023-03-15
8215,Heidi Johnson,heidi.johnson8215@example.com,56,Jaipur,2022-06-02
8216,Heidi Smith,heidi.smith8216@example.com,68,Jaipur,2021-04-26
8217,Tina Thomas,tina.thomas8217@example.com,39,London,2022-06-11
8218,Pam Smith,pam.smith8218@example.com,37,Sydney,2020-03-07
8219,Karl Martin,karl.martin8219@example.com,57,Jaipur,2023-04-23
8220,Rita Brown,rita.brown8220@example.com,70,Paris,2025-02-15
8221,Nina Wilson,nina.wilson8221@example.com,32,Chennai,2024-07-04
8222,Diana Brown,diana.brown8222@example.com,66,Tokyo,2021-07-28
8223,Heidi Walker,heidi.walker8223@example.com,67,Delhi,2025-02-26
8224,Rita Anderson,rita.anderson8224@example.com,20,Berlin,2022-10-25
8225,Lena Walker,lena.walker8225@example.com,23,Chennai,2021-08-20
8226,Eve Smith,eve.smith8226@example.com,27,Sydney,2023-05-29
8227,Heidi Garcia,heidi.garcia8227@example.com,37,Sydney,2020-04-04
8228,Eve Anderson,eve.anderson8228@example.com,29,Pune,2024-01-19
8229,Heidi Johnson,heidi.johnson8229@example.com,33,Berlin,2020-09-28
8230,Pam Davis,pam.davis8230@example.com,67,Sydney,2022-06-23
8231,Mike Wilson,mike.wilson8231@example.com,29,Bangalore,2023-06-02
8232,Charlie Johnson,charlie.johnson8232@example.com,63,Sydney,2021-08-22
8233,Sam Smith,sam.smith8233@example.com,65,Berlin,2023-07-11
8234,Ivan Taylor,ivan.taylor8234@example.com,75,London,2022-12-03
8235,Grace Moore,grace.moore8235@example.com,37,Tokyo,2022-06-11
8236,Tina Davis,tina.davis8236@example.com,32,Hyderabad,2024-06-17
8237,Charlie Hall,charlie.hall8237@example.com,20,Chennai,2023-08-30
8238,Frank Moore,frank.moore8238@example.com,55,Mumbai,2022-09-17
8239,Diana Moore,diana.moore8239@example.com,59,London,2021-10-18
8240,Alice Garcia,alice.garcia8240@example.com,27,Chennai,2023-04-12
8241,Diana Moore,diana.moore8241@example.com,47,Bangalore,2020-09-16
8242,Mike Hall,mike.hall8242@example.com,68,Sydney,2024-07-14
8243,Charlie Hall,charlie.hall8243@example.com,46,Tokyo,2024-10-21
8244,Frank Anderson,frank.anderson8244@example.com,25,Jaipur,2022-05-25
8245,Eve Moore,eve.moore8245@example.com,57,London,2024-03-02
8246,Bob Martin,bob.martin8246@example.com,50,Mumbai,2021-04-13
8247,Tina Brown,tina.brown8247@example.com,28,London,2023-04-30
8248,Rita Taylor,rita.taylor8248@example.com,43,Bangalore,2025-01-16
8249,Charlie Lee,charlie.lee8249@example.com,38,Mumbai,2021-03-22
8250,Oscar Garcia,oscar.garcia8250@example.com,67,Mumbai,2020-08-21
8251,Alice Davis,alice.davis8251@example.com,26,Bangalore,2022-11-18
8252,Oscar Wilson,oscar.wilson8252@example.com,18,Mumbai,2023-08-10
8253,Judy Davis,judy.davis8253@example.com,72,Bangalore,2024-02-25
8254,Tina Walker,tina.walker8254@example.com,64,London,2022-02-03
8255,Grace Smith,grace.smith8255@example.com,34,Berlin,2021-10-12
8256,Bob Smith,bob.smith8256@example.com,69,Paris,2020-01-13
8257,Eve Lee,eve.lee8257@example.com,59,Toronto,2024-02-29
8258,Quinn Taylor,quinn.taylor8258@example.com,53,Mumbai,2023-02-10
8259,Tina Smith,tina.smith8259@example.com,74,Tokyo,2024-03-05
8260,Judy Moore,judy.moore8260@example.com,40,Hyderabad,2020-04-23
8261,Frank Thomas,frank.thomas8261@example.com,38,Delhi,2022-03-29
8262,Oscar Lee,oscar.lee8262@example.com,43,New York,2021-05-01
8263,Bob Miller,bob.miller8263@example.com,18,Bangalore,2024-05-18
8264,Grace Miller,grace.miller8264@example.com,44,Chennai,2023-11-13
8265,Oscar Moore,oscar.moore8265@example.com,40,Berlin,2023-07-04
8266,Charlie Anderson,charlie.anderson8266@example.com,63,Kolkata,2020-10-26
8267,Heidi Lee,heidi.lee8267@example.com,45,Delhi,2022-10-31
8268,Diana Smith,diana.smith8268@example.com,22,Hyderabad,2021-05-13
8269,Rita Moore,rita.moore8269@example.com,26,Mumbai,2020-12-19
8270,Charlie Smith,charlie.smith8270@example.com,73,Pune,2021-10-04
8271,Diana Taylor,diana.taylor8271@example.com,33,Berlin,2022-02-07
8272,Bob Johnson,bob.johnson8272@example.com,52,Berlin,2020-11-23
8273,Eve Smith,eve.smith8273@example.com,24,Tokyo,2023-01-01
8274,Rita Brown,rita.brown8274@example.com,41,Pune,2021-04-28
8275,Frank Smith,frank.smith8275@example.com,67,Delhi,2024-02-24
8276,Grace Moore,grace.moore8276@example.com,64,London,2024-12-10
8277,Mike Anderson,mike.anderson8277@example.com,25,Kolkata,2024-05-15
8278,Nina Taylor,nina.taylor8278@example.com,44,Jaipur,2020-01-19
8279,Heidi Anderson,heidi.anderson8279@example.com,54,Chennai,2023-09-29
8280,Charlie Moore,charlie.moore8280@example.com,62,Mumbai,2021-05-17
8281,Mike Thomas,mike.thomas8281@example.com,18,Mumbai,2024-03-14
8282,Quinn Thomas,quinn.thomas8282@example.com,63,Berlin,2023-08-20
8283,Pam Garcia,pam.garcia8283@example.com,48,Paris,2020-04-04
8284,Bob Smith,bob.smith8284@example.com,40,Paris,2020-06-14
8285,Ivan Martin,ivan.martin8285@example.com,63,London,2024-05-17
8286,Bob Wilson,bob.wilson8286@example.com,18,Mumbai,2020-08-21
8287,Nina Taylor,nina.taylor8287@example.com,35,Delhi,2022-01-17
8288,Alice Lee,alice.lee8288@example.com,59,Chennai,2022-12-27
8289,Tina Davis,tina.davis8289@example.com,24,Paris,2021-03-19
8290,Oscar Smith,oscar.smith8290@example.com,51,Sydney,2020-06-14
8291,Diana Hall,diana.hall8291@example.com,67,Bangalore,2024-03-23
8292,Charlie Thomas,charlie.thomas8292@example.com,34,Pune,2023-08-09
8293,Judy Davis,judy.davis8293@example.com,34,Hyderabad,2022-01-14
8294,Nina Thomas,nina.thomas8294@example.com,48,Paris,2023-06-17
8295,Mike Davis,mike.davis8295@example.com,39,Toronto,2024-08-11
8296,Diana Thomas,diana.thomas8296@example.com,29,Mumbai,2022-05-26
8297,Pam Johnson,pam.johnson8297@example.com,33,Mumbai,2022-07-02
8298,Diana Martin,diana.martin8298@example.com,66,Chennai,2022-10-23
8299,Quinn Garcia,quinn.garcia8299@example.com,66,Paris,2024-09-29
8300,Nina Taylor,nina.taylor8300@example.com,55,Sydney,2022-03-31
8301,Diana Brown,diana.brown8301@example.com,65,Toronto,2024-04-15
8302,Mike Hall,mike.hall8302@example.com,67,Mumbai,2023-01-18
8303,Heidi Smith,heidi.smith8303@example.com,41,Sydney,2022-10-09
8304,Grace Wilson,grace.wilson8304@example.com,24,Tokyo,2023-01-20
8305,Quinn Wilson,quinn.wilson8305@example.com,65,Berlin,2024-08-12
8306,Bob Brown,bob.brown8306@example.com,64,Paris,2021-03-21
8307,Judy Moore,judy.moore8307@example.com,42,London,2021-09-10
8308,Judy Lee,judy.lee8308@example.com,43,Hyderabad,2022-02-19
8309,Frank Wilson,frank.wilson8309@example.com,45,Tokyo,2024-01-29
8310,Grace Smith,grace.smith8310@example.com,36,Chennai,2020-08-14
8311,Charlie Lee,charlie.lee8311@example.com,47,Toronto,2024-05-14
8312,Diana Moore,diana.moore8312@example.com,37,Paris,2023-07-06
8313,Diana Davis,diana.davis8313@example.com,29,Berlin,2022-11-13
8314,Heidi Johnson,heidi.johnson8314@example.com,56,Toronto,2022-12-25
8315,Nina Taylor,nina.taylor8315@example.com,74,Hyderabad,2022-05-01
8316,Ivan Wilson,ivan.wilson8316@example.com,19,Jaipur,2021-05-27
8317,Mike Davis,mike.davis8317@example.com,42,Delhi,2025-06-23
8318,Sam Garcia,sam.garcia8318@example.com,55,Delhi,2025-01-22
8319,Pam Hall,pam.hall8319@example.com,19,Tokyo,2022-02-11
8320,Rita Anderson,rita.anderson8320@example.com,67,Tokyo,2020-01-07
8321,Alice Miller,alice.miller8321@example.com,52,Tokyo,2022-09-23
8322,Tina Hall,tina.hall8322@example.com,59,Tokyo,2022-04-02
8323,Heidi Martin,heidi.martin8323@example.com,71,London,2024-04-16
8324,Lena Thomas,lena.thomas8324@example.com,29,Kolkata,2025-05-03
8325,Eve Lee,eve.lee8325@example.com,63,Bangalore,2020-08-20
8326,Frank Wilson,frank.wilson8326@example.com,21,Toronto,2021-11-06
8327,Tina Taylor,tina.taylor8327@example.com,35,London,2020-03-30
8328,Ivan Smith,ivan.smith8328@example.com,42,Kolkata,2025-04-02
8329,Eve Thomas,eve.thomas8329@example.com,24,London,2023-01-17
8330,Oscar Brown,oscar.brown8330@example.com,26,Delhi,2020-11-17
8331,Ivan Wilson,ivan.wilson8331@example.com,25,Delhi,2021-01-29
8332,Alice Johnson,alice.johnson8332@example.com,52,London,2022-07-03
8333,Sam Lee,sam.lee8333@example.com,43,Chennai,2020-04-19
8334,Pam Davis,pam.davis8334@example.com,61,Mumbai,2022-12-12
8335,Tina Martin,tina.martin8335@example.com,68,Jaipur,2024-01-29
8336,Quinn Moore,quinn.moore8336@example.com,34,Jaipur,2023-03-26
8337,Pam Hall,pam.hall8337@example.com,36,Bangalore,2023-06-12
8338,Oscar Thomas,oscar.thomas8338@example.com,56,New York,2021-10-08
8339,Frank Hall,frank.hall8339@example.com,73,Paris,2020-08-06
8340,Pam Johnson,pam.johnson8340@example.com,25,Berlin,2023-01-23
8341,Nina Lee,nina.lee8341@example.com,39,Toronto,2021-12-29
8342,Quinn Martin,quinn.martin8342@example.com,24,Delhi,2023-06-23
8343,Rita Moore,rita.moore8343@example.com,24,Hyderabad,2025-06-05
8344,Alice Garcia,alice.garcia8344@example.com,22,Mumbai,2021-03-08
8345,Karl Garcia,karl.garcia8345@example.com,73,Tokyo,2020-07-12
8346,Nina Taylor,nina.taylor8346@example.com,71,London,2020-12-10
8347,Tina Wilson,tina.wilson8347@example.com,41,Jaipur,2021-12-22
8348,Oscar Walker,oscar.walker8348@example.com,29,Kolkata,2024-11-10
8349,Nina Johnson,nina.johnson8349@example.com,44,Bangalore,2021-09-16
8350,Tina Garcia,tina.garcia8350@example.com,31,Mumbai,2025-02-14
8351,Rita Anderson,rita.anderson8351@example.com,22,London,2023-03-21
8352,Grace Anderson,grace.anderson8352@example.com,72,Kolkata,2023-12-26
8353,Sam Moore,sam.moore8353@example.com,55,Hyderabad,2023-04-13
8354,Bob Garcia,bob.garcia8354@example.com,51,Paris,2023-11-29
8355,Bob Johnson,bob.johnson8355@example.com,66,Tokyo,2023-08-09
8356,Alice Wilson,alice.wilson8356@example.com,22,Toronto,2022-10-08
8357,Lena Taylor,lena.taylor8357@example.com,68,Chennai,2023-11-25
8358,Frank Johnson,frank.johnson8358@example.com,42,Tokyo,2024-07-01
8359,Grace Garcia,grace.garcia8359@example.com,25,Pune,2024-09-11
8360,Heidi Johnson,heidi.johnson8360@example.com,48,Bangalore,2024-10-29
8361,Quinn Davis,quinn.davis8361@example.com,35,Bangalore,2020-03-16
8362,Bob Miller,bob.miller8362@example.com,62,Bangalore,2024-09-05
8363,Bob Taylor,bob.taylor8363@example.com,48,Chennai,2020-11-30
8364,Tina Davis,tina.davis8364@example.com,65,Berlin,2022-01-30
8365,Quinn Lee,quinn.lee8365@example.com,39,Delhi,2021-04-05
8366,Karl Martin,karl.martin8366@example.com,44,Hyderabad,2025-06-04
8367,Heidi Moore,heidi.moore8367@example.com,56,Hyderabad,2023-04-15
8368,Rita Lee,rita.lee8368@example.com,71,London,2020-11-09
8369,Pam Walker,pam.walker8369@example.com,35,Kolkata,2021-03-22
8370,Tina Moore,tina.moore8370@example.com,27,Paris,2025-02-08
8371,Karl Lee,karl.lee8371@example.com,75,Sydney,2020-08-04
8372,Oscar Lee,oscar.lee8372@example.com,35,London,2024-09-03
8373,Tina Martin,tina.martin8373@example.com,65,Paris,2021-10-22
8374,Rita Hall,rita.hall8374@example.com,74,London,2023-07-12
8375,Ivan Walker,ivan.walker8375@example.com,49,Jaipur,2022-05-12
8376,Frank Hall,frank.hall8376@example.com,24,Jaipur,2023-12-11
8377,Frank Martin,frank.martin8377@example.com,30,Toronto,2024-07-19
8378,Bob Johnson,bob.johnson8378@example.com,62,Delhi,2022-03-20
8379,Heidi Thomas,heidi.thomas8379@example.com,56,Berlin,2022-01-03
8380,Ivan Johnson,ivan.johnson8380@example.com,70,Tokyo,2024-01-21
8381,Rita Miller,rita.miller8381@example.com,38,Tokyo,2020-07-11
8382,Karl Garcia,karl.garcia8382@example.com,31,Pune,2020-04-17
8383,Tina Taylor,tina.taylor8383@example.com,18,Hyderabad,2024-04-29
8384,Pam Thomas,pam.thomas8384@example.com,43,Delhi,2023-09-16
8385,Karl Lee,karl.lee8385@example.com,57,New York,2023-08-25
8386,Sam Garcia,sam.garcia8386@example.com,62,Chennai,2021-09-18
8387,Lena Hall,lena.hall8387@example.com,68,Bangalore,2023-01-07
8388,Oscar Brown,oscar.brown8388@example.com,58,Berlin,2025-02-16
8389,Bob Anderson,bob.anderson8389@example.com,65,Bangalore,2023-05-24
8390,Frank Martin,frank.martin8390@example.com,24,Mumbai,2022-09-17
8391,Grace Davis,grace.davis8391@example.com,59,Pune,2025-03-10
8392,Charlie Garcia,charlie.garcia8392@example.com,43,Delhi,2020-05-11
8393,Charlie Hall,charlie.hall8393@example.com,31,Tokyo,2025-05-26
8394,Tina Wilson,tina.wilson8394@example.com,30,Hyderabad,2022-05-28
8395,Oscar Smith,oscar.smith8395@example.com,48,Kolkata,2020-10-05
8396,Diana Wilson,diana.wilson8396@example.com,60,Tokyo,2023-12-18
8397,Judy Smith,judy.smith8397@example.com,63,Hyderabad,2021-01-04
8398,Judy Brown,judy.brown8398@example.com,59,Paris,2023-08-16
8399,Frank Martin,frank.martin8399@example.com,72,Berlin,2020-07-11
8400,Tina Anderson,tina.anderson8400@example.com,74,Pune,2024-09-15
8401,Heidi Lee,heidi.lee8401@example.com,69,New York,2022-04-23
8402,Heidi Brown,heidi.brown8402@example.com,64,Tokyo,2022-06-07
8403,Karl Miller,karl.miller8403@example.com,75,New York,2020-07-11
8404,Rita Johnson,rita.johnson8404@example.com,59,Pune,2021-09-26
8405,Judy Miller,judy.miller8405@example.com,28,Berlin,2024-04-07
8406,Rita Walker,rita.walker8406@example.com,72,Berlin,2020-11-14
8407,Alice Brown,alice.brown8407@example.com,62,Berlin,2021-05-16
8408,Lena Smith,lena.smith8408@example.com,62,Bangalore,2021-09-22
8409,Oscar Garcia,oscar.garcia8409@example.com,40,Kolkata,2025-01-05
8410,Charlie Johnson,charlie.johnson8410@example.com,60,Kolkata,2022-11-20
8411,Nina Moore,nina.moore8411@example.com,22,Sydney,2022-05-03
8412,Ivan Smith,ivan.smith8412@example.com,57,Pune,2023-03-25
8413,Judy Johnson,judy.johnson8413@example.com,37,Mumbai,2021-12-20
8414,Grace Thomas,grace.thomas8414@example.com,52,Bangalore,2023-12-18
8415,Charlie Hall,charlie.hall8415@example.com,30,Mumbai,2020-03-20
8416,Karl Miller,karl.miller8416@example.com,71,Chennai,2020-10-01
8417,Judy Walker,judy.walker8417@example.com,38,London,2023-11-02
8418,Tina Smith,tina.smith8418@example.com,50,Hyderabad,2024-08-15
8419,Frank Garcia,frank.garcia8419@example.com,73,London,2023-09-28
8420,Charlie Smith,charlie.smith8420@example.com,59,Tokyo,2021-10-13
8421,Mike Davis,mike.davis8421@example.com,57,Berlin,2021-01-06
8422,Sam Thomas,sam.thomas8422@example.com,29,New York,2023-07-22
8423,Frank Taylor,frank.taylor8423@example.com,48,Toronto,2023-12-27
8424,Mike Garcia,mike.garcia8424@example.com,55,Chennai,2025-04-02
8425,Nina Thomas,nina.thomas8425@example.com,29,Pune,2020-12-09
8426,Sam Davis,sam.davis8426@example.com,32,Tokyo,2023-01-05
8427,Mike Johnson,mike.johnson8427@example.com,54,Berlin,2020-07-09
8428,Charlie Moore,charlie.moore8428@example.com,70,Delhi,2024-05-21
8429,Grace Thomas,grace.thomas8429@example.com,61,New York,2024-09-07
8430,Tina Lee,tina.lee8430@example.com,32,Pune,2024-06-14
8431,Judy Brown,judy.brown8431@example.com,35,Chennai,2023-07-16
8432,Eve Miller,eve.miller8432@example.com,18,Toronto,2022-05-19
8433,Frank Anderson,frank.anderson8433@example.com,65,Tokyo,2021-07-07
8434,Nina Taylor,nina.taylor8434@example.com,30,Pune,2021-09-06
8435,Quinn Anderson,quinn.anderson8435@example.com,56,Tokyo,2025-05-04
8436,Heidi Miller,heidi.miller8436@example.com,31,Mumbai,2022-01-29
8437,Diana Martin,diana.martin8437@example.com,51,Toronto,2022-06-12
8438,Tina Miller,tina.miller8438@example.com,64,New York,2022-11-05
8439,Nina Lee,nina.lee8439@example.com,69,Sydney,2024-07-20
8440,Judy Brown,judy.brown8440@example.com,36,Tokyo,2024-01-29
8441,Rita Brown,rita.brown8441@example.com,42,Bangalore,2025-04-18
8442,Eve Anderson,eve.anderson8442@example.com,39,Sydney,2020-02-12
8443,Oscar Miller,oscar.miller8443@example.com,31,Sydney,2024-08-08
8444,Alice Thomas,alice.thomas8444@example.com,73,Sydney,2020-11-30
8445,Rita Moore,rita.moore8445@example.com,75,Hyderabad,2022-12-07
8446,Tina Davis,tina.davis8446@example.com,56,Berlin,2024-12-05
8447,Pam Walker,pam.walker8447@example.com,58,Jaipur,2020-01-17
8448,Heidi Thomas,heidi.thomas8448@example.com,45,Pune,2025-01-26
8449,Tina Walker,tina.walker8449@example.com,45,Berlin,2021-10-31
8450,Grace Davis,grace.davis8450@example.com,56,London,2024-09-15
8451,Pam Garcia,pam.garcia8451@example.com,39,New York,2021-06-13
8452,Oscar Johnson,oscar.johnson8452@example.com,69,Delhi,2022-12-07
8453,Grace Smith,grace.smith8453@example.com,20,Pune,2023-04-27
8454,Sam Davis,sam.davis8454@example.com,35,Paris,2023-02-01
8455,Quinn Wilson,quinn.wilson8455@example.com,31,Hyderabad,2021-07-16
8456,Judy Martin,judy.martin8456@example.com,64,Bangalore,2023-08-14
8457,Mike Moore,mike.moore8457@example.com,42,Delhi,2025-05-25
8458,Nina Garcia,nina.garcia8458@example.com,46,Bangalore,2023-01-08
8459,Tina Thomas,tina.thomas8459@example.com,34,Mumbai,2020-02-03
8460,Nina Martin,nina.martin8460@example.com,24,Mumbai,2023-12-05
8461,Alice Walker,alice.walker8461@example.com,73,Jaipur,2024-10-17
8462,Nina Thomas,nina.thomas8462@example.com,21,London,2024-09-29
8463,Ivan Thomas,ivan.thomas8463@example.com,46,Hyderabad,2020-06-17
8464,Charlie Smith,charlie.smith8464@example.com,66,Tokyo,2024-06-23
8465,Quinn Miller,quinn.miller8465@example.com,68,Kolkata,2025-03-24
8466,Oscar Johnson,oscar.johnson8466@example.com,39,Toronto,2022-09-10
8467,Lena Garcia,lena.garcia8467@example.com,45,Kolkata,2021-10-29
8468,Alice Moore,alice.moore8468@example.com,39,London,2023-01-16
8469,Quinn Garcia,quinn.garcia8469@example.com,19,Chennai,2020-07-15
8470,Mike Wilson,mike.wilson8470@example.com,60,Berlin,2021-06-18
8471,Sam Hall,sam.hall8471@example.com,64,Chennai,2021-01-05
8472,Grace Miller,grace.miller8472@example.com,62,Tokyo,2025-06-08
8473,Lena Thomas,lena.thomas8473@example.com,74,Chennai,2022-06-09
8474,Sam Anderson,sam.anderson8474@example.com,38,New York,2024-12-13
8475,Ivan Davis,ivan.davis8475@example.com,66,Hyderabad,2020-02-04
8476,Karl Lee,karl.lee8476@example.com,44,Toronto,2024-10-20
8477,Sam Lee,sam.lee8477@example.com,32,Mumbai,2021-12-03
8478,Judy Smith,judy.smith8478@example.com,26,Jaipur,2023-12-29
8479,Ivan Hall,ivan.hall8479@example.com,29,Pune,2023-02-22
8480,Nina Johnson,nina.johnson8480@example.com,48,Jaipur,2023-12-10
8481,Rita Thomas,rita.thomas8481@example.com,28,Hyderabad,2021-11-09
8482,Oscar Johnson,oscar.johnson8482@example.com,37,New York,2024-09-25
8483,Eve Davis,eve.davis8483@example.com,21,Jaipur,2023-10-29
8484,Heidi Anderson,heidi.anderson8484@example.com,38,Jaipur,2023-12-16
8485,Pam Garcia,pam.garcia8485@example.com,65,Paris,2024-03-27
8486,Mike Walker,mike.walker8486@example.com,71,Berlin,2022-11-19
8487,Charlie Moore,charlie.moore8487@example.com,44,Pune,2024-03-28
8488,Heidi Anderson,heidi.anderson8488@example.com,59,Berlin,2023-03-19
8489,Heidi Lee,heidi.lee8489@example.com,65,Toronto,2024-10-26
8490,Rita Walker,rita.walker8490@example.com,21,Chennai,2022-02-28
8491,Grace Davis,grace.davis8491@example.com,50,Sydney,2021-03-28
8492,Alice Martin,alice.martin8492@example.com,71,London,2020-02-14
8493,Charlie Walker,charlie.walker8493@example.com,66,Paris,2022-06-18
8494,Rita Thomas,rita.thomas8494@example.com,42,Bangalore,2021-11-13
8495,Charlie Lee,charlie.lee8495@example.com,57,Chennai,2021-03-02
8496,Alice Lee,alice.lee8496@example.com,36,Chennai,2025-02-28
8497,Quinn Walker,quinn.walker8497@example.com,41,Paris,2025-01-30
8498,Pam Wilson,pam.wilson8498@example.com,40,Delhi,2022-02-09
8499,Pam Smith,pam.smith8499@example.com,75,Tokyo,2022-03-04
8500,Karl Garcia,karl.garcia8500@example.com,27,New York,2025-04-20
8501,Grace Martin,grace.martin8501@example.com,45,Tokyo,2021-06-03
8502,Judy Moore,judy.moore8502@example.com,36,Tokyo,2023-07-11
8503,Tina Miller,tina.miller8503@example.com,43,Delhi,2024-05-18
8504,Tina Garcia,tina.garcia8504@example.com,65,Kolkata,2024-01-11
8505,Heidi Taylor,heidi.taylor8505@example.com,24,Delhi,2020-05-27
8506,Eve Taylor,eve.taylor8506@example.com,32,Sydney,2022-06-19
8507,Nina Johnson,nina.johnson8507@example.com,48,Kolkata,2024-09-20
8508,Bob Wilson,bob.wilson8508@example.com,74,Tokyo,2024-09-12
8509,Diana Hall,diana.hall8509@example.com,46,Berlin,2021-07-27
8510,Lena Wilson,lena.wilson8510@example.com,47,Hyderabad,2022-05-26
8511,Frank Moore,frank.moore8511@example.com,44,Hyderabad,2020-10-05
8512,Mike Taylor,mike.taylor8512@example.com,43,Mumbai,2023-01-07
8513,Karl Martin,karl.martin8513@example.com,20,Delhi,2023-06-11
8514,Rita Hall,rita.hall8514@example.com,74,Bangalore,2022-09-27
8515,Pam Miller,pam.miller8515@example.com,68,Mumbai,2025-06-01
8516,Lena Thomas,lena.thomas8516@example.com,35,Chennai,2021-08-10
8517,Heidi Miller,heidi.miller8517@example.com,71,Delhi,2023-12-30
8518,Karl Brown,karl.brown8518@example.com,55,Sydney,2024-10-03
8519,Grace Wilson,grace.wilson8519@example.com,65,Mumbai,2024-05-31
8520,Ivan Hall,ivan.hall8520@example.com,70,Jaipur,2020-02-26
8521,Heidi Wilson,heidi.wilson8521@example.com,42,Mumbai,2022-05-09
8522,Rita Wilson,rita.wilson8522@example.com,36,New York,2021-06-27
8523,Eve Smith,eve.smith8523@example.com,73,Mumbai,2022-05-12
8524,Oscar Davis,oscar.davis8524@example.com,23,Berlin,2023-05-07
8525,Oscar Davis,oscar.davis8525@example.com,30,Berlin,2020-06-29
8526,Charlie Davis,charlie.davis8526@example.com,66,Mumbai,2024-04-18
8527,Grace Moore,grace.moore8527@example.com,67,Tokyo,2020-05-01
8528,Tina Thomas,tina.thomas8528@example.com,21,Pune,2020-03-07
8529,Bob Thomas,bob.thomas8529@example.com,72,Berlin,2024-02-21
8530,Bob Lee,bob.lee8530@example.com,44,Sydney,2022-03-26
8531,Lena Martin,lena.martin8531@example.com,50,Paris,2021-05-10
8532,Judy Martin,judy.martin8532@example.com,34,Sydney,2021-05-15
8533,Quinn Lee,quinn.lee8533@example.com,39,Chennai,2023-09-07
8534,Nina Davis,nina.davis8534@example.com,33,Sydney,2025-05-07
8535,Frank Hall,frank.hall8535@example.com,30,Jaipur,2023-10-18
8536,Eve Garcia,eve.garcia8536@example.com,45,New York,2023-07-16
8537,Alice Walker,alice.walker8537@example.com,20,Berlin,2022-08-13
8538,Alice Walker,alice.walker8538@example.com,54,Kolkata,2020-06-10
8539,Charlie Smith,charlie.smith8539@example.com,65,Tokyo,2024-07-26
8540,Judy Thomas,judy.thomas8540@example.com,66,Chennai,2022-01-10
8541,Nina Johnson,nina.johnson8541@example.com,23,Bangalore,2023-11-12
8542,Tina Anderson,tina.anderson8542@example.com,54,Bangalore,2024-02-15
8543,Mike Walker,mike.walker8543@example.com,38,London,2020-06-26
8544,Rita Johnson,rita.johnson8544@example.com,61,Hyderabad,2021-10-13
8545,Quinn Taylor,quinn.taylor8545@example.com,65,Mumbai,2024-05-31
8546,Ivan Garcia,ivan.garcia8546@example.com,45,London,2021-09-30
8547,Judy Wilson,judy.wilson8547@example.com,46,Toronto,2025-03-05
8548,Charlie Anderson,charlie.anderson8548@example.com,59,Pune,2023-08-19
8549,Nina Anderson,nina.anderson8549@example.com,49,Chennai,2020-01-01
8550,Ivan Martin,ivan.martin8550@example.com,47,Kolkata,2023-04-10
8551,Nina Garcia,nina.garcia8551@example.com,60,Chennai,2024-10-24
8552,Mike Anderson,mike.anderson8552@example.com,74,Paris,2023-12-21
8553,Tina Smith,tina.smith8553@example.com,65,Sydney,2023-12-29
8554,Eve Davis,eve.davis8554@example.com,43,Sydney,2023-05-14
8555,Sam Davis,sam.davis8555@example.com,19,Delhi,2023-08-07
8556,Tina Johnson,tina.johnson8556@example.com,35,Kolkata,2020-12-02
8557,Heidi Martin,heidi.martin8557@example.com,32,New York,2024-02-04
8558,Frank Thomas,frank.thomas8558@example.com,63,Paris,2022-10-13
8559,Nina Hall,nina.hall8559@example.com,36,Jaipur,2020-02-05
8560,Karl Miller,karl.miller8560@example.com,71,Mumbai,2023-10-25
8561,Heidi Thomas,heidi.thomas8561@example.com,52,Toronto,2020-12-23
8562,Eve Johnson,eve.johnson8562@example.com,34,New York,2021-12-27
8563,Charlie Taylor,charlie.taylor8563@example.com,74,London,2022-12-25
8564,Mike Garcia,mike.garcia8564@example.com,20,Berlin,2022-09-19
8565,Judy Wilson,judy.wilson8565@example.com,73,Tokyo,2021-03-12
8566,Rita Thomas,rita.thomas8566@example.com,71,London,2021-06-02
8567,Oscar Martin,oscar.martin8567@example.com,65,Delhi,2021-11-26
8568,Frank Miller,frank.miller8568@example.com,47,Berlin,2024-11-05
8569,Judy Walker,judy.walker8569@example.com,26,New York,2021-01-19
8570,Karl Thomas,karl.thomas8570@example.com,34,Berlin,2020-07-30
8571,Alice Hall,alice.hall8571@example.com,75,Kolkata,2024-11-24
8572,Frank Hall,frank.hall8572@example.com,64,Tokyo,2024-05-22
8573,Quinn Wilson,quinn.wilson8573@example.com,59,Tokyo,2024-09-12
8574,Lena Johnson,lena.johnson8574@example.com,52,Hyderabad,2024-03-11
8575,Nina Garcia,nina.garcia8575@example.com,37,Hyderabad,2024-11-10
8576,Pam Wilson,pam.wilson8576@example.com,37,London,2021-02-21
8577,Charlie Taylor,charlie.taylor8577@example.com,41,London,2022-11-01
8578,Grace Smith,grace.smith8578@example.com,27,Sydney,2022-11-18
8579,Lena Taylor,lena.taylor8579@example.com,35,Hyderabad,2025-04-18
8580,Nina Lee,nina.lee8580@example.com,38,Delhi,2024-07-26
8581,Charlie Davis,charlie.davis8581@example.com,31,Bangalore,2025-03-31
8582,Quinn Lee,quinn.lee8582@example.com,52,Sydney,2023-07-30
8583,Frank Martin,frank.martin8583@example.com,25,Mumbai,2023-02-01
8584,Tina Davis,tina.davis8584@example.com,39,Hyderabad,2023-06-29
8585,Tina Smith,tina.smith8585@example.com,69,Bangalore,2022-12-06
8586,Judy Martin,judy.martin8586@example.com,74,Chennai,2024-06-13
8587,Charlie Hall,charlie.hall8587@example.com,28,Delhi,2022-02-07
8588,Karl Davis,karl.davis8588@example.com,69,Delhi,2024-09-15
8589,Diana Garcia,diana.garcia8589@example.com,47,Sydney,2024-04-01
8590,Tina Brown,tina.brown8590@example.com,31,Delhi,2021-02-24
8591,Diana Thomas,diana.thomas8591@example.com,32,Berlin,2022-12-26
8592,Sam Johnson,sam.johnson8592@example.com,53,Hyderabad,2024-01-07
8593,Bob Martin,bob.martin8593@example.com,21,Tokyo,2025-05-21
8594,Rita Johnson,rita.johnson8594@example.com,70,Berlin,2024-11-08
8595,Mike Taylor,mike.taylor8595@example.com,34,Paris,2023-12-11
8596,Tina Walker,tina.walker8596@example.com,29,Berlin,2025-02-16
8597,Frank Johnson,frank.johnson8597@example.com,62,Bangalore,2024-11-29
8598,Lena Thomas,lena.thomas8598@example.com,47,Kolkata,2024-09-18
8599,Heidi Lee,heidi.lee8599@example.com,72,New York,2024-09-17
8600,Sam Martin,sam.martin8600@example.com,24,Paris,2020-05-09
8601,Quinn Davis,quinn.davis8601@example.com,27,Mumbai,2025-01-26
8602,Grace Miller,grace.miller8602@example.com,23,London,2021-08-28
8603,Mike Johnson,mike.johnson8603@example.com,30,Tokyo,2020-06-20
8604,Karl Hall,karl.hall8604@example.com,59,Sydney,2022-01-12
8605,Grace Walker,grace.walker8605@example.com,21,London,2021-10-18
8606,Heidi Smith,heidi.smith8606@example.com,30,New York,2024-07-13
8607,Judy Miller,judy.miller8607@example.com,18,Mumbai,2022-06-22
8608,Rita Johnson,rita.johnson8608@example.com,60,Kolkata,2020-07-23
8609,Bob Thomas,bob.thomas8609@example.com,74,Kolkata,2022-04-14
8610,Lena Thomas,lena.thomas8610@example.com,53,Berlin,2023-09-21
8611,Karl Davis,karl.davis8611@example.com,47,Toronto,2024-02-27
8612,Nina Taylor,nina.taylor8612@example.com,65,Pune,2021-09-17
8613,Karl Hall,karl.hall8613@example.com,37,London,2024-05-22
8614,Rita Martin,rita.martin8614@example.com,29,Bangalore,2023-04-25
8615,Diana Brown,diana.brown8615@example.com,44,Bangalore,2024-10-22
8616,Tina Miller,tina.miller8616@example.com,39,Paris,2020-04-22
8617,Nina Miller,nina.miller8617@example.com,61,London,2025-03-29
8618,Tina Hall,tina.hall8618@example.com,64,Pune,2020-07-29
8619,Alice Garcia,alice.garcia8619@example.com,24,Hyderabad,2023-11-23
8620,Mike Moore,mike.moore8620@example.com,42,Kolkata,2023-06-15
8621,Charlie Smith,charlie.smith8621@example.com,21,Hyderabad,2024-03-23
8622,Quinn Moore,quinn.moore8622@example.com,26,Paris,2023-09-22
8623,Ivan Brown,ivan.brown8623@example.com,69,Kolkata,2020-09-09
8624,Mike Anderson,mike.anderson8624@example.com,27,Toronto,2024-08-15
8625,Quinn Hall,quinn.hall8625@example.com,26,Paris,2023-11-08
8626,Charlie Moore,charlie.moore8626@example.com,69,Mumbai,2021-12-29
8627,Mike Brown,mike.brown8627@example.com,59,Pune,2022-02-19
8628,Tina Thomas,tina.thomas8628@example.com,67,Toronto,2025-05-09
8629,Eve Smith,eve.smith8629@example.com,51,Tokyo,2023-07-17
8630,Ivan Wilson,ivan.wilson8630@example.com,54,Pune,2025-03-24
8631,Charlie Martin,charlie.martin8631@example.com,18,New York,2021-12-08
8632,Sam Taylor,sam.taylor8632@example.com,26,Chennai,2024-06-25
8633,Lena Wilson,lena.wilson8633@example.com,26,Pune,2020-09-28
8634,Rita Moore,rita.moore8634@example.com,47,New York,2023-12-11
8635,Grace Brown,grace.brown8635@example.com,27,New York,2020-04-05
8636,Oscar Hall,oscar.hall8636@example.com,72,Berlin,2023-02-18
8637,Karl Thomas,karl.thomas8637@example.com,49,Kolkata,2020-09-20
8638,Ivan Lee,ivan.lee8638@example.com,30,Delhi,2022-08-06
8639,Diana Brown,diana.brown8639@example.com,57,Sydney,2020-06-29
8640,Judy Davis,judy.davis8640@example.com,29,Hyderabad,2024-01-08
8641,Bob Davis,bob.davis8641@example.com,61,Delhi,2024-12-16
8642,Alice Martin,alice.martin8642@example.com,27,Hyderabad,2023-07-17
8643,Quinn Garcia,quinn.garcia8643@example.com,19,Pune,2022-02-17
8644,Bob Miller,bob.miller8644@example.com,53,New York,2020-12-21
8645,Frank Miller,frank.miller8645@example.com,18,Toronto,2024-05-22
8646,Lena Walker,lena.walker8646@example.com,37,Hyderabad,2022-09-04
8647,Ivan Wilson,ivan.wilson8647@example.com,69,Toronto,2023-11-19
8648,Tina Davis,tina.davis8648@example.com,20,Kolkata,2023-04-01
8649,Alice Miller,alice.miller8649@example.com,73,London,2023-07-23
8650,Quinn Martin,quinn.martin8650@example.com,55,Delhi,2021-11-07
8651,Nina Garcia,nina.garcia8651@example.com,62,Berlin,2021-02-22
8652,Bob Johnson,bob.johnson8652@example.com,75,Toronto,2021-11-05
8653,Lena Garcia,lena.garcia8653@example.com,69,Paris,2021-03-27
8654,Quinn Anderson,quinn.anderson8654@example.com,49,Delhi,2022-11-07
8655,Quinn Wilson,quinn.wilson8655@example.com,64,Hyderabad,2022-02-19
8656,Lena Garcia,lena.garcia8656@example.com,62,Hyderabad,2025-06-23
8657,Tina Thomas,tina.thomas8657@example.com,71,Tokyo,2020-05-31
8658,Grace Garcia,grace.garcia8658@example.com,60,New York,2022-05-03
8659,Eve Hall,eve.hall8659@example.com,26,Jaipur,2023-04-26
8660,Alice Hall,alice.hall8660@example.com,23,London,2024-06-25
8661,Grace Anderson,grace.anderson8661@example.com,42,New York,2025-03-03
8662,Ivan Wilson,ivan.wilson8662@example.com,71,Bangalore,2021-07-21
8663,Oscar Hall,oscar.hall8663@example.com,74,London,2024-03-23
8664,Sam Thomas,sam.thomas8664@example.com,18,Tokyo,2022-11-08
8665,Alice Taylor,alice.taylor8665@example.com,39,London,2024-04-05
8666,Ivan Walker,ivan.walker8666@example.com,51,Bangalore,2024-06-21
8667,Karl Martin,karl.martin8667@example.com,33,Delhi,2020-12-11
8668,Sam Miller,sam.miller8668@example.com,37,London,2023-04-21
8669,Diana Miller,diana.miller8669@example.com,47,Pune,2023-02-27
8670,Bob Davis,bob.davis8670@example.com,32,Berlin,2022-06-21
8671,Eve Anderson,eve.anderson8671@example.com,33,Bangalore,2022-01-04
8672,Charlie Martin,charlie.martin8672@example.com,44,Mumbai,2021-03-16
8673,Bob Walker,bob.walker8673@example.com,54,Sydney,2024-02-01
8674,Heidi Brown,heidi.brown8674@example.com,60,Kolkata,2022-03-17
8675,Pam Smith,pam.smith8675@example.com,69,Delhi,2021-06-07
8676,Quinn Lee,quinn.lee8676@example.com,51,Toronto,2024-07-26
8677,Quinn Martin,quinn.martin8677@example.com,67,Toronto,2024-09-05
8678,Karl Garcia,karl.garcia8678@example.com,62,Chennai,2020-11-01
8679,Sam Hall,sam.hall8679@example.com,28,Sydney,2024-05-04
8680,Rita Moore,rita.moore8680@example.com,29,Jaipur,2024-12-19
8681,Frank Anderson,frank.anderson8681@example.com,75,Paris,2024-01-08
8682,Rita Hall,rita.hall8682@example.com,18,Pune,2024-04-13
8683,Diana Anderson,diana.anderson8683@example.com,31,Paris,2021-05-17
8684,Lena Taylor,lena.taylor8684@example.com,20,Toronto,2025-01-13
8685,Quinn Anderson,quinn.anderson8685@example.com,39,Toronto,2023-01-01
8686,Judy Moore,judy.moore8686@example.com,71,Toronto,2022-09-20
8687,Nina Moore,nina.moore8687@example.com,49,Delhi,2020-02-07
8688,Tina Garcia,tina.garcia8688@example.com,35,Sydney,2024-06-29
8689,Rita Taylor,rita.taylor8689@example.com,48,Berlin,2024-02-12
8690,Ivan Thomas,ivan.thomas8690@example.com,38,Jaipur,2023-03-23
8691,Pam Davis,pam.davis8691@example.com,27,London,2021-04-18
8692,Lena Moore,lena.moore8692@example.com,30,London,2025-04-04
8693,Pam Davis,pam.davis8693@example.com,75,Sydney,2023-11-01
8694,Karl Thomas,karl.thomas8694@example.com,58,Paris,2025-03-06
8695,Quinn Martin,quinn.martin8695@example.com,57,Mumbai,2021-07-16
8696,Rita Martin,rita.martin8696@example.com,47,Berlin,2020-06-27
8697,Charlie Martin,charlie.martin8697@example.com,58,Berlin,2025-06-11
8698,Quinn Garcia,quinn.garcia8698@example.com,61,Hyderabad,2025-03-16
8699,Frank Garcia,frank.garcia8699@example.com,46,Sydney,2024-04-06
8700,Diana Walker,diana.walker8700@example.com,65,Chennai,2020-08-29
8701,Tina Thomas,tina.thomas8701@example.com,49,Toronto,2021-06-10
8702,Karl Taylor,karl.taylor8702@example.com,35,Bangalore,2022-04-12
8703,Lena Lee,lena.lee8703@example.com,38,London,2024-04-20
8704,Lena Lee,lena.lee8704@example.com,59,Toronto,2021-09-28
8705,Diana Thomas,diana.thomas8705@example.com,43,Mumbai,2022-12-20
8706,Tina Garcia,tina.garcia8706@example.com,33,Hyderabad,2024-01-19
8707,Alice Hall,alice.hall8707@example.com,69,New York,2023-03-04
8708,Grace Davis,grace.davis8708@example.com,65,Delhi,2024-08-02
8709,Frank Smith,frank.smith8709@example.com,71,London,2022-03-22
8710,Grace Walker,grace.walker8710@example.com,20,London,2024-04-02
8711,Karl Thomas,karl.thomas8711@example.com,48,Chennai,2023-08-02
8712,Eve Brown,eve.brown8712@example.com,35,Paris,2020-09-15
8713,Quinn Miller,quinn.miller8713@example.com,66,Delhi,2024-06-09
8714,Grace Miller,grace.miller8714@example.com,67,Chennai,2023-05-14
8715,Frank Wilson,frank.wilson8715@example.com,42,Toronto,2023-02-07
8716,Bob Thomas,bob.thomas8716@example.com,58,Delhi,2024-04-18
8717,Ivan Garcia,ivan.garcia8717@example.com,59,Kolkata,2020-04-10
8718,Charlie Lee,charlie.lee8718@example.com,58,Jaipur,2022-11-02
8719,Bob Miller,bob.miller8719@example.com,18,Pune,2021-02-21
8720,Grace Hall,grace.hall8720@example.com,37,Delhi,2020-01-11
8721,Charlie Walker,charlie.walker8721@example.com,72,Sydney,2024-11-17
8722,Heidi Wilson,heidi.wilson8722@example.com,65,Tokyo,2022-02-06
8723,Quinn Garcia,quinn.garcia8723@example.com,43,Kolkata,2022-09-22
8724,Diana Hall,diana.hall8724@example.com,40,Sydney,2021-06-18
8725,Ivan Garcia,ivan.garcia8725@example.com,74,New York,2021-12-07
8726,Heidi Thomas,heidi.thomas8726@example.com,27,Hyderabad,2022-03-15
8727,Bob Thomas,bob.thomas8727@example.com,74,Toronto,2022-09-19
8728,Ivan Hall,ivan.hall8728@example.com,65,Jaipur,2022-04-05
8729,Eve Wilson,eve.wilson8729@example.com,26,New York,2023-07-12
8730,Karl Martin,karl.martin8730@example.com,31,Toronto,2025-03-09
8731,Judy Thomas,judy.thomas8731@example.com,54,London,2020-08-07
8732,Tina Martin,tina.martin8732@example.com,27,Kolkata,2022-12-22
8733,Lena Garcia,lena.garcia8733@example.com,46,Kolkata,2023-07-07
8734,Eve Lee,eve.lee8734@example.com,50,Sydney,2024-02-20
8735,Bob Brown,bob.brown8735@example.com,23,Hyderabad,2024-12-09
8736,Lena Davis,lena.davis8736@example.com,64,Hyderabad,2024-10-06
8737,Grace Anderson,grace.anderson8737@example.com,33,Jaipur,2020-02-10
8738,Pam Wilson,pam.wilson8738@example.com,39,Jaipur,2021-10-17
8739,Rita Brown,rita.brown8739@example.com,23,Hyderabad,2020-11-21
8740,Mike Brown,mike.brown8740@example.com,44,Berlin,2021-03-21
8741,Tina Davis,tina.davis8741@example.com,43,Mumbai,2023-08-06
8742,Quinn Miller,quinn.miller8742@example.com,36,Kolkata,2022-03-20
8743,Alice Wilson,alice.wilson8743@example.com,53,Bangalore,2024-05-09
8744,Alice Walker,alice.walker8744@example.com,48,Jaipur,2021-12-04
8745,Charlie Moore,charlie.moore8745@example.com,68,Hyderabad,2023-02-26
8746,Sam Johnson,sam.johnson8746@example.com,56,Delhi,2020-05-12
8747,Oscar Wilson,oscar.wilson8747@example.com,41,Sydney,2020-05-20
8748,Eve Thomas,eve.thomas8748@example.com,61,Kolkata,2021-07-21
8749,Judy Johnson,judy.johnson8749@example.com,68,Berlin,2023-05-22
8750,Frank Davis,frank.davis8750@example.com,31,Chennai,2020-07-24
8751,Nina Hall,nina.hall8751@example.com,35,Bangalore,2023-01-13
8752,Frank Anderson,frank.anderson8752@example.com,66,Chennai,2024-04-05
8753,Heidi Anderson,heidi.anderson8753@example.com,67,Chennai,2021-11-19
8754,Sam Wilson,sam.wilson8754@example.com,35,Mumbai,2022-06-30
8755,Nina Davis,nina.davis8755@example.com,42,Pune,2021-10-15
8756,Sam Hall,sam.hall8756@example.com,20,Mumbai,2020-02-08
8757,Lena Davis,lena.davis8757@example.com,37,Kolkata,2023-06-08
8758,Ivan Moore,ivan.moore8758@example.com,68,Kolkata,2021-03-06
8759,Judy Taylor,judy.taylor8759@example.com,67,Toronto,2023-01-04
8760,Pam Moore,pam.moore8760@example.com,49,London,2021-11-19
8761,Nina Lee,nina.lee8761@example.com,54,Paris,2025-05-01
8762,Eve Martin,eve.martin8762@example.com,18,Jaipur,2023-04-07
8763,Ivan Lee,ivan.lee8763@example.com,57,Jaipur,2025-01-12
8764,Bob Wilson,bob.wilson8764@example.com,43,Kolkata,2021-05-08
8765,Judy Walker,judy.walker8765@example.com,25,Sydney,2021-03-07
8766,Lena Thomas,lena.thomas8766@example.com,47,Mumbai,2020-09-12
8767,Bob Moore,bob.moore8767@example.com,21,London,2020-09-09
8768,Karl Moore,karl.moore8768@example.com,34,Mumbai,2022-07-20
8769,Heidi Lee,heidi.lee8769@example.com,36,Bangalore,2025-05-22
8770,Ivan Taylor,ivan.taylor8770@example.com,60,London,2024-08-03
8771,Ivan Martin,ivan.martin8771@example.com,52,Mumbai,2020-09-30
8772,Frank Davis,frank.davis8772@example.com,41,Mumbai,2025-05-24
8773,Quinn Davis,quinn.davis8773@example.com,43,Berlin,2020-07-31
8774,Heidi Davis,heidi.davis8774@example.com,35,Chennai,2025-06-02
8775,Pam Miller,pam.miller8775@example.com,24,Toronto,2022-12-29
8776,Karl Hall,karl.hall8776@example.com,59,Sydney,2022-08-15
8777,Grace Thomas,grace.thomas8777@example.com,60,Sydney,2020-11-06
8778,Heidi Walker,heidi.walker8778@example.com,27,Delhi,2022-01-21
8779,Lena Davis,lena.davis8779@example.com,53,New York,2024-09-04
8780,Sam Lee,sam.lee8780@example.com,71,Sydney,2022-09-22
8781,Tina Miller,tina.miller8781@example.com,71,Mumbai,2022-01-11
8782,Quinn Johnson,quinn.johnson8782@example.com,59,Toronto,2022-04-04
8783,Bob Brown,bob.brown8783@example.com,68,Hyderabad,2025-02-06
8784,Quinn Lee,quinn.lee8784@example.com,34,Chennai,2023-08-04
8785,Diana Lee,diana.lee8785@example.com,30,Toronto,2020-12-09
8786,Heidi Taylor,heidi.taylor8786@example.com,65,Kolkata,2023-09-03
8787,Judy Wilson,judy.wilson8787@example.com,18,Berlin,2020-02-07
8788,Oscar Johnson,oscar.johnson8788@example.com,34,Toronto,2024-07-10
8789,Sam Wilson,sam.wilson8789@example.com,58,Kolkata,2020-07-15
8790,Ivan Martin,ivan.martin8790@example.com,49,Chennai,2023-04-23
8791,Pam Martin,pam.martin8791@example.com,69,Pune,2024-08-07
8792,Heidi Miller,heidi.miller8792@example.com,25,Delhi,2021-12-16
8793,Karl Thomas,karl.thomas8793@example.com,39,New York,2022-11-27
8794,Grace Wilson,grace.wilson8794@example.com,36,Sydney,2024-01-02
8795,Mike Smith,mike.smith8795@example.com,25,Mumbai,2020-02-22
8796,Grace Thomas,grace.thomas8796@example.com,70,Toronto,2020-07-25
8797,Alice Johnson,alice.johnson8797@example.com,47,Sydney,2023-06-15
8798,Alice Moore,alice.moore8798@example.com,72,New York,2024-04-01
8799,Diana Wilson,diana.wilson8799@example.com,65,New York,2025-04-09
8800,Mike Wilson,mike.wilson8800@example.com,54,Pune,2023-08-16
8801,Ivan Thomas,ivan.thomas8801@example.com,20,Mumbai,2023-01-17
8802,Nina Martin,nina.martin8802@example.com,56,Paris,2025-04-17
8803,Quinn Davis,quinn.davis8803@example.com,38,Chennai,2020-07-19
8804,Mike Hall,mike.hall8804@example.com,63,Paris,2020-08-12
8805,Lena Thomas,lena.thomas8805@example.com,69,Pune,2021-04-29
8806,Rita Lee,rita.lee8806@example.com,68,Hyderabad,2023-04-13
8807,Nina Wilson,nina.wilson8807@example.com,43,Chennai,2021-05-26
8808,Lena Taylor,lena.taylor8808@example.com,68,Toronto,2022-09-23
8809,Heidi Davis,heidi.davis8809@example.com,74,Chennai,2024-06-17
8810,Lena Martin,lena.martin8810@example.com,51,Bangalore,2022-04-14
8811,Bob Wilson,bob.wilson8811@example.com,21,Mumbai,2020-09-19
8812,Eve Anderson,eve.anderson8812@example.com,52,Tokyo,2021-07-07
8813,Charlie Taylor,charlie.taylor8813@example.com,32,Pune,2021-12-08
8814,Diana Lee,diana.lee8814@example.com,30,Bangalore,2020-01-15
8815,Charlie Miller,charlie.miller8815@example.com,30,New York,2023-05-21
8816,Oscar Hall,oscar.hall8816@example.com,72,Berlin,2020-12-03
8817,Pam Moore,pam.moore8817@example.com,37,Bangalore,2021-04-09
8818,Nina Garcia,nina.garcia8818@example.com,72,Chennai,2025-03-05
8819,Heidi Davis,heidi.davis8819@example.com,48,Kolkata,2024-04-29
8820,Sam Garcia,sam.garcia8820@example.com,46,Pune,2024-08-06
8821,Charlie Martin,charlie.martin8821@example.com,35,Delhi,2025-05-26
8822,Alice Taylor,alice.taylor8822@example.com,63,Pune,2024-10-15
8823,Alice Moore,alice.moore8823@example.com,21,Hyderabad,2022-07-23
8824,Heidi Lee,heidi.lee8824@example.com,41,Pune,2023-07-11
8825,Nina Walker,nina.walker8825@example.com,41,Delhi,2024-07-24
8826,Eve Garcia,eve.garcia8826@example.com,70,New York,2022-11-17
8827,Frank Walker,frank.walker8827@example.com,39,Paris,2025-04-26
8828,Nina Taylor,nina.taylor8828@example.com,75,Kolkata,2022-08-22
8829,Sam Miller,sam.miller8829@example.com,63,Pune,2024-06-26
8830,Charlie Brown,charlie.brown8830@example.com,74,Delhi,2024-11-04
8831,Quinn Garcia,quinn.garcia8831@example.com,45,Bangalore,2020-07-31
8832,Charlie Lee,charlie.lee8832@example.com,26,Chennai,2020-09-20
8833,Grace Lee,grace.lee8833@example.com,69,Paris,2020-06-03
8834,Ivan Moore,ivan.moore8834@example.com,60,Paris,2021-10-22
8835,Frank Lee,frank.lee8835@example.com,42,London,2025-03-05
8836,Diana Thomas,diana.thomas8836@example.com,49,Pune,2023-08-07
8837,Rita Thomas,rita.thomas8837@example.com,69,Paris,2024-09-22
8838,Karl Lee,karl.lee8838@example.com,57,Jaipur,2021-09-18
8839,Mike Lee,mike.lee8839@example.com,66,Sydney,2022-07-13
8840,Ivan Moore,ivan.moore8840@example.com,58,Berlin,2022-02-12
8841,Lena Martin,lena.martin8841@example.com,31,Paris,2022-02-06
8842,Karl Miller,karl.miller8842@example.com,36,Hyderabad,2020-06-05
8843,Diana Anderson,diana.anderson8843@example.com,24,Pune,2024-05-01
8844,Rita Moore,rita.moore8844@example.com,72,Pune,2025-01-27
8845,Karl Johnson,karl.johnson8845@example.com,31,Toronto,2025-03-01
8846,Oscar Taylor,oscar.taylor8846@example.com,50,New York,2023-11-08
8847,Karl Brown,karl.brown8847@example.com,21,Tokyo,2023-02-05
8848,Rita Johnson,rita.johnson8848@example.com,62,Bangalore,2021-03-19
8849,Oscar Walker,oscar.walker8849@example.com,64,Toronto,2022-11-16
8850,Judy Lee,judy.lee8850@example.com,24,Delhi,2024-05-13
8851,Ivan Walker,ivan.walker8851@example.com,49,London,2021-06-16
8852,Mike Moore,mike.moore8852@example.com,26,Paris,2020-02-27
8853,Charlie Miller,charlie.miller8853@example.com,60,Delhi,2021-05-14
8854,Grace Taylor,grace.taylor8854@example.com,38,Berlin,2025-06-19
8855,Bob Hall,bob.hall8855@example.com,24,London,2021-01-13
8856,Oscar Brown,oscar.brown8856@example.com,52,Tokyo,2025-02-09
8857,Mike Smith,mike.smith8857@example.com,30,New York,2022-11-06
8858,Pam Hall,pam.hall8858@example.com,67,Toronto,2025-02-27
8859,Judy Wilson,judy.wilson8859@example.com,48,New York,2024-02-08
8860,Sam Smith,sam.smith8860@example.com,44,Chennai,2023-09-23
8861,Pam Garcia,pam.garcia8861@example.com,24,Delhi,2021-04-30
8862,Oscar Garcia,oscar.garcia8862@example.com,27,Kolkata,2023-05-21
8863,Lena Smith,lena.smith8863@example.com,48,Toronto,2023-09-01
8864,Pam Martin,pam.martin8864@example.com,71,London,2023-07-27
8865,Nina Brown,nina.brown8865@example.com,24,Mumbai,2020-10-28
8866,Bob Miller,bob.miller8866@example.com,52,Delhi,2024-09-27
8867,Quinn Garcia,quinn.garcia8867@example.com,53,New York,2023-09-07
8868,Judy Johnson,judy.johnson8868@example.com,50,Toronto,2024-07-24
8869,Sam Taylor,sam.taylor8869@example.com,20,Tokyo,2024-12-19
8870,Frank Garcia,frank.garcia8870@example.com,72,Berlin,2023-09-02
8871,Karl Lee,karl.lee8871@example.com,43,Berlin,2023-06-13
8872,Nina Wilson,nina.wilson8872@example.com,37,London,2023-04-20
8873,Tina Johnson,tina.johnson8873@example.com,43,New York,2021-10-23
8874,Heidi Thomas,heidi.thomas8874@example.com,61,New York,2022-03-03
8875,Ivan Lee,ivan.lee8875@example.com,69,Bangalore,2020-03-08
8876,Sam Martin,sam.martin8876@example.com,63,Pune,2022-09-23
8877,Alice Taylor,alice.taylor8877@example.com,37,Paris,2021-11-19
8878,Diana Martin,diana.martin8878@example.com,56,Mumbai,2023-10-30
8879,Bob Johnson,bob.johnson8879@example.com,53,London,2024-02-19
8880,Lena Anderson,lena.anderson8880@example.com,54,London,2021-01-19
8881,Mike Anderson,mike.anderson8881@example.com,27,Bangalore,2022-03-12
8882,Oscar Smith,oscar.smith8882@example.com,47,Berlin,2020-12-24
8883,Diana Davis,diana.davis8883@example.com,33,London,2023-05-10
8884,Heidi Moore,heidi.moore8884@example.com,75,Toronto,2024-02-01
8885,Eve Lee,eve.lee8885@example.com,73,Sydney,2025-05-04
8886,Frank Garcia,frank.garcia8886@example.com,68,New York,2020-10-14
8887,Frank Johnson,frank.johnson8887@example.com,45,Bangalore,2024-02-14
8888,Alice Anderson,alice.anderson8888@example.com,63,Delhi,2022-07-21
8889,Lena Lee,lena.lee8889@example.com,35,Delhi,2020-01-22
8890,Eve Walker,eve.walker8890@example.com,71,Hyderabad,2023-05-20
8891,Heidi Taylor,heidi.taylor8891@example.com,67,Sydney,2023-01-21
8892,Heidi Lee,heidi.lee8892@example.com,50,Jaipur,2021-09-02
8893,Grace Moore,grace.moore8893@example.com,71,Bangalore,2023-08-01
8894,Charlie Smith,charlie.smith8894@example.com,44,Sydney,2022-07-07
8895,Heidi Hall,heidi.hall8895@example.com,69,Sydney,2024-10-09
8896,Charlie Wilson,charlie.wilson8896@example.com,37,Sydney,2025-02-23
8897,Ivan Garcia,ivan.garcia8897@example.com,54,Tokyo,2024-04-29
8898,Lena Johnson,lena.johnson8898@example.com,19,Hyderabad,2020-11-29
8899,Charlie Miller,charlie.miller8899@example.com,21,Hyderabad,2024-07-12
8900,Charlie Brown,charlie.brown8900@example.com,52,Tokyo,2021-01-22
8901,Charlie Thomas,charlie.thomas8901@example.com,39,Sydney,2022-11-17
8902,Sam Martin,sam.martin8902@example.com,48,Bangalore,2023-03-30
8903,Alice Hall,alice.hall8903@example.com,32,Sydney,2024-07-12
8904,Tina Wilson,tina.wilson8904@example.com,24,Mumbai,2025-03-17
8905,Pam Johnson,pam.johnson8905@example.com,72,Mumbai,2023-12-03
8906,Alice Taylor,alice.taylor8906@example.com,20,Sydney,2022-04-21
8907,Quinn Wilson,quinn.wilson8907@example.com,21,Hyderabad,2023-03-19
8908,Judy Johnson,judy.johnson8908@example.com,26,Berlin,2025-02-06
8909,Mike Smith,mike.smith8909@example.com,39,London,2025-05-26
8910,Mike Miller,mike.miller8910@example.com,52,Pune,2021-04-19
8911,Rita Thomas,rita.thomas8911@example.com,38,Tokyo,2021-05-04
8912,Oscar Garcia,oscar.garcia8912@example.com,53,Berlin,2020-08-24
8913,Rita Wilson,rita.wilson8913@example.com,66,Jaipur,2022-04-06
8914,Oscar Wilson,oscar.wilson8914@example.com,73,Chennai,2022-06-11
8915,Bob Smith,bob.smith8915@example.com,42,Berlin,2021-04-04
8916,Judy Davis,judy.davis8916@example.com,59,Jaipur,2024-01-03
8917,Sam Lee,sam.lee8917@example.com,63,Mumbai,2023-10-17
8918,Heidi Walker,heidi.walker8918@example.com,23,Chennai,2024-04-10
8919,Pam Lee,pam.lee8919@example.com,33,New York,2021-04-11
8920,Heidi Brown,heidi.brown8920@example.com,34,Bangalore,2024-06-08
8921,Nina Martin,nina.martin8921@example.com,71,Kolkata,2024-01-25
8922,Oscar Davis,oscar.davis8922@example.com,66,Mumbai,2025-01-09
8923,Ivan Walker,ivan.walker8923@example.com,39,London,2024-05-15
8924,Alice Miller,alice.miller8924@example.com,52,Berlin,2025-01-10
8925,Rita Walker,rita.walker8925@example.com,20,Bangalore,2021-09-13
8926,Oscar Martin,oscar.martin8926@example.com,69,Tokyo,2024-09-23
8927,Diana Anderson,diana.anderson8927@example.com,23,Sydney,2022-03-03
8928,Alice Walker,alice.walker8928@example.com,39,Jaipur,2021-08-15
8929,Frank Wilson,frank.wilson8929@example.com,21,Mumbai,2023-05-02
8930,Sam Hall,sam.hall8930@example.com,41,Jaipur,2023-04-02
8931,Judy Lee,judy.lee8931@example.com,48,Toronto,2024-08-30
8932,Diana Johnson,diana.johnson8932@example.com,24,New York,2022-09-18
8933,Sam Wilson,sam.wilson8933@example.com,43,Berlin,2024-12-09
8934,Oscar Davis,oscar.davis8934@example.com,36,Chennai,2024-03-02
8935,Lena Garcia,lena.garcia8935@example.com,39,Mumbai,2020-11-02
8936,Quinn Thomas,quinn.thomas8936@example.com,68,Mumbai,2020-11-06
8937,Frank Garcia,frank.garcia8937@example.com,61,Bangalore,2021-03-06
8938,Judy Anderson,judy.anderson8938@example.com,39,Berlin,2025-04-15
8939,Alice Lee,alice.lee8939@example.com,31,Bangalore,2020-01-22
8940,Tina Anderson,tina.anderson8940@example.com,34,Chennai,2022-02-17
8941,Quinn Walker,quinn.walker8941@example.com,40,Kolkata,2022-05-03
8942,Alice Walker,alice.walker8942@example.com,45,Toronto,2024-01-21
8943,Sam Martin,sam.martin8943@example.com,56,Paris,2025-03-03
8944,Nina Johnson,nina.johnson8944@example.com,31,Delhi,2020-09-27
8945,Nina Lee,nina.lee8945@example.com,53,Mumbai,2020-03-10
8946,Tina Lee,tina.lee8946@example.com,73,Mumbai,2024-12-13
8947,Oscar Hall,oscar.hall8947@example.com,47,Mumbai,2023-05-05
8948,Lena Wilson,lena.wilson8948@example.com,20,Pune,2023-09-01
8949,Grace Thomas,grace.thomas8949@example.com,54,Hyderabad,2024-08-17
8950,Nina Brown,nina.brown8950@example.com,42,Tokyo,2022-10-14
8951,Oscar Thomas,oscar.thomas8951@example.com,29,Hyderabad,2024-03-06
8952,Oscar Johnson,oscar.johnson8952@example.com,60,Pune,2020-06-23
8953,Bob Wilson,bob.wilson8953@example.com,66,Tokyo,2022-01-02
8954,Diana Brown,diana.brown8954@example.com,53,Bangalore,2022-05-09
8955,Frank Brown,frank.brown8955@example.com,60,Pune,2020-03-07
8956,Nina Anderson,nina.anderson8956@example.com,75,Chennai,2025-02-19
8957,Frank Miller,frank.miller8957@example.com,30,Paris,2021-04-19
8958,Grace Moore,grace.moore8958@example.com,67,Tokyo,2020-04-16
8959,Eve Taylor,eve.taylor8959@example.com,57,Bangalore,2025-03-17
8960,Heidi Miller,heidi.miller8960@example.com,35,Toronto,2020-02-16
8961,Mike Walker,mike.walker8961@example.com,63,Hyderabad,2020-02-26
8962,Mike Thomas,mike.thomas8962@example.com,34,Kolkata,2021-04-09
8963,Alice Garcia,alice.garcia8963@example.com,57,Sydney,2023-09-02
8964,Eve Taylor,eve.taylor8964@example.com,39,Mumbai,2023-01-06
8965,Mike Davis,mike.davis8965@example.com,67,Paris,2023-05-11
8966,Judy Johnson,judy.johnson8966@example.com,26,Delhi,2021-12-04
8967,Heidi Wilson,heidi.wilson8967@example.com,63,Jaipur,2020-04-09
8968,Bob Lee,bob.lee8968@example.com,42,Jaipur,2025-04-09
8969,Ivan Miller,ivan.miller8969@example.com,51,Hyderabad,2024-08-22
8970,Rita Davis,rita.davis8970@example.com,36,Delhi,2022-09-07
8971,Karl Taylor,karl.taylor8971@example.com,24,London,2025-05-23
8972,Sam Moore,sam.moore8972@example.com,66,Pune,2024-06-25
8973,Quinn Lee,quinn.lee8973@example.com,18,Berlin,2020-12-07
8974,Lena Davis,lena.davis8974@example.com,37,Hyderabad,2020-10-20
8975,Quinn Lee,quinn.lee8975@example.com,18,Sydney,2021-05-22
8976,Oscar Garcia,oscar.garcia8976@example.com,66,Berlin,2025-06-10
8977,Eve Davis,eve.davis8977@example.com,39,Pune,2020-03-02
8978,Pam Anderson,pam.anderson8978@example.com,73,Toronto,2023-02-01
8979,Quinn Moore,quinn.moore8979@example.com,46,Delhi,2022-03-23
8980,Alice Moore,alice.moore8980@example.com,29,New York,2021-04-13
8981,Sam Brown,sam.brown8981@example.com,28,London,2021-05-25
8982,Charlie Hall,charlie.hall8982@example.com,48,New York,2025-01-21
8983,Charlie Thomas,charlie.thomas8983@example.com,63,Hyderabad,2021-10-29
8984,Rita Garcia,rita.garcia8984@example.com,44,Hyderabad,2021-03-03
8985,Sam Lee,sam.lee8985@example.com,54,Chennai,2020-09-26
8986,Rita Lee,rita.lee8986@example.com,48,Bangalore,2022-12-10
8987,Pam Brown,pam.brown8987@example.com,74,Delhi,2022-10-14
8988,Grace Walker,grace.walker8988@example.com,69,Kolkata,2020-06-05
8989,Ivan Lee,ivan.lee8989@example.com,28,Pune,2021-09-26
8990,Sam Davis,sam.davis8990@example.com,69,Toronto,2020-12-21
8991,Sam Walker,sam.walker8991@example.com,25,Mumbai,2025-02-18
8992,Sam Garcia,sam.garcia8992@example.com,37,Berlin,2020-08-23
8993,Nina Smith,nina.smith8993@example.com,33,Tokyo,2024-04-05
8994,Frank Anderson,frank.anderson8994@example.com,53,Delhi,2020-01-14
8995,Pam Smith,pam.smith8995@example.com,19,Sydney,2020-06-09
8996,Bob Brown,bob.brown8996@example.com,51,Mumbai,2021-10-01
8997,Karl Moore,karl.moore8997@example.com,23,Paris,2025-04-07
8998,Alice Brown,alice.brown8998@example.com,61,Paris,2024-02-05
8999,Alice Johnson,alice.johnson8999@example.com,64,Hyderabad,2022-09-28
9000,Lena Miller,lena.miller9000@example.com,41,Berlin,2020-05-16
9001,Mike Miller,mike.miller9001@example.com,51,Mumbai,2023-06-22
9002,Eve Moore,eve.moore9002@example.com,73,Kolkata,2020-05-19
9003,Bob Walker,bob.walker9003@example.com,74,Berlin,2022-04-11
9004,Nina Brown,nina.brown9004@example.com,73,Mumbai,2021-10-16
9005,Alice Lee,alice.lee9005@example.com,24,Sydney,2020-12-16
9006,Mike Moore,mike.moore9006@example.com,61,Bangalore,2022-07-05
9007,Ivan Miller,ivan.miller9007@example.com,28,Jaipur,2020-04-14
9008,Heidi Walker,heidi.walker9008@example.com,64,Toronto,2020-04-23
9009,Pam Anderson,pam.anderson9009@example.com,67,Sydney,2021-08-21
9010,Rita Hall,rita.hall9010@example.com,69,Tokyo,2021-02-17
9011,Alice Thomas,alice.thomas9011@example.com,41,Delhi,2025-05-04
9012,Pam Brown,pam.brown9012@example.com,75,Tokyo,2023-11-11
9013,Rita Taylor,rita.taylor9013@example.com,43,Delhi,2023-12-19
9014,Alice Garcia,alice.garcia9014@example.com,21,Pune,2020-06-29
9015,Ivan Davis,ivan.davis9015@example.com,46,Bangalore,2020-11-10
9016,Heidi Brown,heidi.brown9016@example.com,43,Mumbai,2020-06-03
9017,Ivan Martin,ivan.martin9017@example.com,60,Delhi,2021-12-01
9018,Quinn Martin,quinn.martin9018@example.com,24,Bangalore,2023-07-22
9019,Oscar Smith,oscar.smith9019@example.com,24,Sydney,2020-03-31
9020,Diana Thomas,diana.thomas9020@example.com,45,Mumbai,2023-06-01
9021,Pam Moore,pam.moore9021@example.com,26,New York,2023-06-18
9022,Eve Davis,eve.davis9022@example.com,22,Bangalore,2020-09-24
9023,Bob Johnson,bob.johnson9023@example.com,72,Delhi,2020-11-12
9024,Rita Martin,rita.martin9024@example.com,64,Sydney,2020-09-15
9025,Heidi Taylor,heidi.taylor9025@example.com,63,Paris,2025-06-08
9026,Sam Wilson,sam.wilson9026@example.com,71,New York,2024-08-29
9027,Ivan Thomas,ivan.thomas9027@example.com,59,Jaipur,2021-02-08
9028,Pam Thomas,pam.thomas9028@example.com,39,Delhi,2020-11-26
9029,Sam Hall,sam.hall9029@example.com,24,Sydney,2023-01-01
9030,Lena Hall,lena.hall9030@example.com,38,Pune,2020-09-12
9031,Charlie Garcia,charlie.garcia9031@example.com,71,Tokyo,2024-06-30
9032,Tina Moore,tina.moore9032@example.com,46,London,2021-08-01
9033,Tina Brown,tina.brown9033@example.com,19,Hyderabad,2024-05-31
9034,Oscar Davis,oscar.davis9034@example.com,71,Hyderabad,2022-07-30
9035,Judy Martin,judy.martin9035@example.com,72,London,2024-06-09
9036,Judy Hall,judy.hall9036@example.com,29,Berlin,2023-02-23
9037,Oscar Walker,oscar.walker9037@example.com,33,Bangalore,2022-04-23
9038,Frank Garcia,frank.garcia9038@example.com,26,Sydney,2023-05-16
9039,Charlie Anderson,charlie.anderson9039@example.com,52,Tokyo,2023-11-20
9040,Charlie Brown,charlie.brown9040@example.com,37,Chennai,2023-03-23
9041,Pam Martin,pam.martin9041@example.com,46,Tokyo,2024-04-04
9042,Nina Martin,nina.martin9042@example.com,68,Mumbai,2022-09-10
9043,Frank Hall,frank.hall9043@example.com,66,Berlin,2021-08-31
9044,Grace Moore,grace.moore9044@example.com,37,Tokyo,2023-07-13
9045,Karl Walker,karl.walker9045@example.com,37,Bangalore,2025-01-10
9046,Oscar Anderson,oscar.anderson9046@example.com,49,Paris,2023-05-21
9047,Mike Davis,mike.davis9047@example.com,48,London,2021-11-22
9048,Mike Lee,mike.lee9048@example.com,63,Jaipur,2021-09-21
9049,Heidi Hall,heidi.hall9049@example.com,51,Jaipur,2023-10-17
9050,Bob Walker,bob.walker9050@example.com,28,Bangalore,2025-02-18
9051,Sam Smith,sam.smith9051@example.com,66,Pune,2021-04-08
9052,Ivan Hall,ivan.hall9052@example.com,52,Chennai,2020-02-08
9053,Judy Brown,judy.brown9053@example.com,36,Mumbai,2023-04-05
9054,Nina Smith,nina.smith9054@example.com,58,New York,2024-01-16
9055,Bob Thomas,bob.thomas9055@example.com,36,New York,2023-05-16
9056,Charlie Garcia,charlie.garcia9056@example.com,62,Sydney,2022-09-16
9057,Heidi Wilson,heidi.wilson9057@example.com,44,Paris,2021-08-12
9058,Frank Garcia,frank.garcia9058@example.com,42,Kolkata,2024-05-14
9059,Eve Brown,eve.brown9059@example.com,41,Berlin,2023-05-01
9060,Eve Hall,eve.hall9060@example.com,20,Tokyo,2022-04-24
9061,Tina Taylor,tina.taylor9061@example.com,21,Bangalore,2024-04-06
9062,Charlie Martin,charlie.martin9062@example.com,35,Hyderabad,2024-08-27
9063,Bob Hall,bob.hall9063@example.com,24,Chennai,2021-11-11
9064,Eve Wilson,eve.wilson9064@example.com,33,London,2025-04-17
9065,Diana Lee,diana.lee9065@example.com,47,Paris,2024-08-05
9066,Frank Garcia,frank.garcia9066@example.com,37,Hyderabad,2020-05-14
9067,Ivan Wilson,ivan.wilson9067@example.com,73,Sydney,2022-05-12
9068,Sam Lee,sam.lee9068@example.com,18,Hyderabad,2020-01-24
9069,Charlie Anderson,charlie.anderson9069@example.com,35,Paris,2025-02-23
9070,Tina Lee,tina.lee9070@example.com,32,Tokyo,2021-11-06
9071,Tina Anderson,tina.anderson9071@example.com,65,Berlin,2022-07-07
9072,Judy Brown,judy.brown9072@example.com,28,Bangalore,2023-01-08
9073,Heidi Walker,heidi.walker9073@example.com,68,Pune,2023-08-18
9074,Karl Thomas,karl.thomas9074@example.com,44,Chennai,2022-04-30
9075,Pam Lee,pam.lee9075@example.com,48,Pune,2025-03-28
9076,Charlie Davis,charlie.davis9076@example.com,33,Jaipur,2023-05-03
9077,Alice Lee,alice.lee9077@example.com,28,Paris,2022-06-02
9078,Frank Martin,frank.martin9078@example.com,37,Mumbai,2024-02-01
9079,Heidi Garcia,heidi.garcia9079@example.com,38,New York,2020-03-28
9080,Grace Brown,grace.brown9080@example.com,56,Bangalore,2020-02-02
9081,Sam Smith,sam.smith9081@example.com,63,Chennai,2020-04-23
9082,Nina Miller,nina.miller9082@example.com,71,Mumbai,2022-04-12
9083,Charlie Walker,charlie.walker9083@example.com,71,Chennai,2021-09-30
9084,Judy Brown,judy.brown9084@example.com,46,Delhi,2022-09-28
9085,Heidi Walker,heidi.walker9085@example.com,65,Kolkata,2021-10-27
9086,Karl Miller,karl.miller9086@example.com,60,New York,2024-01-03
9087,Judy Brown,judy.brown9087@example.com,59,Tokyo,2020-09-12
9088,Mike Thomas,mike.thomas9088@example.com,49,Bangalore,2020-10-21
9089,Bob Martin,bob.martin9089@example.com,45,Mumbai,2025-04-30
9090,Lena Lee,lena.lee9090@example.com,73,Berlin,2025-04-21
9091,Sam Taylor,sam.taylor9091@example.com,57,Tokyo,2021-09-18
9092,Heidi Moore,heidi.moore9092@example.com,54,Toronto,2023-04-18
9093,Alice Miller,alice.miller9093@example.com,38,Jaipur,2021-03-10
9094,Sam Walker,sam.walker9094@example.com,29,Pune,2023-11-11
9095,Lena Brown,lena.brown9095@example.com,50,Mumbai,2023-02-16
9096,Heidi Davis,heidi.davis9096@example.com,47,Tokyo,2021-05-23
9097,Quinn Johnson,quinn.johnson9097@example.com,75,Tokyo,2021-05-19
9098,Alice Hall,alice.hall9098@example.com,48,Tokyo,2021-07-21
9099,Karl Taylor,karl.taylor9099@example.com,58,Hyderabad,2024-09-12
9100,Grace Smith,grace.smith9100@example.com,29,Tokyo,2022-05-16
9101,Judy Johnson,judy.johnson9101@example.com,72,Paris,2020-11-08
9102,Judy Lee,judy.lee9102@example.com,48,Hyderabad,2021-06-03
9103,Alice Moore,alice.moore9103@example.com,54,Delhi,2022-02-05
9104,Grace Martin,grace.martin9104@example.com,70,Mumbai,2020-11-18
9105,Bob Taylor,bob.taylor9105@example.com,32,Sydney,2020-04-01
9106,Karl Hall,karl.hall9106@example.com,22,Toronto,2020-04-08
9107,Eve Taylor,eve.taylor9107@example.com,70,Paris,2021-10-30
9108,Diana Walker,diana.walker9108@example.com,19,Mumbai,2023-12-22
9109,Charlie Davis,charlie.davis9109@example.com,40,Sydney,2022-12-30
9110,Pam Smith,pam.smith9110@example.com,69,Bangalore,2025-05-11
9111,Ivan Moore,ivan.moore9111@example.com,62,New York,2021-07-13
9112,Eve Brown,eve.brown9112@example.com,75,Chennai,2024-08-01
9113,Judy Davis,judy.davis9113@example.com,43,Berlin,2020-05-25
9114,Charlie Thomas,charlie.thomas9114@example.com,57,Paris,2022-01-30
9115,Lena Walker,lena.walker9115@example.com,23,Paris,2021-10-18
9116,Heidi Anderson,heidi.anderson9116@example.com,69,Jaipur,2020-03-13
9117,Pam Lee,pam.lee9117@example.com,51,London,2023-04-15
9118,Charlie Walker,charlie.walker9118@example.com,33,Jaipur,2024-02-09
9119,Lena Hall,lena.hall9119@example.com,19,Sydney,2024-01-05
9120,Heidi Martin,heidi.martin9120@example.com,62,Berlin,2023-06-05
9121,Ivan Hall,ivan.hall9121@example.com,66,London,2023-06-16
9122,Pam Johnson,pam.johnson9122@example.com,39,Kolkata,2022-10-15
9123,Karl Davis,karl.davis9123@example.com,49,London,2025-01-05
9124,Mike Garcia,mike.garcia9124@example.com,69,Tokyo,2020-12-21
9125,Quinn Moore,quinn.moore9125@example.com,59,Paris,2021-07-22
9126,Nina Taylor,nina.taylor9126@example.com,19,Jaipur,2024-05-24
9127,Nina Johnson,nina.johnson9127@example.com,65,Toronto,2020-10-01
9128,Charlie Moore,charlie.moore9128@example.com,60,Jaipur,2023-01-03
9129,Lena Hall,lena.hall9129@example.com,63,Toronto,2021-05-01
9130,Karl Brown,karl.brown9130@example.com,18,Jaipur,2024-05-14
9131,Alice Wilson,alice.wilson9131@example.com,45,London,2021-10-02
9132,Bob Miller,bob.miller9132@example.com,27,New York,2021-10-05
9133,Tina Anderson,tina.anderson9133@example.com,60,Toronto,2022-10-22
9134,Lena Moore,lena.moore9134@example.com,59,Toronto,2023-05-04
9135,Oscar Wilson,oscar.wilson9135@example.com,74,London,2021-09-18
9136,Grace Moore,grace.moore9136@example.com,31,Kolkata,2025-05-28
9137,Nina Smith,nina.smith9137@example.com,50,New York,2024-03-06
9138,Sam Smith,sam.smith9138@example.com,24,New York,2020-06-10
9139,Judy Lee,judy.lee9139@example.com,66,Toronto,2024-02-09
9140,Diana Walker,diana.walker9140@example.com,21,Kolkata,2021-03-19
9141,Tina Brown,tina.brown9141@example.com,49,Jaipur,2022-11-17
9142,Quinn Anderson,quinn.anderson9142@example.com,53,London,2023-01-06
9143,Tina Taylor,tina.taylor9143@example.com,20,Berlin,2024-06-24
9144,Mike Moore,mike.moore9144@example.com,25,Toronto,2025-04-05
9145,Heidi Anderson,heidi.anderson9145@example.com,51,London,2022-04-14
9146,Quinn Wilson,quinn.wilson9146@example.com,63,Delhi,2024-02-11
9147,Lena Johnson,lena.johnson9147@example.com,51,Jaipur,2023-11-03
9148,Lena Hall,lena.hall9148@example.com,44,Hyderabad,2023-05-05
9149,Bob Davis,bob.davis9149@example.com,58,New York,2023-09-15
9150,Sam Garcia,sam.garcia9150@example.com,39,Toronto,2024-04-02
9151,Rita Anderson,rita.anderson9151@example.com,66,Paris,2022-02-17
9152,Pam Brown,pam.brown9152@example.com,51,New York,2020-01-25
9153,Pam Brown,pam.brown9153@example.com,63,Mumbai,2020-11-16
9154,Alice Martin,alice.martin9154@example.com,58,Delhi,2020-08-17
9155,Judy Wilson,judy.wilson9155@example.com,27,Chennai,2021-01-30
9156,Oscar Taylor,oscar.taylor9156@example.com,40,Toronto,2021-08-02
9157,Alice Wilson,alice.wilson9157@example.com,51,Tokyo,2024-01-29
9158,Alice Anderson,alice.anderson9158@example.com,32,New York,2024-04-23
9159,Mike Thomas,mike.thomas9159@example.com,46,Hyderabad,2022-12-01
9160,Tina Thomas,tina.thomas9160@example.com,58,Bangalore,2022-01-30
9161,Diana Moore,diana.moore9161@example.com,34,Sydney,2025-06-23
9162,Judy Thomas,judy.thomas9162@example.com,53,Tokyo,2022-04-23
9163,Oscar Hall,oscar.hall9163@example.com,23,Berlin,2022-03-04
9164,Pam Miller,pam.miller9164@example.com,54,New York,2025-04-16
9165,Nina Garcia,nina.garcia9165@example.com,51,Delhi,2024-01-21
9166,Nina Wilson,nina.wilson9166@example.com,41,London,2024-11-13
9167,Rita Davis,rita.davis9167@example.com,66,Mumbai,2025-01-03
9168,Diana Johnson,diana.johnson9168@example.com,45,Berlin,2021-12-26
9169,Nina Smith,nina.smith9169@example.com,40,Chennai,2023-05-29
9170,Lena Walker,lena.walker9170@example.com,43,Tokyo,2021-09-13
9171,Heidi Hall,heidi.hall9171@example.com,66,London,2022-10-28
9172,Bob Hall,bob.hall9172@example.com,58,Chennai,2022-06-17
9173,Grace Thomas,grace.thomas9173@example.com,27,New York,2024-01-14
9174,Bob Brown,bob.brown9174@example.com,40,Delhi,2024-09-05
9175,Lena Garcia,lena.garcia9175@example.com,39,Pune,2024-06-07
9176,Grace Taylor,grace.taylor9176@example.com,67,Mumbai,2023-12-11
9177,Pam Wilson,pam.wilson9177@example.com,68,Tokyo,2020-02-07
9178,Grace Johnson,grace.johnson9178@example.com,42,Mumbai,2023-11-09
9179,Rita Wilson,rita.wilson9179@example.com,24,Bangalore,2024-05-22
9180,Frank Walker,frank.walker9180@example.com,44,London,2022-01-30
9181,Judy Anderson,judy.anderson9181@example.com,48,Chennai,2020-11-10
9182,Alice Walker,alice.walker9182@example.com,24,Paris,2021-06-21
9183,Bob Brown,bob.brown9183@example.com,41,Jaipur,2021-08-17
9184,Karl Davis,karl.davis9184@example.com,19,Chennai,2020-04-28
9185,Karl Miller,karl.miller9185@example.com,55,New York,2022-11-04
9186,Bob Moore,bob.moore9186@example.com,54,Bangalore,2025-02-23
9187,Rita Walker,rita.walker9187@example.com,31,Bangalore,2024-09-29
9188,Pam Garcia,pam.garcia9188@example.com,58,Mumbai,2021-04-30
9189,Quinn Anderson,quinn.anderson9189@example.com,48,Paris,2021-09-26
9190,Mike Johnson,mike.johnson9190@example.com,43,Tokyo,2020-01-28
9191,Grace Lee,grace.lee9191@example.com,68,Pune,2021-07-31
9192,Heidi Anderson,heidi.anderson9192@example.com,32,Pune,2023-10-06
9193,Bob Smith,bob.smith9193@example.com,19,Bangalore,2020-06-11
9194,Judy Taylor,judy.taylor9194@example.com,38,Paris,2023-06-13
9195,Judy Thomas,judy.thomas9195@example.com,32,New York,2022-10-04
9196,Ivan Johnson,ivan.johnson9196@example.com,46,Bangalore,2023-03-05
9197,Nina Davis,nina.davis9197@example.com,35,Toronto,2024-03-25
9198,Mike Brown,mike.brown9198@example.com,50,Bangalore,2022-10-13
9199,Grace Davis,grace.davis9199@example.com,24,Delhi,2023-05-25
9200,Mike Brown,mike.brown9200@example.com,27,Sydney,2020-11-13
9201,Oscar Lee,oscar.lee9201@example.com,38,Chennai,2022-04-07
9202,Bob Smith,bob.smith9202@example.com,28,Paris,2021-05-26
9203,Bob Brown,bob.brown9203@example.com,32,Hyderabad,2025-05-07
9204,Judy Smith,judy.smith9204@example.com,41,Toronto,2024-03-02
9205,Oscar Wilson,oscar.wilson9205@example.com,72,Jaipur,2025-06-21
9206,Diana Brown,diana.brown9206@example.com,41,London,2023-09-12
9207,Lena Anderson,lena.anderson9207@example.com,54,Kolkata,2020-03-30
9208,Ivan Johnson,ivan.johnson9208@example.com,51,Jaipur,2023-07-12
9209,Frank Lee,frank.lee9209@example.com,73,Delhi,2024-12-12
9210,Alice Davis,alice.davis9210@example.com,22,Toronto,2022-04-04
9211,Nina Smith,nina.smith9211@example.com,63,Delhi,2024-06-28
9212,Diana Walker,diana.walker9212@example.com,29,Tokyo,2023-04-01
9213,Eve Wilson,eve.wilson9213@example.com,51,Delhi,2021-08-24
9214,Ivan Wilson,ivan.wilson9214@example.com,58,Bangalore,2020-03-09
9215,Sam Anderson,sam.anderson9215@example.com,42,Pune,2021-01-31
9216,Nina Johnson,nina.johnson9216@example.com,38,Paris,2022-08-28
9217,Mike Thomas,mike.thomas9217@example.com,38,Jaipur,2023-02-03
9218,Judy Miller,judy.miller9218@example.com,37,Paris,2020-01-31
9219,Eve Brown,eve.brown9219@example.com,69,Berlin,2023-11-22
9220,Rita Brown,rita.brown9220@example.com,34,Delhi,2023-01-19
9221,Mike Taylor,mike.taylor9221@example.com,64,London,2021-05-15
9222,Oscar Taylor,oscar.taylor9222@example.com,47,London,2021-09-06
9223,Lena Smith,lena.smith9223@example.com,32,London,2024-09-11
9224,Diana Hall,diana.hall9224@example.com,52,New York,2023-11-25
9225,Eve Garcia,eve.garcia9225@example.com,61,Toronto,2023-07-16
9226,Sam Lee,sam.lee9226@example.com,25,Hyderabad,2021-06-23
9227,Diana Thomas,diana.thomas9227@example.com,66,Tokyo,2023-10-03
9228,Sam Garcia,sam.garcia9228@example.com,18,Toronto,2020-06-23
9229,Alice Miller,alice.miller9229@example.com,47,Hyderabad,2024-05-21
9230,Charlie Walker,charlie.walker9230@example.com,50,Bangalore,2024-09-02
9231,Diana Walker,diana.walker9231@example.com,24,Jaipur,2023-04-03
9232,Tina Brown,tina.brown9232@example.com,64,Sydney,2024-09-30
9233,Mike Moore,mike.moore9233@example.com,61,Bangalore,2020-10-19
9234,Judy Martin,judy.martin9234@example.com,49,Toronto,2023-02-21
9235,Rita Moore,rita.moore9235@example.com,67,Tokyo,2021-08-15
9236,Charlie Smith,charlie.smith9236@example.com,32,Berlin,2020-06-09
9237,Ivan Johnson,ivan.johnson9237@example.com,30,Pune,2020-05-22
9238,Quinn Johnson,quinn.johnson9238@example.com,25,Jaipur,2024-10-16
9239,Rita Moore,rita.moore9239@example.com,24,Berlin,2020-01-20
9240,Karl Hall,karl.hall9240@example.com,23,Kolkata,2023-12-12
9241,Heidi Brown,heidi.brown9241@example.com,38,Chennai,2020-08-25
9242,Oscar Walker,oscar.walker9242@example.com,55,Chennai,2020-01-05
9243,Judy Miller,judy.miller9243@example.com,46,New York,2022-10-25
9244,Lena Garcia,lena.garcia9244@example.com,18,Bangalore,2024-03-05
9245,Ivan Lee,ivan.lee9245@example.com,21,Pune,2025-01-22
9246,Mike Wilson,mike.wilson9246@example.com,24,Berlin,2023-09-14
9247,Quinn Wilson,quinn.wilson9247@example.com,51,Tokyo,2020-05-21
9248,Alice Taylor,alice.taylor9248@example.com,24,Berlin,2024-07-15
9249,Lena Lee,lena.lee9249@example.com,42,Berlin,2021-10-06
9250,Pam Brown,pam.brown9250@example.com,66,Paris,2022-07-26
9251,Karl Moore,karl.moore9251@example.com,48,Bangalore,2021-07-04
9252,Bob Wilson,bob.wilson9252@example.com,64,Berlin,2020-02-25
9253,Heidi Taylor,heidi.taylor9253@example.com,72,Hyderabad,2022-07-10
9254,Ivan Miller,ivan.miller9254@example.com,57,Chennai,2023-04-04
9255,Tina Hall,tina.hall9255@example.com,51,Mumbai,2020-01-08
9256,Tina Taylor,tina.taylor9256@example.com,33,Bangalore,2020-08-06
9257,Heidi Garcia,heidi.garcia9257@example.com,65,Bangalore,2021-08-14
9258,Charlie Brown,charlie.brown9258@example.com,70,Chennai,2022-04-08
9259,Judy Johnson,judy.johnson9259@example.com,18,Jaipur,2022-02-28
9260,Alice Taylor,alice.taylor9260@example.com,28,Toronto,2024-04-03
9261,Oscar Davis,oscar.davis9261@example.com,32,London,2023-12-10
9262,Rita Smith,rita.smith9262@example.com,40,Mumbai,2025-03-10
9263,Mike Taylor,mike.taylor9263@example.com,23,Chennai,2024-09-09
9264,Bob Johnson,bob.johnson9264@example.com,19,Delhi,2023-05-19
9265,Mike Moore,mike.moore9265@example.com,39,Berlin,2022-04-13
9266,Diana Brown,diana.brown9266@example.com,38,Tokyo,2022-03-22
9267,Bob Garcia,bob.garcia9267@example.com,36,New York,2020-05-05
9268,Ivan Wilson,ivan.wilson9268@example.com,36,Delhi,2022-03-30
9269,Oscar Thomas,oscar.thomas9269@example.com,37,Hyderabad,2023-02-23
9270,Mike Lee,mike.lee9270@example.com,58,Chennai,2023-04-10
9271,Quinn Thomas,quinn.thomas9271@example.com,35,Delhi,2021-05-31
9272,Quinn Johnson,quinn.johnson9272@example.com,47,New York,2025-01-13
9273,Heidi Garcia,heidi.garcia9273@example.com,69,London,2020-02-21
9274,Bob Hall,bob.hall9274@example.com,75,Mumbai,2024-06-22
9275,Oscar Smith,oscar.smith9275@example.com,66,London,2022-06-29
9276,Pam Lee,pam.lee9276@example.com,73,Tokyo,2023-09-01
9277,Pam Davis,pam.davis9277@example.com,54,Hyderabad,2021-09-26
9278,Tina Taylor,tina.taylor9278@example.com,69,Tokyo,2024-07-28
9279,Bob Wilson,bob.wilson9279@example.com,51,London,2020-08-14
9280,Charlie Wilson,charlie.wilson9280@example.com,24,Bangalore,2023-12-11
9281,Nina Walker,nina.walker9281@example.com,21,New York,2021-07-23
9282,Tina Smith,tina.smith9282@example.com,28,Hyderabad,2020-07-09
9283,Ivan Miller,ivan.miller9283@example.com,36,London,2025-04-18
9284,Lena Davis,lena.davis9284@example.com,72,Bangalore,2022-05-16
9285,Oscar Miller,oscar.miller9285@example.com,32,Tokyo,2021-04-22
9286,Quinn Miller,quinn.miller9286@example.com,60,Bangalore,2024-02-04
9287,Nina Martin,nina.martin9287@example.com,39,Sydney,2025-04-09
9288,Frank Taylor,frank.taylor9288@example.com,54,London,2022-09-10
9289,Alice Walker,alice.walker9289@example.com,31,Kolkata,2021-04-24
9290,Lena Taylor,lena.taylor9290@example.com,18,Hyderabad,2025-04-02
9291,Bob Miller,bob.miller9291@example.com,57,Kolkata,2024-06-20
9292,Sam Thomas,sam.thomas9292@example.com,29,Toronto,2023-07-07
9293,Mike Davis,mike.davis9293@example.com,31,Kolkata,2022-03-01
9294,Diana Martin,diana.martin9294@example.com,57,Mumbai,2023-08-19
9295,Oscar Taylor,oscar.taylor9295@example.com,24,Mumbai,2021-03-19
9296,Sam Walker,sam.walker9296@example.com,37,Pune,2022-05-25
9297,Eve Miller,eve.miller9297@example.com,50,Mumbai,2024-01-09
9298,Eve Hall,eve.hall9298@example.com,30,Pune,2024-03-08
9299,Rita Walker,rita.walker9299@example.com,40,Jaipur,2022-12-13
9300,Mike Walker,mike.walker9300@example.com,39,Chennai,2021-05-13
9301,Tina Brown,tina.brown9301@example.com,73,Mumbai,2023-09-11
9302,Mike Anderson,mike.anderson9302@example.com,47,Chennai,2020-07-08
9303,Ivan Martin,ivan.martin9303@example.com,23,Hyderabad,2025-05-17
9304,Heidi Miller,heidi.miller9304@example.com,54,Tokyo,2024-06-08
9305,Diana Hall,diana.hall9305@example.com,66,Mumbai,2025-02-21
9306,Tina Garcia,tina.garcia9306@example.com,46,Hyderabad,2020-03-09
9307,Nina Smith,nina.smith9307@example.com,41,Sydney,2023-02-19
9308,Diana Wilson,diana.wilson9308@example.com,73,Tokyo,2024-08-16
9309,Karl Wilson,karl.wilson9309@example.com,56,Paris,2020-08-30
9310,Diana Garcia,diana.garcia9310@example.com,26,Sydney,2020-02-20
9311,Mike Martin,mike.martin9311@example.com,69,Bangalore,2023-02-15
9312,Tina Taylor,tina.taylor9312@example.com,74,Sydney,2024-03-16
9313,Ivan Garcia,ivan.garcia9313@example.com,37,Toronto,2021-03-03
9314,Sam Anderson,sam.anderson9314@example.com,62,Bangalore,2022-07-06
9315,Alice Johnson,alice.johnson9315@example.com,36,Chennai,2023-07-10
9316,Karl Davis,karl.davis9316@example.com,49,New York,2024-09-30
9317,Heidi Thomas,heidi.thomas9317@example.com,63,Tokyo,2021-05-28
9318,Eve Wilson,eve.wilson9318@example.com,62,Jaipur,2020-07-21
9319,Rita Garcia,rita.garcia9319@example.com,43,Kolkata,2023-04-09
9320,Eve Davis,eve.davis9320@example.com,38,Paris,2023-05-22
9321,Bob Davis,bob.davis9321@example.com,19,Bangalore,2025-03-07
9322,Frank Garcia,frank.garcia9322@example.com,21,New York,2020-04-08
9323,Charlie Lee,charlie.lee9323@example.com,68,Jaipur,2020-08-15
9324,Bob Johnson,bob.johnson9324@example.com,70,Sydney,2022-05-18
9325,Charlie Garcia,charlie.garcia9325@example.com,22,Jaipur,2023-04-13
9326,Oscar Taylor,oscar.taylor9326@example.com,53,Berlin,2024-06-01
9327,Ivan Lee,ivan.lee9327@example.com,65,Bangalore,2023-07-07
9328,Quinn Johnson,quinn.johnson9328@example.com,26,London,2024-10-17
9329,Heidi Smith,heidi.smith9329@example.com,21,Chennai,2024-02-24
9330,Rita Anderson,rita.anderson9330@example.com,26,Chennai,2024-04-13
9331,Grace Anderson,grace.anderson9331@example.com,72,Berlin,2023-09-25
9332,Mike Walker,mike.walker9332@example.com,54,Bangalore,2020-04-14
9333,Rita Walker,rita.walker9333@example.com,43,Mumbai,2020-09-18
9334,Grace Moore,grace.moore9334@example.com,31,London,2020-05-05
9335,Ivan Moore,ivan.moore9335@example.com,34,Delhi,2020-09-12
9336,Pam Moore,pam.moore9336@example.com,74,Mumbai,2025-04-26
9337,Heidi Moore,heidi.moore9337@example.com,44,Jaipur,2025-01-19
9338,Lena Davis,lena.davis9338@example.com,64,Toronto,2020-05-23
9339,Tina Brown,tina.brown9339@example.com,26,London,2024-04-30
9340,Quinn Anderson,quinn.anderson9340@example.com,26,Hyderabad,2020-10-13
9341,Alice Garcia,alice.garcia9341@example.com,31,Pune,2020-06-16
9342,Quinn Martin,quinn.martin9342@example.com,43,Jaipur,2021-08-11
9343,Diana Wilson,diana.wilson9343@example.com,42,London,2023-07-30
9344,Heidi Walker,heidi.walker9344@example.com,19,Paris,2021-01-23
9345,Nina Miller,nina.miller9345@example.com,66,London,2023-11-14
9346,Nina Thomas,nina.thomas9346@example.com,33,Toronto,2022-11-03
9347,Grace Davis,grace.davis9347@example.com,58,Bangalore,2023-04-25
9348,Charlie Garcia,charlie.garcia9348@example.com,72,Mumbai,2022-06-08
9349,Ivan Smith,ivan.smith9349@example.com,71,Tokyo,2020-10-28
9350,Heidi Lee,heidi.lee9350@example.com,54,Chennai,2020-05-18
9351,Sam Martin,sam.martin9351@example.com,32,Chennai,2021-01-02
9352,Karl Brown,karl.brown9352@example.com,68,Hyderabad,2022-12-28
9353,Eve Hall,eve.hall9353@example.com,74,Chennai,2024-07-06
9354,Mike Lee,mike.lee9354@example.com,47,Hyderabad,2020-07-27
9355,Frank Garcia,frank.garcia9355@example.com,74,Bangalore,2021-05-07
9356,Oscar Thomas,oscar.thomas9356@example.com,34,Bangalore,2024-09-28
9357,Tina Thomas,tina.thomas9357@example.com,38,Jaipur,2024-10-27
9358,Frank Hall,frank.hall9358@example.com,29,Sydney,2021-01-13
9359,Tina Garcia,tina.garcia9359@example.com,66,Berlin,2021-06-12
9360,Judy Moore,judy.moore9360@example.com,51,Berlin,2024-04-05
9361,Heidi Lee,heidi.lee9361@example.com,65,Chennai,2022-05-29
9362,Rita Garcia,rita.garcia9362@example.com,50,London,2024-11-21
9363,Diana Johnson,diana.johnson9363@example.com,37,Pune,2025-06-11
9364,Heidi Taylor,heidi.taylor9364@example.com,20,Toronto,2021-06-11
9365,Alice Thomas,alice.thomas9365@example.com,63,Delhi,2020-02-20
9366,Karl Anderson,karl.anderson9366@example.com,49,Mumbai,2020-06-23
9367,Karl Davis,karl.davis9367@example.com,62,Sydney,2023-05-01
9368,Bob Lee,bob.lee9368@example.com,58,Hyderabad,2022-03-06
9369,Frank Lee,frank.lee9369@example.com,48,Delhi,2022-09-07
9370,Tina Smith,tina.smith9370@example.com,28,Hyderabad,2021-12-30
9371,Sam Johnson,sam.johnson9371@example.com,62,Paris,2020-02-02
9372,Ivan Garcia,ivan.garcia9372@example.com,33,Mumbai,2020-12-10
9373,Diana Garcia,diana.garcia9373@example.com,29,Hyderabad,2024-01-23
9374,Mike Garcia,mike.garcia9374@example.com,64,New York,2021-03-19
9375,Eve Taylor,eve.taylor9375@example.com,38,Delhi,2021-08-31
9376,Charlie Anderson,charlie.anderson9376@example.com,68,New York,2020-12-24
9377,Tina Davis,tina.davis9377@example.com,40,Chennai,2023-06-22
9378,Sam Thomas,sam.thomas9378@example.com,49,Mumbai,2024-04-25
9379,Heidi Martin,heidi.martin9379@example.com,47,Hyderabad,2024-06-19
9380,Sam Taylor,sam.taylor9380@example.com,56,Jaipur,2022-01-05
9381,Pam Walker,pam.walker9381@example.com,55,Sydney,2024-04-12
9382,Lena Johnson,lena.johnson9382@example.com,54,Chennai,2024-07-29
9383,Eve Miller,eve.miller9383@example.com,64,Mumbai,2021-07-05
9384,Charlie Johnson,charlie.johnson9384@example.com,22,Mumbai,2023-10-15
9385,Grace Garcia,grace.garcia9385@example.com,47,New York,2021-03-23
9386,Quinn Garcia,quinn.garcia9386@example.com,27,Sydney,2022-03-15
9387,Oscar Walker,oscar.walker9387@example.com,45,London,2020-07-30
9388,Frank Davis,frank.davis9388@example.com,53,Berlin,2024-02-04
9389,Frank Taylor,frank.taylor9389@example.com,31,New York,2024-06-19
9390,Alice Anderson,alice.anderson9390@example.com,20,Sydney,2022-03-25
9391,Heidi Smith,heidi.smith9391@example.com,65,Delhi,2023-12-03
9392,Eve Thomas,eve.thomas9392@example.com,28,Chennai,2021-06-01
9393,Rita Brown,rita.brown9393@example.com,50,Mumbai,2021-04-02
9394,Frank Lee,frank.lee9394@example.com,25,New York,2024-12-23
9395,Pam Moore,pam.moore9395@example.com,63,Delhi,2022-12-10
9396,Grace Johnson,grace.johnson9396@example.com,28,Chennai,2022-06-22
9397,Heidi Martin,heidi.martin9397@example.com,45,Sydney,2024-04-10
9398,Judy Anderson,judy.anderson9398@example.com,40,Paris,2021-01-11
9399,Alice Wilson,alice.wilson9399@example.com,26,New York,2020-05-11
9400,Tina Wilson,tina.wilson9400@example.com,72,New York,2023-02-01
9401,Judy Brown,judy.brown9401@example.com,52,Mumbai,2021-06-02
9402,Charlie Garcia,charlie.garcia9402@example.com,61,Kolkata,2020-11-24
9403,Pam Thomas,pam.thomas9403@example.com,62,Toronto,2024-04-09
9404,Grace Moore,grace.moore9404@example.com,43,Sydney,2020-05-15
9405,Frank Thomas,frank.thomas9405@example.com,64,Kolkata,2021-11-01
9406,Lena Davis,lena.davis9406@example.com,23,Chennai,2023-12-23
9407,Alice Smith,alice.smith9407@example.com,41,Hyderabad,2020-06-14
9408,Bob Anderson,bob.anderson9408@example.com,25,Bangalore,2021-09-13
9409,Rita Lee,rita.lee9409@example.com,34,Kolkata,2020-09-20
9410,Eve Garcia,eve.garcia9410@example.com,74,Paris,2021-03-01
9411,Bob Smith,bob.smith9411@example.com,31,Toronto,2020-01-22
9412,Oscar Brown,oscar.brown9412@example.com,26,Tokyo,2021-10-21
9413,Bob Brown,bob.brown9413@example.com,65,Chennai,2022-12-19
9414,Heidi Smith,heidi.smith9414@example.com,63,Hyderabad,2021-01-24
9415,Ivan Moore,ivan.moore9415@example.com,27,Hyderabad,2024-08-04
9416,Ivan Taylor,ivan.taylor9416@example.com,47,Sydney,2024-07-10
9417,Grace Thomas,grace.thomas9417@example.com,25,Toronto,2024-04-20
9418,Sam Brown,sam.brown9418@example.com,72,Delhi,2020-03-02
9419,Tina Johnson,tina.johnson9419@example.com,73,Toronto,2023-12-23
9420,Mike Taylor,mike.taylor9420@example.com,25,Toronto,2024-09-16
9421,Nina Thomas,nina.thomas9421@example.com,42,Jaipur,2023-02-17
9422,Pam Martin,pam.martin9422@example.com,61,Berlin,2020-01-19
9423,Heidi Taylor,heidi.taylor9423@example.com,72,New York,2021-06-04
9424,Lena Miller,lena.miller9424@example.com,34,London,2025-04-14
9425,Alice Garcia,alice.garcia9425@example.com,24,Toronto,2022-03-11
9426,Ivan Thomas,ivan.thomas9426@example.com,47,New York,2020-03-03
9427,Rita Miller,rita.miller9427@example.com,36,Pune,2024-02-13
9428,Karl Anderson,karl.anderson9428@example.com,19,London,2021-11-05
9429,Diana Wilson,diana.wilson9429@example.com,44,Berlin,2020-10-19
9430,Sam Garcia,sam.garcia9430@example.com,71,Kolkata,2020-12-14
9431,Quinn Smith,quinn.smith9431@example.com,55,Paris,2021-08-28
9432,Diana Johnson,diana.johnson9432@example.com,40,New York,2021-10-12
9433,Alice Moore,alice.moore9433@example.com,57,Pune,2022-04-15
9434,Tina Thomas,tina.thomas9434@example.com,63,Toronto,2020-07-21
9435,Grace Johnson,grace.johnson9435@example.com,39,Jaipur,2020-11-28
9436,Karl Davis,karl.davis9436@example.com,28,Kolkata,2021-05-15
9437,Frank Brown,frank.brown9437@example.com,60,Pune,2023-02-05
9438,Bob Davis,bob.davis9438@example.com,50,Jaipur,2023-01-27
9439,Grace Wilson,grace.wilson9439@example.com,59,Mumbai,2023-07-26
9440,Judy Taylor,judy.taylor9440@example.com,40,Hyderabad,2021-07-09
9441,Bob Martin,bob.martin9441@example.com,72,Kolkata,2021-09-18
9442,Pam Garcia,pam.garcia9442@example.com,29,Sydney,2024-03-08
9443,Grace Thomas,grace.thomas9443@example.com,41,New York,2024-04-29
9444,Diana Johnson,diana.johnson9444@example.com,25,Hyderabad,2021-11-06
9445,Frank Walker,frank.walker9445@example.com,38,Sydney,2022-11-03
9446,Nina Walker,nina.walker9446@example.com,29,Mumbai,2022-07-01
9447,Rita Anderson,rita.anderson9447@example.com,52,Paris,2022-04-03
9448,Bob Taylor,bob.taylor9448@example.com,23,Mumbai,2021-07-19
9449,Rita Thomas,rita.thomas9449@example.com,19,Tokyo,2020-02-10
9450,Ivan Hall,ivan.hall9450@example.com,40,Pune,2025-01-22
9451,Rita Hall,rita.hall9451@example.com,69,Delhi,2020-01-15
9452,Sam Wilson,sam.wilson9452@example.com,25,Jaipur,2023-01-18
9453,Nina Johnson,nina.johnson9453@example.com,69,Hyderabad,2024-10-05
9454,Judy Walker,judy.walker9454@example.com,75,Paris,2020-12-30
9455,Tina Hall,tina.hall9455@example.com,32,Sydney,2025-05-14
9456,Karl Martin,karl.martin9456@example.com,67,Berlin,2023-09-15
9457,Lena Thomas,lena.thomas9457@example.com,74,Paris,2020-04-02
9458,Karl Martin,karl.martin9458@example.com,68,Sydney,2023-02-28
9459,Nina Wilson,nina.wilson9459@example.com,38,Mumbai,2022-10-12
9460,Tina Thomas,tina.thomas9460@example.com,72,London,2020-08-07
9461,Grace Lee,grace.lee9461@example.com,46,Bangalore,2024-06-21
9462,Rita Taylor,rita.taylor9462@example.com,19,Kolkata,2021-09-17
9463,Karl Wilson,karl.wilson9463@example.com,44,Paris,2022-06-24
9464,Ivan Davis,ivan.davis9464@example.com,67,Jaipur,2023-10-30
9465,Diana Johnson,diana.johnson9465@example.com,42,New York,2023-01-30
9466,Sam Hall,sam.hall9466@example.com,72,Sydney,2025-06-05
9467,Quinn Thomas,quinn.thomas9467@example.com,47,Hyderabad,2025-04-26
9468,Bob Lee,bob.lee9468@example.com,66,London,2024-12-03
9469,Lena Moore,lena.moore9469@example.com,28,Paris,2020-08-26
9470,Grace Taylor,grace.taylor9470@example.com,42,Kolkata,2022-12-04
9471,Tina Lee,tina.lee9471@example.com,42,New York,2020-01-16
9472,Quinn Taylor,quinn.taylor9472@example.com,35,Mumbai,2022-06-05
9473,Charlie Brown,charlie.brown9473@example.com,60,Delhi,2023-07-25
9474,Sam Hall,sam.hall9474@example.com,51,Bangalore,2023-06-18
9475,Heidi Smith,heidi.smith9475@example.com,61,Hyderabad,2022-10-12
9476,Ivan Garcia,ivan.garcia9476@example.com,75,London,2024-02-25
9477,Diana Martin,diana.martin9477@example.com,33,Kolkata,2024-09-10
9478,Sam Thomas,sam.thomas9478@example.com,66,Chennai,2022-09-08
9479,Sam Hall,sam.hall9479@example.com,73,Jaipur,2023-05-02
9480,Eve Wilson,eve.wilson9480@example.com,24,Chennai,2025-01-30
9481,Karl Martin,karl.martin9481@example.com,43,Hyderabad,2020-04-09
9482,Heidi Taylor,heidi.taylor9482@example.com,51,Chennai,2022-09-21
9483,Rita Hall,rita.hall9483@example.com,51,Chennai,2021-12-23
9484,Eve Anderson,eve.anderson9484@example.com,41,Kolkata,2023-08-09
9485,Rita Walker,rita.walker9485@example.com,57,Delhi,2022-03-23
9486,Quinn Moore,quinn.moore9486@example.com,24,Delhi,2024-05-02
9487,Ivan Lee,ivan.lee9487@example.com,33,Bangalore,2022-08-15
9488,Mike Martin,mike.martin9488@example.com,33,New York,2023-12-28
9489,Sam Smith,sam.smith9489@example.com,59,New York,2022-08-21
9490,Heidi Wilson,heidi.wilson9490@example.com,55,Berlin,2023-06-14
9491,Sam Thomas,sam.thomas9491@example.com,72,Pune,2025-04-14
9492,Judy Lee,judy.lee9492@example.com,35,Sydney,2022-08-05
9493,Ivan Walker,ivan.walker9493@example.com,69,Berlin,2021-07-21
9494,Diana Walker,diana.walker9494@example.com,20,Mumbai,2022-04-05
9495,Sam Hall,sam.hall9495@example.com,71,Paris,2024-03-03
9496,Nina Brown,nina.brown9496@example.com,42,Chennai,2024-04-28
9497,Karl Miller,karl.miller9497@example.com,59,Tokyo,2021-09-01
9498,Oscar Walker,oscar.walker9498@example.com,40,Bangalore,2020-08-11
9499,Mike Smith,mike.smith9499@example.com,69,Kolkata,2021-06-14
9500,Heidi Davis,heidi.davis9500@example.com,55,Chennai,2025-02-26
9501,Quinn Taylor,quinn.taylor9501@example.com,57,Delhi,2021-11-05
9502,Sam Martin,sam.martin9502@example.com,21,Mumbai,2024-07-21
9503,Tina Martin,tina.martin9503@example.com,68,Bangalore,2025-06-01
9504,Nina Davis,nina.davis9504@example.com,50,Jaipur,2021-10-05
9505,Oscar Anderson,oscar.anderson9505@example.com,66,Tokyo,2025-03-03
9506,Pam Davis,pam.davis9506@example.com,44,Chennai,2024-06-21
9507,Rita Johnson,rita.johnson9507@example.com,42,Mumbai,2022-12-13
9508,Judy Walker,judy.walker9508@example.com,31,Berlin,2023-10-18
9509,Bob Wilson,bob.wilson9509@example.com,71,Kolkata,2021-03-07
9510,Bob Wilson,bob.wilson9510@example.com,59,Chennai,2020-07-19
9511,Oscar Wilson,oscar.wilson9511@example.com,42,London,2024-12-07
9512,Grace Davis,grace.davis9512@example.com,60,New York,2023-08-07
9513,Alice Wilson,alice.wilson9513@example.com,50,Delhi,2021-03-22
9514,Mike Thomas,mike.thomas9514@example.com,28,Paris,2021-01-25
9515,Grace Martin,grace.martin9515@example.com,63,Delhi,2021-10-20
9516,Judy Smith,judy.smith9516@example.com,33,Hyderabad,2021-01-22
9517,Nina Thomas,nina.thomas9517@example.com,55,Bangalore,2021-11-27
9518,Eve Anderson,eve.anderson9518@example.com,39,Chennai,2024-04-17
9519,Bob Martin,bob.martin9519@example.com,29,Tokyo,2020-06-27
9520,Eve Hall,eve.hall9520@example.com,70,Chennai,2024-06-28
9521,Mike Davis,mike.davis9521@example.com,30,Paris,2022-07-28
9522,Heidi Davis,heidi.davis9522@example.com,62,Chennai,2023-12-26
9523,Karl Lee,karl.lee9523@example.com,25,Berlin,2023-06-30
9524,Oscar Brown,oscar.brown9524@example.com,34,Bangalore,2023-11-14
9525,Bob Taylor,bob.taylor9525@example.com,26,Paris,2021-05-18
9526,Ivan Wilson,ivan.wilson9526@example.com,49,London,2021-08-21
9527,Nina Lee,nina.lee9527@example.com,57,Sydney,2024-12-19
9528,Bob Thomas,bob.thomas9528@example.com,33,Kolkata,2022-01-01
9529,Karl Davis,karl.davis9529@example.com,40,Kolkata,2022-07-13
9530,Bob Hall,bob.hall9530@example.com,27,New York,2020-03-24
9531,Nina Johnson,nina.johnson9531@example.com,48,Berlin,2020-05-30
9532,Grace Garcia,grace.garcia9532@example.com,37,Berlin,2025-04-03
9533,Lena Thomas,lena.thomas9533@example.com,35,Pune,2022-08-20
9534,Mike Johnson,mike.johnson9534@example.com,67,Paris,2020-08-08
9535,Rita Thomas,rita.thomas9535@example.com,33,Hyderabad,2023-09-19
9536,Tina Johnson,tina.johnson9536@example.com,58,Paris,2022-09-05
9537,Alice Walker,alice.walker9537@example.com,44,Sydney,2020-03-01
9538,Oscar Martin,oscar.martin9538@example.com,43,London,2025-01-29
9539,Eve Brown,eve.brown9539@example.com,73,Paris,2025-01-30
9540,Rita Moore,rita.moore9540@example.com,33,Chennai,2023-12-25
9541,Alice Davis,alice.davis9541@example.com,42,Berlin,2021-08-03
9542,Nina Anderson,nina.anderson9542@example.com,62,Sydney,2021-05-23
9543,Alice Hall,alice.hall9543@example.com,34,Sydney,2022-01-27
9544,Karl Lee,karl.lee9544@example.com,39,Bangalore,2021-11-12
9545,Bob Brown,bob.brown9545@example.com,44,Tokyo,2023-12-16
9546,Karl Garcia,karl.garcia9546@example.com,18,Mumbai,2022-10-17
9547,Pam Lee,pam.lee9547@example.com,52,Bangalore,2024-06-30
9548,Judy Hall,judy.hall9548@example.com,68,Tokyo,2021-04-20
9549,Eve Wilson,eve.wilson9549@example.com,44,Jaipur,2021-01-27
9550,Sam Martin,sam.martin9550@example.com,56,New York,2021-06-22
9551,Nina Smith,nina.smith9551@example.com,19,Delhi,2020-12-30
9552,Heidi Garcia,heidi.garcia9552@example.com,54,Toronto,2024-01-16
9553,Eve Garcia,eve.garcia9553@example.com,74,Hyderabad,2023-02-26
9554,Alice Brown,alice.brown9554@example.com,61,Paris,2020-11-02
9555,Bob Thomas,bob.thomas9555@example.com,46,Sydney,2025-04-27
9556,Karl Moore,karl.moore9556@example.com,19,Toronto,2020-08-01
9557,Oscar Lee,oscar.lee9557@example.com,56,New York,2022-06-03
9558,Oscar Smith,oscar.smith9558@example.com,64,London,2025-05-12
9559,Karl Moore,karl.moore9559@example.com,24,Paris,2020-03-20
9560,Bob Taylor,bob.taylor9560@example.com,55,Jaipur,2021-03-03
9561,Ivan Miller,ivan.miller9561@example.com,57,New York,2022-07-25
9562,Nina Thomas,nina.thomas9562@example.com,48,Hyderabad,2020-12-01
9563,Diana Garcia,diana.garcia9563@example.com,29,Kolkata,2020-05-31
9564,Rita Moore,rita.moore9564@example.com,30,Chennai,2021-05-01
9565,Heidi Thomas,heidi.thomas9565@example.com,65,Chennai,2024-10-17
9566,Charlie Martin,charlie.martin9566@example.com,56,Paris,2023-03-29
9567,Mike Lee,mike.lee9567@example.com,59,Bangalore,2020-10-27
9568,Diana Smith,diana.smith9568@example.com,72,Sydney,2021-04-04
9569,Alice Wilson,alice.wilson9569@example.com,23,Paris,2020-12-20
9570,Nina Smith,nina.smith9570@example.com,73,New York,2025-01-12
9571,Rita Brown,rita.brown9571@example.com,74,Paris,2022-11-12
9572,Heidi Moore,heidi.moore9572@example.com,47,Mumbai,2024-03-13
9573,Ivan Brown,ivan.brown9573@example.com,47,Pune,2020-04-20
9574,Karl Miller,karl.miller9574@example.com,57,Delhi,2021-10-25
9575,Pam Martin,pam.martin9575@example.com,52,Delhi,2024-12-25
9576,Oscar Lee,oscar.lee9576@example.com,28,Hyderabad,2023-01-26
9577,Eve Smith,eve.smith9577@example.com,43,Tokyo,2020-11-04
9578,Frank Martin,frank.martin9578@example.com,60,Delhi,2024-08-28
9579,Alice Johnson,alice.johnson9579@example.com,28,Toronto,2025-06-21
9580,Sam Anderson,sam.anderson9580@example.com,21,Hyderabad,2021-08-19
9581,Ivan Garcia,ivan.garcia9581@example.com,63,Toronto,2022-01-18
9582,Quinn Thomas,quinn.thomas9582@example.com,38,Paris,2024-02-25
9583,Ivan Wilson,ivan.wilson9583@example.com,44,New York,2024-09-25
9584,Sam Garcia,sam.garcia9584@example.com,70,Kolkata,2024-08-10
9585,Alice Moore,alice.moore9585@example.com,45,Hyderabad,2024-08-27
9586,Ivan Wilson,ivan.wilson9586@example.com,27,Kolkata,2023-07-09
9587,Ivan Hall,ivan.hall9587@example.com,70,Sydney,2020-12-28
9588,Lena Wilson,lena.wilson9588@example.com,31,Mumbai,2023-01-31
9589,Oscar Martin,oscar.martin9589@example.com,34,Mumbai,2022-10-10
9590,Rita Hall,rita.hall9590@example.com,52,Berlin,2020-01-29
9591,Oscar Smith,oscar.smith9591@example.com,69,Kolkata,2023-12-02
9592,Tina Miller,tina.miller9592@example.com,44,Sydney,2022-09-07
9593,Oscar Wilson,oscar.wilson9593@example.com,67,Jaipur,2020-04-18
9594,Nina Johnson,nina.johnson9594@example.com,27,Hyderabad,2023-06-13
9595,Quinn Anderson,quinn.anderson9595@example.com,56,Mumbai,2025-05-06
9596,Eve Anderson,eve.anderson9596@example.com,37,Paris,2022-03-27
9597,Quinn Smith,quinn.smith9597@example.com,68,Bangalore,2020-10-06
9598,Quinn Lee,quinn.lee9598@example.com,27,Hyderabad,2022-04-01
9599,Charlie Martin,charlie.martin9599@example.com,59,Pune,2022-02-12
9600,Ivan Johnson,ivan.johnson9600@example.com,46,New York,2020-01-03
9601,Karl Taylor,karl.taylor9601@example.com,73,Mumbai,2020-06-01
9602,Quinn Garcia,quinn.garcia9602@example.com,20,Sydney,2022-03-03
9603,Mike Anderson,mike.anderson9603@example.com,50,New York,2024-06-15
9604,Grace Johnson,grace.johnson9604@example.com,62,Jaipur,2025-05-27
9605,Mike Garcia,mike.garcia9605@example.com,37,Mumbai,2025-06-08
9606,Sam Walker,sam.walker9606@example.com,41,Chennai,2020-05-11
9607,Eve Wilson,eve.wilson9607@example.com,55,Delhi,2021-01-25
9608,Diana Hall,diana.hall9608@example.com,29,Pune,2024-04-09
9609,Ivan Brown,ivan.brown9609@example.com,53,Chennai,2022-01-09
9610,Heidi Davis,heidi.davis9610@example.com,61,Chennai,2021-07-07
9611,Charlie Walker,charlie.walker9611@example.com,43,Pune,2020-02-06
9612,Charlie Thomas,charlie.thomas9612@example.com,56,London,2023-06-17
9613,Rita Moore,rita.moore9613@example.com,34,Delhi,2020-02-10
9614,Quinn Wilson,quinn.wilson9614@example.com,18,Hyderabad,2023-12-09
9615,Diana Wilson,diana.wilson9615@example.com,18,Kolkata,2022-11-19
9616,Mike Wilson,mike.wilson9616@example.com,73,Hyderabad,2020-07-29
9617,Lena Brown,lena.brown9617@example.com,20,Mumbai,2022-08-15
9618,Diana Martin,diana.martin9618@example.com,21,Mumbai,2024-08-20
9619,Judy Smith,judy.smith9619@example.com,36,Tokyo,2021-04-05
9620,Nina Anderson,nina.anderson9620@example.com,55,Sydney,2024-02-08
9621,Oscar Thomas,oscar.thomas9621@example.com,42,Mumbai,2023-12-03
9622,Eve Moore,eve.moore9622@example.com,36,Toronto,2020-06-19
9623,Bob Davis,bob.davis9623@example.com,22,London,2020-03-12
9624,Sam Hall,sam.hall9624@example.com,18,New York,2023-10-17
9625,Pam Smith,pam.smith9625@example.com,70,London,2022-10-13
9626,Rita Martin,rita.martin9626@example.com,41,New York,2024-01-27
9627,Frank Smith,frank.smith9627@example.com,41,New York,2020-10-31
9628,Lena Moore,lena.moore9628@example.com,36,Bangalore,2022-08-27
9629,Frank Moore,frank.moore9629@example.com,66,Hyderabad,2023-07-07
9630,Heidi Martin,heidi.martin9630@example.com,61,Bangalore,2020-12-25
9631,Bob Johnson,bob.johnson9631@example.com,18,Chennai,2020-12-18
9632,Tina Hall,tina.hall9632@example.com,74,Mumbai,2022-01-16
9633,Tina Lee,tina.lee9633@example.com,56,Mumbai,2021-07-04
9634,Oscar Moore,oscar.moore9634@example.com,62,Chennai,2023-09-21
9635,Karl Moore,karl.moore9635@example.com,32,Jaipur,2023-05-12
9636,Nina Davis,nina.davis9636@example.com,56,Jaipur,2024-03-12
9637,Oscar Martin,oscar.martin9637@example.com,37,Berlin,2024-08-29
9638,Frank Davis,frank.davis9638@example.com,27,Toronto,2023-09-20
9639,Tina Lee,tina.lee9639@example.com,65,Berlin,2023-10-02
9640,Frank Smith,frank.smith9640@example.com,36,London,2022-04-08
9641,Judy Johnson,judy.johnson9641@example.com,40,Pune,2024-01-12
9642,Grace Wilson,grace.wilson9642@example.com,36,New York,2025-04-11
9643,Lena Johnson,lena.johnson9643@example.com,75,Hyderabad,2021-01-19
9644,Heidi Wilson,heidi.wilson9644@example.com,67,Bangalore,2024-04-20
9645,Heidi Walker,heidi.walker9645@example.com,46,Pune,2022-05-17
9646,Mike Martin,mike.martin9646@example.com,54,Pune,2024-05-23
9647,Tina Wilson,tina.wilson9647@example.com,42,Delhi,2020-08-23
9648,Mike Lee,mike.lee9648@example.com,18,Jaipur,2022-12-21
9649,Karl Davis,karl.davis9649@example.com,49,Pune,2020-06-30
9650,Oscar Miller,oscar.miller9650@example.com,56,Chennai,2020-04-05
9651,Lena Anderson,lena.anderson9651@example.com,37,Bangalore,2024-01-21
9652,Mike Anderson,mike.anderson9652@example.com,50,London,2021-07-17
9653,Ivan Thomas,ivan.thomas9653@example.com,57,New York,2022-11-21
9654,Bob Taylor,bob.taylor9654@example.com,70,Pune,2021-11-22
9655,Quinn Garcia,quinn.garcia9655@example.com,28,Berlin,2024-02-13
9656,Bob Moore,bob.moore9656@example.com,40,Mumbai,2021-06-07
9657,Ivan Davis,ivan.davis9657@example.com,19,Bangalore,2023-06-18
9658,Sam Anderson,sam.anderson9658@example.com,45,Tokyo,2021-01-09
9659,Ivan Davis,ivan.davis9659@example.com,66,Tokyo,2021-10-11
9660,Eve Wilson,eve.wilson9660@example.com,65,Bangalore,2020-08-11
9661,Diana Hall,diana.hall9661@example.com,25,London,2023-11-17
9662,Bob Hall,bob.hall9662@example.com,62,Delhi,2022-01-31
9663,Charlie Anderson,charlie.anderson9663@example.com,34,Toronto,2023-10-19
9664,Nina Hall,nina.hall9664@example.com,50,Bangalore,2023-02-08
9665,Karl Thomas,karl.thomas9665@example.com,32,Jaipur,2020-12-05
9666,Charlie Taylor,charlie.taylor9666@example.com,40,Jaipur,2023-03-27
9667,Nina Johnson,nina.johnson9667@example.com,50,Chennai,2021-03-05
9668,Bob Walker,bob.walker9668@example.com,60,Mumbai,2024-01-21
9669,Grace Moore,grace.moore9669@example.com,35,Kolkata,2025-04-02
9670,Rita Smith,rita.smith9670@example.com,74,Pune,2020-03-22
9671,Eve Brown,eve.brown9671@example.com,60,Jaipur,2022-05-07
9672,Ivan Brown,ivan.brown9672@example.com,40,Bangalore,2025-06-05
9673,Pam Moore,pam.moore9673@example.com,26,New York,2021-11-16
9674,Karl Miller,karl.miller9674@example.com,52,Jaipur,2020-12-01
9675,Sam Anderson,sam.anderson9675@example.com,73,Hyderabad,2025-03-13
9676,Pam Hall,pam.hall9676@example.com,68,Delhi,2024-11-05
9677,Diana Martin,diana.martin9677@example.com,57,Paris,2025-06-06
9678,Charlie Walker,charlie.walker9678@example.com,66,Pune,2021-07-31
9679,Pam Moore,pam.moore9679@example.com,34,Bangalore,2024-02-01
9680,Rita Miller,rita.miller9680@example.com,46,Berlin,2022-03-02
9681,Alice Miller,alice.miller9681@example.com,29,Bangalore,2021-05-22
9682,Oscar Johnson,oscar.johnson9682@example.com,48,Kolkata,2023-01-26
9683,Ivan Moore,ivan.moore9683@example.com,48,Pune,2024-12-06
9684,Frank Johnson,frank.johnson9684@example.com,34,Toronto,2020-06-09
9685,Oscar Brown,oscar.brown9685@example.com,49,Sydney,2023-01-01
9686,Bob Lee,bob.lee9686@example.com,35,Sydney,2024-06-27
9687,Eve Thomas,eve.thomas9687@example.com,71,Hyderabad,2021-01-05
9688,Nina Wilson,nina.wilson9688@example.com,73,Jaipur,2022-05-26
9689,Tina Hall,tina.hall9689@example.com,50,Delhi,2023-08-22
9690,Tina Wilson,tina.wilson9690@example.com,55,Delhi,2022-12-10
9691,Oscar Wilson,oscar.wilson9691@example.com,39,Berlin,2021-07-24
9692,Karl Anderson,karl.anderson9692@example.com,34,Hyderabad,2022-07-14
9693,Judy Johnson,judy.johnson9693@example.com,33,Berlin,2020-01-09
9694,Diana Hall,diana.hall9694@example.com,57,Hyderabad,2020-10-05
9695,Sam Martin,sam.martin9695@example.com,31,Toronto,2024-12-28
9696,Alice Martin,alice.martin9696@example.com,39,Bangalore,2022-06-09
9697,Frank Martin,frank.martin9697@example.com,47,Sydney,2023-09-20
9698,Charlie Martin,charlie.martin9698@example.com,55,Tokyo,2021-05-29
9699,Mike Hall,mike.hall9699@example.com,33,Delhi,2023-05-19
9700,Alice Johnson,alice.johnson9700@example.com,27,Jaipur,2021-07-24
9701,Quinn Miller,quinn.miller9701@example.com,68,Berlin,2022-09-07
9702,Tina Taylor,tina.taylor9702@example.com,45,Kolkata,2024-06-02
9703,Lena Garcia,lena.garcia9703@example.com,25,Hyderabad,2024-12-21
9704,Charlie Davis,charlie.davis9704@example.com,44,Delhi,2024-07-03
9705,Mike Brown,mike.brown9705@example.com,63,Paris,2023-12-07
9706,Heidi Walker,heidi.walker9706@example.com,75,New York,2025-06-01
9707,Oscar Smith,oscar.smith9707@example.com,60,Toronto,2021-11-17
9708,Tina Miller,tina.miller9708@example.com,51,New York,2024-11-09
9709,Karl Taylor,karl.taylor9709@example.com,24,Toronto,2020-03-12
9710,Eve Martin,eve.martin9710@example.com,26,Mumbai,2023-07-25
9711,Judy Taylor,judy.taylor9711@example.com,33,New York,2021-03-12
9712,Oscar Moore,oscar.moore9712@example.com,29,Pune,2024-12-17
9713,Pam Johnson,pam.johnson9713@example.com,52,Toronto,2023-07-25
9714,Frank Miller,frank.miller9714@example.com,37,Mumbai,2024-11-21
9715,Lena Garcia,lena.garcia9715@example.com,30,Jaipur,2020-05-08
9716,Diana Brown,diana.brown9716@example.com,58,London,2021-03-05
9717,Rita Martin,rita.martin9717@example.com,18,Mumbai,2023-01-20
9718,Frank Anderson,frank.anderson9718@example.com,75,Mumbai,2023-01-10
9719,Bob Hall,bob.hall9719@example.com,43,Toronto,2020-06-07
9720,Karl Martin,karl.martin9720@example.com,74,Berlin,2021-12-11
9721,Tina Walker,tina.walker9721@example.com,50,Sydney,2022-11-17
9722,Mike Garcia,mike.garcia9722@example.com,32,Sydney,2022-06-05
9723,Karl Martin,karl.martin9723@example.com,71,Berlin,2020-06-12
9724,Quinn Hall,quinn.hall9724@example.com,19,Paris,2023-07-11
9725,Rita Moore,rita.moore9725@example.com,51,Paris,2021-11-24
9726,Eve Johnson,eve.johnson9726@example.com,28,Hyderabad,2023-09-19
9727,Quinn Martin,quinn.martin9727@example.com,52,Toronto,2022-06-05
9728,Sam Smith,sam.smith9728@example.com,38,Jaipur,2025-05-04
9729,Tina Miller,tina.miller9729@example.com,42,Bangalore,2025-03-03
9730,Tina Anderson,tina.anderson9730@example.com,66,Berlin,2020-12-25
9731,Rita Anderson,rita.anderson9731@example.com,74,Paris,2023-11-19
9732,Rita Miller,rita.miller9732@example.com,46,Hyderabad,2020-03-14
9733,Karl Brown,karl.brown9733@example.com,20,Tokyo,2020-06-11
9734,Heidi Walker,heidi.walker9734@example.com,61,Paris,2024-07-26
9735,Tina Anderson,tina.anderson9735@example.com,53,Jaipur,2025-01-26
9736,Oscar Johnson,oscar.johnson9736@example.com,68,Kolkata,2024-03-25
9737,Frank Taylor,frank.taylor9737@example.com,65,Paris,2025-02-22
9738,Alice Taylor,alice.taylor9738@example.com,73,Toronto,2025-04-18
9739,Mike Anderson,mike.anderson9739@example.com,45,Berlin,2020-09-16
9740,Oscar Hall,oscar.hall9740@example.com,73,Kolkata,2022-09-11
9741,Rita Garcia,rita.garcia9741@example.com,26,Toronto,2025-04-18
9742,Rita Martin,rita.martin9742@example.com,60,Pune,2021-11-23
9743,Frank Wilson,frank.wilson9743@example.com,27,Delhi,2022-08-05
9744,Mike Smith,mike.smith9744@example.com,64,Tokyo,2020-11-02
9745,Alice Anderson,alice.anderson9745@example.com,48,Mumbai,2023-02-23
9746,Heidi Walker,heidi.walker9746@example.com,35,Mumbai,2025-06-09
9747,Charlie Martin,charlie.martin9747@example.com,18,Toronto,2021-01-07
9748,Rita Taylor,rita.taylor9748@example.com,70,Tokyo,2021-06-28
9749,Lena Walker,lena.walker9749@example.com,73,Pune,2024-03-29
9750,Lena Wilson,lena.wilson9750@example.com,33,Sydney,2024-12-29
9751,Nina Brown,nina.brown9751@example.com,30,Chennai,2020-09-21
9752,Oscar Wilson,oscar.wilson9752@example.com,59,Kolkata,2024-04-20
9753,Bob Smith,bob.smith9753@example.com,34,Sydney,2021-03-12
9754,Karl Anderson,karl.anderson9754@example.com,40,Kolkata,2023-04-11
9755,Pam Taylor,pam.taylor9755@example.com,21,Paris,2024-05-08
9756,Oscar Taylor,oscar.taylor9756@example.com,65,Chennai,2023-10-02
9757,Eve Brown,eve.brown9757@example.com,53,Sydney,2024-07-28
9758,Oscar Hall,oscar.hall9758@example.com,19,Berlin,2023-12-23
9759,Frank Lee,frank.lee9759@example.com,34,New York,2024-04-12
9760,Eve Davis,eve.davis9760@example.com,39,Sydney,2021-08-17
9761,Nina Anderson,nina.anderson9761@example.com,56,Kolkata,2024-06-05
9762,Heidi Thomas,heidi.thomas9762@example.com,68,Mumbai,2025-01-01
9763,Oscar Moore,oscar.moore9763@example.com,20,Berlin,2020-08-01
9764,Diana Garcia,diana.garcia9764@example.com,48,Delhi,2023-01-05
9765,Charlie Davis,charlie.davis9765@example.com,68,Bangalore,2022-05-12
9766,Judy Garcia,judy.garcia9766@example.com,73,Chennai,2022-07-31
9767,Heidi Anderson,heidi.anderson9767@example.com,43,Jaipur,2024-05-30
9768,Karl Garcia,karl.garcia9768@example.com,56,New York,2021-08-31
9769,Ivan Anderson,ivan.anderson9769@example.com,60,Hyderabad,2025-01-12
9770,Ivan Martin,ivan.martin9770@example.com,60,Toronto,2022-10-19
9771,Heidi Taylor,heidi.taylor9771@example.com,29,Kolkata,2020-12-31
9772,Tina Walker,tina.walker9772@example.com,22,Kolkata,2020-11-29
9773,Judy Anderson,judy.anderson9773@example.com,56,Sydney,2021-12-22
9774,Rita Wilson,rita.wilson9774@example.com,62,Mumbai,2020-02-29
9775,Alice Moore,alice.moore9775@example.com,72,Toronto,2024-12-30
9776,Frank Taylor,frank.taylor9776@example.com,61,Bangalore,2021-06-20
9777,Karl Thomas,karl.thomas9777@example.com,71,Bangalore,2023-10-19
9778,Ivan Brown,ivan.brown9778@example.com,44,Berlin,2020-03-06
9779,Pam Garcia,pam.garcia9779@example.com,19,Chennai,2023-02-10
9780,Tina Davis,tina.davis9780@example.com,31,New York,2020-06-23
9781,Eve Martin,eve.martin9781@example.com,21,Tokyo,2024-10-26
9782,Heidi Thomas,heidi.thomas9782@example.com,50,New York,2023-11-21
9783,Diana Taylor,diana.taylor9783@example.com,64,Delhi,2022-10-18
9784,Charlie Walker,charlie.walker9784@example.com,66,Toronto,2020-10-21
9785,Rita Taylor,rita.taylor9785@example.com,33,Sydney,2022-05-18
9786,Rita Thomas,rita.thomas9786@example.com,21,Sydney,2024-12-29
9787,Rita Lee,rita.lee9787@example.com,22,New York,2023-01-12
9788,Alice Johnson,alice.johnson9788@example.com,41,Jaipur,2021-03-23
9789,Grace Wilson,grace.wilson9789@example.com,35,Jaipur,2024-07-13
9790,Grace Davis,grace.davis9790@example.com,43,Mumbai,2020-02-13
9791,Eve Moore,eve.moore9791@example.com,59,Mumbai,2022-10-02
9792,Frank Anderson,frank.anderson9792@example.com,67,Mumbai,2020-05-25
9793,Karl Hall,karl.hall9793@example.com,42,Sydney,2023-05-30
9794,Nina Moore,nina.moore9794@example.com,57,Sydney,2022-08-05
9795,Sam Moore,sam.moore9795@example.com,75,Berlin,2021-12-24
9796,Pam Davis,pam.davis9796@example.com,54,Sydney,2023-06-06
9797,Sam Davis,sam.davis9797@example.com,41,New York,2024-12-29
9798,Karl Davis,karl.davis9798@example.com,75,Chennai,2021-05-06
9799,Mike Brown,mike.brown9799@example.com,54,Kolkata,2023-07-17
9800,Charlie Wilson,charlie.wilson9800@example.com,25,Berlin,2022-11-18
9801,Lena Hall,lena.hall9801@example.com,74,Jaipur,2021-08-09
9802,Charlie Anderson,charlie.anderson9802@example.com,32,Bangalore,2021-12-07
9803,Frank Martin,frank.martin9803@example.com,38,Paris,2024-02-22
9804,Lena Brown,lena.brown9804@example.com,69,Hyderabad,2020-05-06
9805,Oscar Hall,oscar.hall9805@example.com,60,Pune,2022-12-20
9806,Quinn Brown,quinn.brown9806@example.com,67,Pune,2020-06-01
9807,Mike Moore,mike.moore9807@example.com,38,London,2024-11-24
9808,Charlie Thomas,charlie.thomas9808@example.com,58,Kolkata,2021-01-13
9809,Charlie Miller,charlie.miller9809@example.com,71,Hyderabad,2022-02-05
9810,Pam Miller,pam.miller9810@example.com,63,Berlin,2021-10-16
9811,Eve Smith,eve.smith9811@example.com,69,Tokyo,2020-03-23
9812,Eve Wilson,eve.wilson9812@example.com,58,Toronto,2024-04-15
9813,Tina Hall,tina.hall9813@example.com,34,Mumbai,2021-02-18
9814,Alice Anderson,alice.anderson9814@example.com,64,Pune,2023-01-25
9815,Eve Miller,eve.miller9815@example.com,21,Tokyo,2024-08-11
9816,Lena Moore,lena.moore9816@example.com,72,Tokyo,2020-12-18
9817,Charlie Lee,charlie.lee9817@example.com,28,Kolkata,2021-08-05
9818,Judy Smith,judy.smith9818@example.com,65,Kolkata,2020-12-20
9819,Sam Taylor,sam.taylor9819@example.com,67,Toronto,2021-04-23
9820,Judy Moore,judy.moore9820@example.com,71,Pune,2024-05-28
9821,Alice Thomas,alice.thomas9821@example.com,34,London,2020-12-26
9822,Charlie Walker,charlie.walker9822@example.com,53,Hyderabad,2020-03-20
9823,Lena Martin,lena.martin9823@example.com,71,Chennai,2020-12-03
9824,Lena Wilson,lena.wilson9824@example.com,54,Sydney,2023-04-08
9825,Sam Smith,sam.smith9825@example.com,63,New York,2021-08-01
9826,Pam Thomas,pam.thomas9826@example.com,34,London,2020-10-06
9827,Heidi Hall,heidi.hall9827@example.com,27,Sydney,2021-09-11
9828,Nina Smith,nina.smith9828@example.com,23,Delhi,2025-01-17
9829,Tina Johnson,tina.johnson9829@example.com,68,London,2021-02-21
9830,Judy Martin,judy.martin9830@example.com,64,Tokyo,2021-06-20
9831,Quinn Martin,quinn.martin9831@example.com,41,Mumbai,2020-05-20
9832,Grace Taylor,grace.taylor9832@example.com,56,Pune,2023-11-05
9833,Tina Garcia,tina.garcia9833@example.com,62,Paris,2025-01-01
9834,Oscar Garcia,oscar.garcia9834@example.com,52,Toronto,2020-06-27
9835,Frank Wilson,frank.wilson9835@example.com,33,Berlin,2024-08-05
9836,Eve Johnson,eve.johnson9836@example.com,67,London,2020-11-04
9837,Alice Lee,alice.lee9837@example.com,28,Bangalore,2020-06-25
9838,Grace Anderson,grace.anderson9838@example.com,23,Tokyo,2020-03-21
9839,Charlie Miller,charlie.miller9839@example.com,55,Jaipur,2021-09-17
9840,Rita Smith,rita.smith9840@example.com,28,Bangalore,2022-12-12
9841,Tina Smith,tina.smith9841@example.com,53,Delhi,2023-08-13
9842,Quinn Martin,quinn.martin9842@example.com,22,Bangalore,2022-02-16
9843,Nina Miller,nina.miller9843@example.com,69,Sydney,2020-11-19
9844,Grace Johnson,grace.johnson9844@example.com,70,Bangalore,2020-08-08
9845,Sam Walker,sam.walker9845@example.com,55,New York,2022-11-16
9846,Eve Johnson,eve.johnson9846@example.com,60,Tokyo,2021-01-28
9847,Karl Garcia,karl.garcia9847@example.com,53,Kolkata,2024-07-30
9848,Grace Johnson,grace.johnson9848@example.com,46,Paris,2021-04-23
9849,Nina Hall,nina.hall9849@example.com,73,Chennai,2022-03-27
9850,Pam Smith,pam.smith9850@example.com,37,Hyderabad,2023-12-28
9851,Charlie Hall,charlie.hall9851@example.com,48,London,2020-01-24
9852,Grace Martin,grace.martin9852@example.com,53,Hyderabad,2023-02-27
9853,Charlie Thomas,charlie.thomas9853@example.com,25,Hyderabad,2022-11-02
9854,Pam Miller,pam.miller9854@example.com,20,Sydney,2024-07-23
9855,Alice Johnson,alice.johnson9855@example.com,33,Kolkata,2021-02-25
9856,Frank Smith,frank.smith9856@example.com,66,Hyderabad,2021-05-24
9857,Ivan Lee,ivan.lee9857@example.com,34,Bangalore,2022-01-23
9858,Nina Smith,nina.smith9858@example.com,49,London,2021-06-08
9859,Quinn Wilson,quinn.wilson9859@example.com,67,Toronto,2021-12-07
9860,Bob Walker,bob.walker9860@example.com,63,Mumbai,2022-07-18
9861,Lena Lee,lena.lee9861@example.com,63,Paris,2022-01-03
9862,Oscar Brown,oscar.brown9862@example.com,32,London,2024-08-17
9863,Mike Lee,mike.lee9863@example.com,65,Tokyo,2020-08-28
9864,Mike Smith,mike.smith9864@example.com,71,Tokyo,2023-09-18
9865,Pam Moore,pam.moore9865@example.com,50,Kolkata,2020-06-06
9866,Charlie Moore,charlie.moore9866@example.com,72,Chennai,2024-03-04
9867,Bob Davis,bob.davis9867@example.com,67,Hyderabad,2023-11-14
9868,Oscar Walker,oscar.walker9868@example.com,19,Tokyo,2024-04-04
9869,Sam Thomas,sam.thomas9869@example.com,42,Jaipur,2024-04-29
9870,Grace Smith,grace.smith9870@example.com,45,Toronto,2024-11-16
9871,Oscar Smith,oscar.smith9871@example.com,18,Sydney,2023-05-01
9872,Tina Miller,tina.miller9872@example.com,43,Hyderabad,2023-05-08
9873,Mike Garcia,mike.garcia9873@example.com,61,Bangalore,2021-05-17
9874,Eve Lee,eve.lee9874@example.com,33,Tokyo,2023-11-14
9875,Oscar Smith,oscar.smith9875@example.com,19,Mumbai,2020-08-09
9876,Karl Anderson,karl.anderson9876@example.com,70,New York,2024-05-19
9877,Alice Thomas,alice.thomas9877@example.com,49,Jaipur,2025-02-12
9878,Charlie Miller,charlie.miller9878@example.com,59,New York,2023-02-19
9879,Nina Taylor,nina.taylor9879@example.com,33,Paris,2021-03-18
9880,Judy Taylor,judy.taylor9880@example.com,72,New York,2024-06-24
9881,Mike Davis,mike.davis9881@example.com,74,Delhi,2024-05-12
9882,Pam Miller,pam.miller9882@example.com,36,Hyderabad,2023-11-26
9883,Rita Martin,rita.martin9883@example.com,51,Delhi,2021-01-29
9884,Tina Hall,tina.hall9884@example.com,59,Paris,2021-05-13
9885,Oscar Davis,oscar.davis9885@example.com,56,Kolkata,2020-01-11
9886,Sam Wilson,sam.wilson9886@example.com,29,Paris,2022-12-10
9887,Karl Hall,karl.hall9887@example.com,52,Jaipur,2023-11-19
9888,Eve Moore,eve.moore9888@example.com,41,Delhi,2025-04-20
9889,Karl Martin,karl.martin9889@example.com,35,Sydney,2021-10-09
9890,Diana Taylor,diana.taylor9890@example.com,57,Pune,2020-08-22
9891,Sam Garcia,sam.garcia9891@example.com,68,New York,2025-05-27
9892,Grace Hall,grace.hall9892@example.com,37,Delhi,2024-10-31
9893,Frank Lee,frank.lee9893@example.com,66,Tokyo,2022-05-27
9894,Pam Anderson,pam.anderson9894@example.com,53,Hyderabad,2021-02-26
9895,Rita Martin,rita.martin9895@example.com,49,Tokyo,2022-03-22
9896,Sam Walker,sam.walker9896@example.com,58,Tokyo,2020-10-24
9897,Heidi Anderson,heidi.anderson9897@example.com,19,New York,2021-06-12
9898,Heidi Garcia,heidi.garcia9898@example.com,34,Mumbai,2022-01-15
9899,Quinn Miller,quinn.miller9899@example.com,44,Toronto,2025-01-14
9900,Ivan Anderson,ivan.anderson9900@example.com,45,Kolkata,2022-09-09
9901,Ivan Johnson,ivan.johnson9901@example.com,43,Tokyo,2022-10-02
9902,Charlie Brown,charlie.brown9902@example.com,20,Toronto,2021-04-11
9903,Diana Wilson,diana.wilson9903@example.com,39,Sydney,2024-12-28
9904,Frank Thomas,frank.thomas9904@example.com,46,Mumbai,2022-03-29
9905,Bob Johnson,bob.johnson9905@example.com,34,Sydney,2022-11-17
9906,Judy Smith,judy.smith9906@example.com,50,London,2020-08-15
9907,Ivan Miller,ivan.miller9907@example.com,69,London,2022-01-27
9908,Oscar Brown,oscar.brown9908@example.com,52,London,2023-12-18
9909,Judy Martin,judy.martin9909@example.com,31,Kolkata,2022-02-15
9910,Charlie Johnson,charlie.johnson9910@example.com,44,Delhi,2022-02-19
9911,Diana Johnson,diana.johnson9911@example.com,37,Toronto,2025-02-21
9912,Alice Walker,alice.walker9912@example.com,30,Hyderabad,2022-02-07
9913,Charlie Johnson,charlie.johnson9913@example.com,51,Bangalore,2020-12-06
9914,Mike Martin,mike.martin9914@example.com,65,New York,2024-05-21
9915,Karl Davis,karl.davis9915@example.com,39,Kolkata,2023-07-15
9916,Ivan Garcia,ivan.garcia9916@example.com,40,Hyderabad,2021-06-12
9917,Frank Martin,frank.martin9917@example.com,43,Delhi,2025-06-09
9918,Heidi Garcia,heidi.garcia9918@example.com,50,Pune,2021-06-07
9919,Heidi Wilson,heidi.wilson9919@example.com,46,London,2021-06-30
9920,Alice Taylor,alice.taylor9920@example.com,36,Hyderabad,2024-06-24
9921,Ivan Moore,ivan.moore9921@example.com,61,Sydney,2021-07-29
9922,Karl Walker,karl.walker9922@example.com,54,Sydney,2023-10-13
9923,Nina Lee,nina.lee9923@example.com,45,New York,2020-01-19
9924,Heidi Smith,heidi.smith9924@example.com,72,London,2020-07-08
9925,Tina Garcia,tina.garcia9925@example.com,59,Paris,2020-11-07
9926,Pam Lee,pam.lee9926@example.com,27,Tokyo,2025-06-06
9927,Quinn Garcia,quinn.garcia9927@example.com,69,Bangalore,2022-08-23
9928,Ivan Moore,ivan.moore9928@example.com,26,Kolkata,2020-07-21
9929,Oscar Martin,oscar.martin9929@example.com,73,Pune,2021-03-01
9930,Mike Lee,mike.lee9930@example.com,51,Tokyo,2022-12-31
9931,Lena Moore,lena.moore9931@example.com,68,Jaipur,2020-04-23
9932,Sam Davis,sam.davis9932@example.com,71,Chennai,2023-07-16
9933,Oscar Smith,oscar.smith9933@example.com,68,Bangalore,2021-01-31
9934,Ivan Smith,ivan.smith9934@example.com,67,Kolkata,2023-05-23
9935,Sam Johnson,sam.johnson9935@example.com,44,Chennai,2025-02-24
9936,Lena Smith,lena.smith9936@example.com,52,London,2020-05-22
9937,Grace Garcia,grace.garcia9937@example.com,69,Kolkata,2024-06-07
9938,Ivan Walker,ivan.walker9938@example.com,75,Pune,2024-05-03
9939,Alice Taylor,alice.taylor9939@example.com,35,Jaipur,2022-12-16
9940,Ivan Anderson,ivan.anderson9940@example.com,35,Tokyo,2024-11-20
9941,Pam Walker,pam.walker9941@example.com,47,New York,2020-02-01
9942,Nina Brown,nina.brown9942@example.com,69,Mumbai,2025-03-15
9943,Sam Davis,sam.davis9943@example.com,63,Chennai,2023-03-26
9944,Karl Hall,karl.hall9944@example.com,63,London,2021-09-16
9945,Frank Thomas,frank.thomas9945@example.com,40,Berlin,2021-08-06
9946,Tina Martin,tina.martin9946@example.com,42,Toronto,2023-03-25
9947,Karl Miller,karl.miller9947@example.com,26,Jaipur,2020-06-22
9948,Pam Walker,pam.walker9948@example.com,62,Kolkata,2025-06-07
9949,Lena Walker,lena.walker9949@example.com,45,Paris,2022-08-30
9950,Karl Brown,karl.brown9950@example.com,50,New York,2025-06-03
9951,Alice Johnson,alice.johnson9951@example.com,44,Hyderabad,2024-02-29
9952,Charlie Moore,charlie.moore9952@example.com,46,Tokyo,2021-07-08
9953,Judy Wilson,judy.wilson9953@example.com,55,Chennai,2024-05-22
9954,Judy Martin,judy.martin9954@example.com,66,Sydney,2023-04-13
9955,Frank Taylor,frank.taylor9955@example.com,38,Chennai,2020-08-28
9956,Nina Martin,nina.martin9956@example.com,31,Delhi,2021-04-11
9957,Frank Garcia,frank.garcia9957@example.com,35,Hyderabad,2024-02-08
9958,Quinn Thomas,quinn.thomas9958@example.com,49,Kolkata,2020-07-05
9959,Bob Smith,bob.smith9959@example.com,23,Mumbai,2020-01-27
9960,Oscar Anderson,oscar.anderson9960@example.com,24,Paris,2023-10-30
9961,Tina Miller,tina.miller9961@example.com,58,Chennai,2021-11-22
9962,Oscar Garcia,oscar.garcia9962@example.com,22,Kolkata,2024-02-21
9963,Heidi Smith,heidi.smith9963@example.com,72,Berlin,2024-11-24
9964,Sam Miller,sam.miller9964@example.com,53,Berlin,2020-07-03
9965,Judy Brown,judy.brown9965@example.com,58,Kolkata,2024-12-29
9966,Heidi Davis,heidi.davis9966@example.com,63,Sydney,2024-05-03
9967,Eve Lee,eve.lee9967@example.com,74,Jaipur,2024-12-31
9968,Rita Taylor,rita.taylor9968@example.com,58,Tokyo,2022-09-16
9969,Frank Moore,frank.moore9969@example.com,52,Pune,2022-08-24
9970,Lena Walker,lena.walker9970@example.com,43,Chennai,2022-10-04
9971,Sam Anderson,sam.anderson9971@example.com,25,Chennai,2021-03-02
9972,Bob Hall,bob.hall9972@example.com,26,Toronto,2024-12-18
9973,Karl Garcia,karl.garcia9973@example.com,35,Chennai,2022-07-23
9974,Pam Johnson,pam.johnson9974@example.com,70,London,2021-11-30
9975,Quinn Anderson,quinn.anderson9975@example.com,26,Hyderabad,2024-02-01
9976,Charlie Walker,charlie.walker9976@example.com,51,Jaipur,2025-05-20
9977,Oscar Smith,oscar.smith9977@example.com,61,Hyderabad,2022-12-04
9978,Tina Miller,tina.miller9978@example.com,22,Hyderabad,2024-01-17
9979,Alice Wilson,alice.wilson9979@example.com,64,Bangalore,2020-09-04
9980,Diana Garcia,diana.garcia9980@example.com,25,London,2021-09-07
9981,Mike Miller,mike.miller9981@example.com,34,Toronto,2023-12-30
9982,Charlie Johnson,charlie.johnson9982@example.com,55,Jaipur,2022-10-30
9983,Heidi Smith,heidi.smith9983@example.com,66,Bangalore,2022-07-25
9984,Lena Lee,lena.lee9984@example.com,37,Paris,2024-02-07
9985,Judy Walker,judy.walker9985@example.com,49,Tokyo,2025-05-19
9986,Quinn Hall,quinn.hall9986@example.com,52,Jaipur,2023-08-27
9987,Karl Martin,karl.martin9987@example.com,29,Tokyo,2022-10-14
9988,Pam Miller,pam.miller9988@example.com,53,Chennai,2024-09-13
9989,Pam Wilson,pam.wilson9989@example.com,18,New York,2022-08-18
9990,Rita Anderson,rita.anderson9990@example.com,74,London,2023-07-19
9991,Eve Davis,eve.davis9991@example.com,33,Paris,2021-11-15
9992,Diana Brown,diana.brown9992@example.com,23,Pune,2023-08-23
9993,Rita Walker,rita.walker9993@example.com,19,Delhi,2025-06-07
9994,Frank Lee,frank.lee9994@example.com,28,Toronto,2022-09-16
9995,Sam Thomas,sam.thomas9995@example.com,21,Bangalore,2022-04-17
9996,Mike Garcia,mike.garcia9996@example.com,64,New York,2020-10-30
9997,Rita Garcia,rita.garcia9997@example.com,41,Hyderabad,2024-01-12
9998,Grace Anderson,grace.anderson9998@example.com,31,Jaipur,2023-03-15
9999,Lena Wilson,lena.wilson9999@example.com,22,Toronto,2021-09-21
10000,Mike Lee,mike.lee10000@example.com,70,Chennai,2022-12-20
